timestamp,temperature,humidity,occupancy,hvac_kw,refrigeration_kw,water_heater_kw,ev_charger_kw,lighting_sockets_kw,solar_generation_kw,total_consumption_kw
2025-01-01 00:00:00,2.52,90.05,1.0,4.5,0.142,0.106,7.821,0.207,0.0,12.777
2025-01-01 01:00:00,1.07,79.32,1.3,4.5,0.25,0.111,7.248,0.225,0.0,12.335
2025-01-01 02:00:00,2.08,80.06,0.7,4.5,0.1,0.114,6.817,0.206,0.0,11.737
2025-01-01 03:00:00,3.56,88.69,1.7,4.5,0.127,0.092,0.0,0.247,0.0,4.967
2025-01-01 04:00:00,1.43,84.87,0.2,4.441,0.231,0.101,0.0,0.127,0.0,4.9
2025-01-01 05:00:00,2.22,81.97,1.6,4.5,0.1,0.107,0.0,0.184,0.0,4.89
2025-01-01 06:00:00,5.98,88.08,2.5,4.5,0.112,1.893,0.0,0.611,0.0,7.116
2025-01-01 07:00:00,5.96,82.49,2.9,4.5,0.207,1.956,0.0,0.611,0.365,7.273
2025-01-01 08:00:00,5.4,80.26,2.6,4.5,0.1,1.994,0.0,0.554,0.63,7.148
2025-01-01 09:00:00,8.21,82.35,2.6,3.962,0.163,0.084,0.0,0.204,0.903,4.413
2025-01-01 10:00:00,7.91,75.12,1.2,3.319,0.25,0.087,0.0,0.268,0.735,3.924
2025-01-01 11:00:00,8.94,83.6,1.3,3.232,0.1,0.109,0.0,0.153,0.699,3.594
2025-01-01 12:00:00,10.8,70.86,0.9,2.561,0.152,0.099,0.0,0.136,0.222,2.949
2025-01-01 13:00:00,8.07,77.49,1.4,3.51,0.241,0.097,0.0,0.165,0.0,4.014
2025-01-01 14:00:00,8.52,81.17,0.6,2.969,0.1,0.098,0.0,0.195,0.0,3.362
2025-01-01 15:00:00,10.09,67.32,1.0,2.84,0.146,0.095,0.0,0.197,0.0,3.278
2025-01-01 16:00:00,8.92,73.09,1.3,3.184,0.278,0.104,0.0,0.225,0.0,3.791
2025-01-01 17:00:00,10.11,81.47,3.4,3.688,0.1,0.093,0.0,1.47,0.0,5.351
2025-01-01 18:00:00,7.24,82.79,3.2,4.426,0.157,0.105,0.0,1.351,0.0,6.039
2025-01-01 19:00:00,5.28,77.59,2.8,4.5,0.214,1.322,6.863,1.3,0.0,14.198
2025-01-01 20:00:00,8.31,76.33,3.4,4.26,0.1,1.655,7.77,1.48,0.0,15.265
2025-01-01 21:00:00,4.47,86.33,2.7,4.5,0.163,1.669,7.471,1.262,0.0,15.065
2025-01-01 22:00:00,3.71,88.92,3.7,4.5,0.259,0.103,7.359,1.372,0.0,13.593
2025-01-01 23:00:00,0.43,78.42,3.0,4.5,0.1,0.095,7.233,1.259,0.0,13.188
2025-01-02 00:00:00,0.93,79.18,0.4,4.5,0.147,0.081,0.0,0.214,0.0,4.942
2025-01-02 01:00:00,1.42,86.92,0.5,4.5,0.233,0.085,0.0,0.103,0.0,4.921
2025-01-02 02:00:00,-0.65,89.15,1.0,4.5,0.1,0.083,0.0,0.1,0.0,4.783
2025-01-02 03:00:00,1.81,84.3,1.1,4.5,0.152,0.08,0.0,0.141,0.0,4.873
2025-01-02 04:00:00,0.85,88.59,1.8,4.5,0.262,0.109,0.0,0.245,0.0,5.115
2025-01-02 05:00:00,2.11,80.69,0.6,4.5,0.1,0.118,0.0,0.197,0.0,4.915
2025-01-02 06:00:00,2.68,72.43,2.5,4.5,0.165,1.448,0.0,0.593,0.0,6.706
2025-01-02 07:00:00,7.57,79.43,2.1,3.754,0.277,1.521,0.0,0.62,0.311,6.172
2025-01-02 08:00:00,6.06,80.32,2.3,4.361,0.1,2.06,0.0,0.615,0.616,7.135
2025-01-02 09:00:00,5.79,77.07,3.2,4.5,0.141,0.108,0.0,0.262,0.783,5.011
2025-01-02 10:00:00,9.81,71.21,0.5,2.829,0.236,0.096,0.0,0.166,0.81,3.327
2025-01-02 11:00:00,7.79,66.68,1.2,3.665,0.1,0.12,0.0,0.232,0.684,4.117
2025-01-02 12:00:00,10.72,72.23,1.2,2.688,0.131,0.103,0.0,0.222,0.312,3.144
2025-01-02 13:00:00,7.97,78.69,1.0,3.293,0.202,0.107,0.0,0.166,0.0,3.768
2025-01-02 14:00:00,9.09,80.28,1.2,3.06,0.1,0.106,0.0,0.227,0.0,3.493
2025-01-02 15:00:00,11.21,80.14,0.5,2.41,0.168,0.089,0.0,0.133,0.0,2.801
2025-01-02 16:00:00,11.52,70.72,1.7,2.825,0.252,0.1,0.0,0.212,0.0,3.388
2025-01-02 17:00:00,9.87,69.99,3.8,4.011,0.1,0.089,0.0,1.423,0.0,5.623
2025-01-02 18:00:00,8.41,79.48,3.0,4.139,0.154,0.1,0.0,1.266,0.0,5.66
2025-01-02 19:00:00,6.92,81.62,4.0,4.5,0.264,1.218,0.0,1.442,0.0,7.424
2025-01-02 20:00:00,3.86,82.0,2.8,4.5,0.1,1.429,0.0,1.285,0.0,7.314
2025-01-02 21:00:00,3.71,71.48,3.2,4.5,0.147,1.423,0.0,1.252,0.0,7.322
2025-01-02 22:00:00,2.89,78.67,3.6,4.5,0.242,0.092,0.0,1.381,0.0,6.215
2025-01-02 23:00:00,4.13,84.09,2.8,4.5,0.1,0.083,0.0,1.361,0.0,6.045
2025-01-03 00:00:00,2.24,87.63,0.4,4.445,0.167,0.111,7.508,0.122,0.0,12.353
2025-01-03 01:00:00,-1.42,89.63,0.4,4.5,0.207,0.097,7.317,0.212,0.0,12.333
2025-01-03 02:00:00,1.54,86.72,1.8,4.5,0.1,0.113,7.684,0.2,0.0,12.596
2025-01-03 03:00:00,0.65,87.45,0.8,4.5,0.164,0.113,0.0,0.233,0.0,5.01
2025-01-03 04:00:00,0.71,85.62,0.9,4.5,0.203,0.089,0.0,0.142,0.0,4.933
2025-01-03 05:00:00,3.44,87.67,0.6,4.13,0.1,0.097,0.0,0.167,0.0,4.493
2025-01-03 06:00:00,5.11,84.56,2.9,4.5,0.159,1.959,0.0,0.741,0.0,7.359
2025-01-03 07:00:00,6.16,81.88,2.2,4.266,0.251,1.8,0.0,0.566,0.321,6.883
2025-01-03 08:00:00,4.8,78.66,2.3,4.5,0.1,2.056,0.0,0.616,0.629,7.272
2025-01-03 09:00:00,6.89,78.85,2.6,4.154,0.16,0.103,0.0,0.258,0.516,4.676
2025-01-03 10:00:00,9.06,79.42,0.6,2.902,0.213,0.105,0.0,0.1,0.591,3.32
2025-01-03 11:00:00,11.06,77.09,0.9,2.364,0.1,0.111,0.0,0.2,0.7,2.776
2025-01-03 12:00:00,9.67,76.71,1.6,3.025,0.151,0.085,0.0,0.135,0.361,3.396
2025-01-03 13:00:00,10.61,80.92,1.2,2.708,0.219,0.103,0.0,0.217,0.0,3.247
2025-01-03 14:00:00,9.4,75.33,1.1,2.981,0.1,0.083,0.0,0.187,0.0,3.351
2025-01-03 15:00:00,9.09,70.96,1.1,3.069,0.127,0.09,0.0,0.127,0.0,3.413
2025-01-03 16:00:00,11.61,79.22,0.8,2.343,0.242,0.089,0.0,0.116,0.0,2.789
2025-01-03 17:00:00,11.63,68.93,3.8,3.172,0.1,0.103,0.0,1.404,0.0,4.779
2025-01-03 18:00:00,8.45,71.59,2.7,3.852,0.125,0.114,0.0,1.352,0.0,5.443
2025-01-03 19:00:00,8.86,80.13,3.1,3.91,0.236,1.28,7.54,1.375,0.0,14.341
2025-01-03 20:00:00,6.6,82.58,3.0,4.5,0.1,1.661,6.906,1.305,0.0,14.472
2025-01-03 21:00:00,3.8,75.33,3.4,4.5,0.133,1.286,6.797,1.37,0.0,14.087
2025-01-03 22:00:00,4.1,81.09,3.4,4.5,0.251,0.088,6.728,1.381,0.0,12.947
2025-01-03 23:00:00,4.83,81.21,3.0,4.5,0.1,0.117,6.522,1.251,0.0,12.49
2025-01-04 00:00:00,1.66,82.76,1.9,4.5,0.165,0.08,0.0,0.173,0.0,4.918
2025-01-04 01:00:00,3.56,90.51,1.9,4.5,0.244,0.088,0.0,0.25,0.0,5.082
2025-01-04 02:00:00,-2.89,89.53,0.9,4.5,0.1,0.089,0.0,0.147,0.0,4.835
2025-01-04 03:00:00,2.44,85.7,1.2,4.5,0.129,0.091,0.0,0.257,0.0,4.978
2025-01-04 04:00:00,1.84,82.47,1.6,4.5,0.25,0.095,0.0,0.129,0.0,4.974
2025-01-04 05:00:00,2.06,77.49,1.6,4.5,0.1,0.084,0.0,0.152,0.0,4.836
2025-01-04 06:00:00,3.68,90.1,2.8,4.5,0.119,1.777,0.0,0.696,0.0,7.093
2025-01-04 07:00:00,1.76,84.51,3.6,4.5,0.217,1.728,0.0,0.674,0.271,7.118
2025-01-04 08:00:00,5.71,76.47,3.3,4.5,0.1,1.89,0.0,0.658,0.804,7.148
2025-01-04 09:00:00,7.87,82.05,3.2,4.353,0.123,0.115,0.0,0.279,0.64,4.869
2025-01-04 10:00:00,10.76,76.65,1.3,2.655,0.23,0.092,0.0,0.247,0.842,3.224
2025-01-04 11:00:00,8.8,74.32,1.8,3.437,0.1,0.102,0.0,0.234,0.426,3.873
2025-01-04 12:00:00,9.16,76.98,0.7,2.846,0.133,0.095,0.0,0.187,0.195,3.261
2025-01-04 13:00:00,10.12,70.5,1.7,2.968,0.264,0.082,0.0,0.242,0.0,3.556
2025-01-04 14:00:00,12.41,72.28,1.8,2.25,0.1,0.113,0.0,0.225,0.0,2.688
2025-01-04 15:00:00,11.36,74.81,1.9,2.775,0.136,0.105,0.0,0.261,0.0,3.277
2025-01-04 16:00:00,9.58,72.31,1.2,2.993,0.252,0.08,0.0,0.328,0.0,3.654
2025-01-04 17:00:00,10.35,79.1,3.9,3.754,0.1,0.09,0.0,1.448,0.0,5.392
2025-01-04 18:00:00,8.69,86.35,3.4,4.112,0.162,0.092,0.0,1.298,0.0,5.665
2025-01-04 19:00:00,8.79,74.68,3.5,4.011,0.243,1.687,0.0,1.408,0.0,7.349
2025-01-04 20:00:00,4.99,71.67,4.0,4.5,0.1,1.656,0.0,1.433,0.0,7.689
2025-01-04 21:00:00,4.25,71.54,4.0,4.5,0.165,1.438,0.0,1.457,0.0,7.56
2025-01-04 22:00:00,2.95,82.25,3.8,4.5,0.212,0.086,0.0,1.43,0.0,6.228
2025-01-04 23:00:00,0.31,80.93,3.5,4.5,0.1,0.095,0.0,1.327,0.0,6.022
2025-01-05 00:00:00,2.14,86.24,1.9,4.5,0.139,0.112,6.737,0.188,0.0,11.676
2025-01-05 01:00:00,1.59,86.46,2.2,4.5,0.26,0.098,7.451,0.1,0.0,12.408
2025-01-05 02:00:00,1.03,77.98,2.0,4.5,0.1,0.085,7.421,0.206,0.0,12.312
2025-01-05 03:00:00,0.84,76.72,2.9,4.5,0.135,0.082,0.0,0.265,0.0,4.981
2025-01-05 04:00:00,-0.43,86.68,1.5,4.5,0.257,0.093,0.0,0.196,0.0,5.047
2025-01-05 05:00:00,1.86,84.92,1.9,4.5,0.1,0.086,0.0,0.184,0.0,4.87
2025-01-05 06:00:00,3.01,80.87,3.9,4.5,0.192,1.976,0.0,0.732,0.0,7.401
2025-01-05 07:00:00,3.53,73.27,3.9,4.5,0.219,1.641,0.0,0.664,0.235,7.024
2025-01-05 08:00:00,5.78,82.36,2.5,4.5,0.1,2.072,0.0,0.549,0.462,7.22
2025-01-05 09:00:00,7.93,84.81,3.3,4.101,0.172,0.105,0.0,0.275,0.853,4.653
2025-01-05 10:00:00,11.35,78.39,2.4,2.918,0.211,0.096,0.0,0.251,0.499,3.476
2025-01-05 11:00:00,9.82,71.52,3.0,3.631,0.1,0.104,0.0,0.264,0.399,4.099
2025-01-05 12:00:00,10.74,75.03,2.1,2.932,0.126,0.092,0.0,0.197,0.191,3.347
2025-01-05 13:00:00,10.74,67.37,1.7,2.749,0.249,0.086,0.0,0.254,0.0,3.338
2025-01-05 14:00:00,8.15,79.29,1.4,3.443,0.1,0.119,0.0,0.136,0.0,3.798
2025-01-05 15:00:00,10.81,74.61,2.7,3.144,0.151,0.103,0.0,0.216,0.0,3.613
2025-01-05 16:00:00,10.45,65.96,2.1,3.151,0.209,0.08,0.0,0.25,0.0,3.69
2025-01-05 17:00:00,13.26,74.25,3.5,2.325,0.102,0.092,0.0,1.397,0.0,3.916
2025-01-05 18:00:00,8.24,79.32,3.7,4.282,0.129,0.086,0.0,1.356,0.0,5.854
2025-01-05 19:00:00,7.77,76.78,3.9,4.5,0.22,1.355,7.645,1.535,0.0,15.255
2025-01-05 20:00:00,5.97,78.62,4.0,4.5,0.1,1.233,7.401,1.433,0.0,14.668
2025-01-05 21:00:00,2.98,75.43,3.4,4.5,0.138,1.347,6.919,1.355,0.0,14.259
2025-01-05 22:00:00,5.24,85.83,3.6,4.5,0.251,0.107,7.397,1.418,0.0,13.672
2025-01-05 23:00:00,3.62,81.0,3.1,4.5,0.1,0.113,7.862,1.38,0.0,13.954
2025-01-06 00:00:00,2.87,74.41,1.4,4.5,0.134,0.094,7.414,0.196,0.0,12.337
2025-01-06 01:00:00,-0.18,83.94,0.9,4.5,0.236,0.101,7.857,0.235,0.0,12.929
2025-01-06 02:00:00,3.12,90.91,1.2,4.5,0.1,0.082,6.919,0.163,0.0,11.763
2025-01-06 03:00:00,-0.92,83.86,1.6,4.5,0.158,0.084,0.0,0.28,0.0,5.022
2025-01-06 04:00:00,2.56,93.89,1.1,4.5,0.254,0.102,0.0,0.185,0.0,5.041
2025-01-06 05:00:00,5.76,86.39,1.0,3.886,0.1,0.114,0.0,0.194,0.0,4.294
2025-01-06 06:00:00,2.03,84.69,2.6,4.5,0.163,1.503,0.0,0.589,0.0,6.755
2025-01-06 07:00:00,3.87,80.91,2.5,4.5,0.198,1.741,0.0,0.613,0.216,7.052
2025-01-06 08:00:00,6.16,79.66,3.0,4.5,0.1,2.139,0.0,0.603,0.459,7.342
2025-01-06 09:00:00,6.55,77.13,2.6,4.5,0.145,0.11,0.0,0.226,0.85,4.981
2025-01-06 10:00:00,6.19,75.49,0.8,3.666,0.266,0.088,0.0,0.174,0.822,4.194
2025-01-06 11:00:00,9.65,78.41,1.4,3.229,0.1,0.091,0.0,0.14,0.723,3.561
2025-01-06 12:00:00,8.75,70.12,1.5,3.317,0.104,0.118,0.0,0.166,0.242,3.705
2025-01-06 13:00:00,11.55,68.82,0.5,2.199,0.217,0.089,0.0,0.1,0.0,2.604
2025-01-06 14:00:00,9.63,68.38,1.6,3.244,0.1,0.098,0.0,0.136,0.0,3.578
2025-01-06 15:00:00,13.17,84.43,1.1,2.049,0.107,0.094,0.0,0.184,0.0,2.434
2025-01-06 16:00:00,9.17,77.46,1.1,3.051,0.256,0.1,0.0,0.231,0.0,3.638
2025-01-06 17:00:00,9.07,77.28,3.4,3.846,0.1,0.089,0.0,1.327,0.0,5.362
2025-01-06 18:00:00,9.73,71.71,2.8,3.576,0.159,0.107,0.0,1.242,0.0,5.083
2025-01-06 19:00:00,5.46,81.56,3.4,4.5,0.215,1.341,6.899,1.399,0.0,14.353
2025-01-06 20:00:00,6.35,79.42,2.8,4.5,0.1,1.561,6.892,1.298,0.0,14.35
2025-01-06 21:00:00,6.68,82.62,2.4,4.24,0.144,1.415,6.586,1.227,0.0,13.611
2025-01-06 22:00:00,1.1,78.12,2.6,4.5,0.227,0.09,7.252,1.222,0.0,13.291
2025-01-06 23:00:00,2.75,85.04,3.2,4.5,0.1,0.108,7.128,1.292,0.0,13.128
2025-01-07 00:00:00,2.07,83.08,0.6,4.5,0.13,0.119,0.0,0.188,0.0,4.937
2025-01-07 01:00:00,2.35,81.97,1.6,4.5,0.248,0.115,0.0,0.263,0.0,5.126
2025-01-07 02:00:00,-0.85,89.67,1.5,4.5,0.1,0.083,0.0,0.285,0.0,4.968
2025-01-07 03:00:00,-0.8,78.11,1.5,4.5,0.138,0.098,0.0,0.316,0.0,5.053
2025-01-07 04:00:00,2.46,88.02,1.0,4.5,0.235,0.108,0.0,0.258,0.0,5.101
2025-01-07 05:00:00,2.92,87.67,1.1,4.5,0.1,0.103,0.0,0.185,0.0,4.888
2025-01-07 06:00:00,3.88,78.6,2.0,4.5,0.146,1.963,0.0,0.502,0.0,7.111
2025-01-07 07:00:00,5.23,77.45,2.9,4.5,0.243,2.142,0.0,0.662,0.3,7.547
2025-01-07 08:00:00,4.99,78.88,2.7,4.5,0.1,1.686,0.0,0.667,0.448,6.953
2025-01-07 09:00:00,7.65,79.86,2.7,4.091,0.172,0.111,0.0,0.104,0.553,4.478
2025-01-07 10:00:00,8.95,76.24,1.7,3.266,0.253,0.084,0.0,0.126,0.879,3.729
2025-01-07 11:00:00,8.47,77.93,0.8,2.959,0.1,0.115,0.0,0.15,0.792,3.324
2025-01-07 12:00:00,13.13,83.62,0.9,2.052,0.11,0.111,0.0,0.14,0.302,2.413
2025-01-07 13:00:00,11.55,71.67,1.1,2.414,0.253,0.101,0.0,0.103,0.0,2.871
2025-01-07 14:00:00,9.22,65.42,0.6,2.803,0.1,0.113,0.0,0.188,0.0,3.204
2025-01-07 15:00:00,11.82,78.33,0.9,2.311,0.162,0.107,0.0,0.24,0.0,2.82
2025-01-07 16:00:00,8.87,83.22,1.2,3.13,0.208,0.102,0.0,0.176,0.0,3.617
2025-01-07 17:00:00,10.72,77.72,2.9,3.035,0.1,0.118,0.0,1.176,0.0,4.429
2025-01-07 18:00:00,10.24,71.56,3.5,3.568,0.135,0.085,0.0,1.374,0.0,5.162
2025-01-07 19:00:00,6.07,77.83,2.4,4.5,0.241,1.796,0.0,1.128,0.0,7.665
2025-01-07 20:00:00,7.45,74.41,3.4,4.372,0.1,1.293,0.0,1.301,0.0,7.067
2025-01-07 21:00:00,5.33,84.77,3.3,4.5,0.182,1.488,0.0,1.37,0.0,7.54
2025-01-07 22:00:00,4.74,76.24,2.8,4.5,0.239,0.089,0.0,1.304,0.0,6.132
2025-01-07 23:00:00,5.32,82.74,2.6,4.5,0.1,0.091,0.0,1.206,0.0,5.897
2025-01-08 00:00:00,1.3,80.17,0.2,4.44,0.148,0.105,6.538,0.192,0.0,11.423
2025-01-08 01:00:00,0.04,86.43,0.7,4.5,0.213,0.081,7.878,0.117,0.0,12.789
2025-01-08 02:00:00,-0.33,84.17,1.4,4.5,0.1,0.118,7.128,0.219,0.0,12.065
2025-01-08 03:00:00,-0.05,86.68,1.0,4.5,0.151,0.091,0.0,0.16,0.0,4.902
2025-01-08 04:00:00,1.56,85.31,1.5,4.5,0.208,0.091,0.0,0.128,0.0,4.927
2025-01-08 05:00:00,2.98,79.31,0.8,4.5,0.1,0.115,0.0,0.127,0.0,4.842
2025-01-08 06:00:00,3.92,86.13,2.8,4.5,0.153,1.991,0.0,0.643,0.0,7.287
2025-01-08 07:00:00,5.95,81.31,2.2,4.5,0.239,1.924,0.0,0.503,0.384,7.166
2025-01-08 08:00:00,6.02,75.06,2.1,4.322,0.1,1.545,0.0,0.555,0.755,6.522
2025-01-08 09:00:00,9.48,89.65,2.5,3.553,0.171,0.111,0.0,0.277,0.77,4.111
2025-01-08 10:00:00,8.1,79.38,0.7,3.343,0.246,0.094,0.0,0.147,0.869,3.831
2025-01-08 11:00:00,13.62,74.99,0.4,1.732,0.1,0.12,0.0,0.1,0.531,2.051
2025-01-08 12:00:00,11.27,81.88,0.9,2.301,0.191,0.107,0.0,0.164,0.457,2.763
2025-01-08 13:00:00,9.54,83.41,1.0,2.923,0.232,0.113,0.0,0.215,0.0,3.484
2025-01-08 14:00:00,9.39,73.27,1.5,3.069,0.1,0.109,0.0,0.13,0.0,3.409
2025-01-08 15:00:00,11.55,75.94,1.4,2.479,0.135,0.104,0.0,0.251,0.0,2.968
2025-01-08 16:00:00,10.0,69.86,1.5,3.16,0.206,0.109,0.0,0.233,0.0,3.708
2025-01-08 17:00:00,10.61,75.02,3.3,3.292,0.1,0.104,0.0,1.344,0.0,4.839
2025-01-08 18:00:00,9.21,76.0,3.1,3.843,0.172,0.082,0.0,1.33,0.0,5.426
2025-01-08 19:00:00,7.19,79.37,2.5,4.095,0.251,1.407,7.623,1.208,0.0,14.584
2025-01-08 20:00:00,4.73,81.66,3.1,4.5,0.1,1.39,7.628,1.306,0.0,14.924
2025-01-08 21:00:00,2.43,84.35,3.2,4.5,0.175,1.628,7.611,1.322,0.0,15.237
2025-01-08 22:00:00,2.83,84.19,3.6,4.5,0.232,0.103,7.573,1.417,0.0,13.825
2025-01-08 23:00:00,3.75,78.19,3.3,4.5,0.1,0.104,6.79,1.389,0.0,12.883
2025-01-09 00:00:00,1.99,80.5,1.5,4.5,0.134,0.114,0.0,0.154,0.0,4.901
2025-01-09 01:00:00,-0.7,83.06,0.6,4.5,0.234,0.101,0.0,0.133,0.0,4.967
2025-01-09 02:00:00,1.26,84.59,0.9,4.5,0.1,0.089,0.0,0.157,0.0,4.845
2025-01-09 03:00:00,1.75,91.05,1.2,4.5,0.1,0.08,0.0,0.155,0.0,4.835
2025-01-09 04:00:00,0.34,79.38,1.5,4.5,0.224,0.086,0.0,0.251,0.0,5.061
2025-01-09 05:00:00,2.7,82.46,0.9,4.5,0.1,0.081,0.0,0.103,0.0,4.784
2025-01-09 06:00:00,3.59,87.77,2.5,4.5,0.148,1.611,0.0,0.624,0.0,6.884
2025-01-09 07:00:00,2.99,80.05,2.8,4.5,0.228,1.897,0.0,0.691,0.431,7.316
2025-01-09 08:00:00,6.54,82.3,2.0,4.277,0.1,1.549,0.0,0.535,0.591,6.461
2025-01-09 09:00:00,8.14,77.75,3.1,4.064,0.136,0.083,0.0,0.318,0.824,4.601
2025-01-09 10:00:00,10.12,78.28,0.6,2.558,0.212,0.119,0.0,0.227,0.728,3.117
2025-01-09 11:00:00,11.12,74.61,0.2,2.327,0.1,0.12,0.0,0.14,0.81,2.686
2025-01-09 12:00:00,8.26,78.14,1.0,3.254,0.171,0.105,0.0,0.221,0.37,3.751
2025-01-09 13:00:00,9.42,66.48,1.7,3.174,0.225,0.084,0.0,0.159,0.0,3.642
2025-01-09 14:00:00,11.77,72.18,1.2,2.156,0.1,0.113,0.0,0.132,0.0,2.5
2025-01-09 15:00:00,11.6,75.69,1.3,2.428,0.167,0.102,0.0,0.166,0.0,2.862
2025-01-09 16:00:00,11.1,77.47,1.0,2.392,0.237,0.087,0.0,0.248,0.0,2.965
2025-01-09 17:00:00,15.31,83.22,2.9,1.852,0.1,0.103,0.0,1.247,0.0,3.302
2025-01-09 18:00:00,9.36,75.04,2.4,3.458,0.16,0.082,0.0,1.183,0.0,4.882
2025-01-09 19:00:00,9.0,85.84,2.1,3.408,0.23,1.783,0.0,1.085,0.0,6.507
2025-01-09 20:00:00,7.43,76.7,3.1,4.5,0.1,1.696,0.0,1.336,0.0,7.631
2025-01-09 21:00:00,5.68,88.2,3.5,4.5,0.131,1.356,0.0,1.406,0.0,7.393
2025-01-09 22:00:00,3.03,87.09,3.1,4.5,0.244,0.097,0.0,1.267,0.0,6.108
2025-01-09 23:00:00,3.6,79.68,3.2,4.5,0.1,0.096,0.0,1.204,0.0,5.9
2025-01-10 00:00:00,0.51,86.73,1.6,4.5,0.143,0.114,7.303,0.181,0.0,12.241
2025-01-10 01:00:00,0.82,85.54,1.1,4.5,0.212,0.094,7.092,0.206,0.0,12.104
2025-01-10 02:00:00,0.27,89.13,1.0,4.5,0.1,0.082,7.354,0.178,0.0,12.214
2025-01-10 03:00:00,1.3,84.68,0.7,4.5,0.151,0.089,0.0,0.174,0.0,4.914
2025-01-10 04:00:00,5.14,83.66,1.8,4.229,0.22,0.089,0.0,0.222,0.0,4.759
2025-01-10 05:00:00,-0.33,91.09,1.2,4.5,0.1,0.118,0.0,0.161,0.0,4.879
2025-01-10 06:00:00,4.53,82.51,2.1,4.5,0.117,2.105,0.0,0.507,0.0,7.229
2025-01-10 07:00:00,2.29,85.69,2.0,4.5,0.232,1.656,0.0,0.599,0.416,6.987
2025-01-10 08:00:00,5.29,78.87,3.0,4.5,0.1,1.442,0.0,0.596,0.792,6.638
2025-01-10 09:00:00,8.93,86.78,2.1,3.514,0.187,0.101,0.0,0.152,0.848,3.954
2025-01-10 10:00:00,8.6,73.61,1.7,3.535,0.236,0.112,0.0,0.227,1.025,4.11
2025-01-10 11:00:00,7.92,72.69,0.0,3.074,0.1,0.091,0.0,0.1,0.841,3.364
2025-01-10 12:00:00,9.26,82.43,1.6,3.176,0.146,0.098,0.0,0.156,0.242,3.576
2025-01-10 13:00:00,11.85,71.98,1.2,2.654,0.262,0.087,0.0,0.265,0.0,3.267
2025-01-10 14:00:00,9.91,82.01,1.0,2.845,0.1,0.093,0.0,0.261,0.0,3.299
2025-01-10 15:00:00,11.16,78.66,0.9,2.562,0.172,0.11,0.0,0.237,0.0,3.083
2025-01-10 16:00:00,10.4,74.03,1.8,2.885,0.24,0.097,0.0,0.241,0.0,3.463
2025-01-10 17:00:00,8.56,66.69,3.3,4.246,0.1,0.098,0.0,1.383,0.0,5.827
2025-01-10 18:00:00,11.72,76.9,2.6,2.954,0.187,0.112,0.0,1.32,0.0,4.573
2025-01-10 19:00:00,8.25,78.96,2.3,3.926,0.2,1.658,7.387,1.225,0.0,14.396
2025-01-10 20:00:00,2.97,85.84,3.1,4.5,0.1,1.312,7.282,1.304,0.0,14.498
2025-01-10 21:00:00,4.99,89.5,3.0,4.5,0.148,1.449,7.114,1.324,0.0,14.535
2025-01-10 22:00:00,2.51,79.58,2.4,4.5,0.218,0.114,7.393,1.159,0.0,13.384
2025-01-10 23:00:00,3.75,88.25,3.0,4.5,0.1,0.098,7.779,1.284,0.0,13.761
2025-01-11 00:00:00,0.49,89.02,1.6,4.5,0.184,0.106,0.0,0.207,0.0,4.997
2025-01-11 01:00:00,1.01,91.16,1.8,4.5,0.263,0.092,0.0,0.197,0.0,5.053
2025-01-11 02:00:00,1.77,88.49,2.1,4.5,0.1,0.082,0.0,0.197,0.0,4.879
2025-01-11 03:00:00,2.48,76.08,2.4,4.5,0.135,0.087,0.0,0.286,0.0,5.008
2025-01-11 04:00:00,-0.12,84.42,2.2,4.5,0.255,0.096,0.0,0.167,0.0,5.019
2025-01-11 05:00:00,1.97,78.46,1.5,4.5,0.1,0.094,0.0,0.203,0.0,4.897
2025-01-11 06:00:00,2.8,81.99,3.4,4.5,0.15,2.085,0.0,0.611,0.0,7.346
2025-01-11 07:00:00,3.73,86.45,3.3,4.5,0.205,1.833,0.0,0.566,0.396,7.104
2025-01-11 08:00:00,8.66,81.53,2.8,3.853,0.1,1.892,0.0,0.681,0.719,6.525
2025-01-11 09:00:00,7.91,84.19,3.5,4.277,0.123,0.108,0.0,0.318,0.963,4.826
2025-01-11 10:00:00,6.62,78.71,2.5,4.252,0.204,0.101,0.0,0.202,0.859,4.759
2025-01-11 11:00:00,10.92,69.27,1.8,2.772,0.1,0.111,0.0,0.207,0.713,3.19
2025-01-11 12:00:00,13.52,62.2,1.2,1.938,0.131,0.111,0.0,0.17,0.21,2.352
2025-01-11 13:00:00,12.39,74.95,1.8,2.364,0.221,0.094,0.0,0.19,0.0,2.869
2025-01-11 14:00:00,8.73,72.93,1.3,3.127,0.1,0.083,0.0,0.165,0.0,3.475
2025-01-11 15:00:00,10.11,69.32,2.1,3.195,0.17,0.119,0.0,0.237,0.0,3.722
2025-01-11 16:00:00,12.24,66.3,2.0,2.562,0.218,0.106,0.0,0.191,0.0,3.078
2025-01-11 17:00:00,8.48,72.08,3.7,4.307,0.1,0.108,0.0,1.418,0.0,5.933
2025-01-11 18:00:00,9.17,76.03,3.7,3.976,0.14,0.11,0.0,1.47,0.0,5.697
2025-01-11 19:00:00,8.47,81.78,3.7,4.354,0.245,1.568,0.0,1.414,0.0,7.581
2025-01-11 20:00:00,4.62,80.94,3.8,4.5,0.1,1.483,0.0,1.415,0.0,7.497
2025-01-11 21:00:00,4.63,89.59,3.5,4.5,0.132,1.791,0.0,1.33,0.0,7.753
2025-01-11 22:00:00,-1.35,77.82,3.2,4.5,0.23,0.109,0.0,1.318,0.0,6.158
2025-01-11 23:00:00,0.94,88.65,4.0,4.5,0.1,0.114,0.0,1.356,0.0,6.07
2025-01-12 00:00:00,1.31,85.43,1.6,4.5,0.157,0.098,6.669,0.276,0.0,11.7
2025-01-12 01:00:00,-0.68,89.27,1.9,4.5,0.234,0.116,7.356,0.158,0.0,12.365
2025-01-12 02:00:00,3.47,83.82,1.9,4.5,0.1,0.109,6.994,0.111,0.0,11.815
2025-01-12 03:00:00,-0.96,91.15,1.9,4.5,0.152,0.11,0.0,0.203,0.0,4.965
2025-01-12 04:00:00,1.03,86.67,1.3,4.5,0.243,0.083,0.0,0.208,0.0,5.034
2025-01-12 05:00:00,2.68,80.85,1.1,4.5,0.1,0.105,0.0,0.25,0.0,4.955
2025-01-12 06:00:00,5.68,82.94,3.1,4.5,0.151,1.681,0.0,0.657,0.0,6.99
2025-01-12 07:00:00,2.57,80.36,3.5,4.5,0.237,1.922,0.0,0.723,0.343,7.381
2025-01-12 08:00:00,7.76,82.45,3.0,4.077,0.1,1.849,0.0,0.687,0.423,6.713
2025-01-12 09:00:00,7.33,72.55,3.2,4.45,0.131,0.084,0.0,0.286,0.703,4.952
2025-01-12 10:00:00,7.05,76.85,2.7,4.122,0.202,0.101,0.0,0.173,0.615,4.598
2025-01-12 11:00:00,10.25,77.73,1.1,2.752,0.1,0.098,0.0,0.207,0.65,3.158
2025-01-12 12:00:00,10.65,74.97,1.5,2.724,0.171,0.111,0.0,0.126,0.441,3.132
2025-01-12 13:00:00,9.95,80.94,2.6,3.278,0.261,0.1,0.0,0.326,0.0,3.966
2025-01-12 14:00:00,11.12,77.87,1.8,2.837,0.1,0.099,0.0,0.238,0.0,3.275
2025-01-12 15:00:00,10.27,74.17,1.5,2.874,0.163,0.109,0.0,0.164,0.0,3.311
2025-01-12 16:00:00,10.52,75.89,2.3,3.137,0.193,0.107,0.0,0.237,0.0,3.674
2025-01-12 17:00:00,10.55,77.24,3.8,3.669,0.1,0.12,0.0,1.361,0.0,5.249
2025-01-12 18:00:00,10.9,79.02,3.7,3.57,0.158,0.094,0.0,1.308,0.0,5.13
2025-01-12 19:00:00,5.46,69.32,3.9,4.5,0.202,1.613,7.068,1.464,0.0,14.847
2025-01-12 20:00:00,9.22,78.49,3.5,4.059,0.1,1.3,6.738,1.317,0.0,13.514
2025-01-12 21:00:00,1.8,74.13,3.4,4.5,0.185,1.683,7.68,1.334,0.0,15.381
2025-01-12 22:00:00,3.29,89.39,3.8,4.5,0.235,0.111,6.541,1.411,0.0,12.798
2025-01-12 23:00:00,3.37,83.94,3.4,4.5,0.1,0.109,7.754,1.334,0.0,13.798
2025-01-13 00:00:00,2.12,84.23,1.0,4.5,0.18,0.085,6.639,0.129,0.0,11.532
2025-01-13 01:00:00,0.27,90.28,1.1,4.5,0.214,0.12,7.304,0.187,0.0,12.325
2025-01-13 02:00:00,0.72,88.11,1.3,4.5,0.1,0.118,7.507,0.198,0.0,12.423
2025-01-13 03:00:00,0.46,80.15,1.5,4.5,0.133,0.095,0.0,0.237,0.0,4.965
2025-01-13 04:00:00,0.82,84.84,0.8,4.5,0.237,0.103,0.0,0.297,0.0,5.138
2025-01-13 05:00:00,3.77,82.57,1.2,4.5,0.1,0.116,0.0,0.1,0.0,4.816
2025-01-13 06:00:00,4.07,74.28,2.7,4.5,0.139,1.796,0.0,0.576,0.0,7.011
2025-01-13 07:00:00,3.7,78.1,2.6,4.5,0.231,1.871,0.0,0.622,0.385,7.224
2025-01-13 08:00:00,7.38,79.08,2.3,3.919,0.1,1.874,0.0,0.635,0.582,6.529
2025-01-13 09:00:00,7.79,77.87,2.1,3.794,0.14,0.106,0.0,0.23,0.803,4.27
2025-01-13 10:00:00,9.75,69.59,1.2,3.095,0.221,0.103,0.0,0.242,0.678,3.661
2025-01-13 11:00:00,10.51,81.52,0.3,2.356,0.1,0.096,0.0,0.1,0.742,2.653
2025-01-13 12:00:00,9.12,74.29,0.9,3.075,0.11,0.102,0.0,0.161,0.266,3.448
2025-01-13 13:00:00,10.02,74.39,0.0,2.517,0.232,0.115,0.0,0.223,0.0,3.087
2025-01-13 14:00:00,12.15,76.0,0.5,2.19,0.1,0.115,0.0,0.121,0.0,2.525
2025-01-13 15:00:00,11.78,70.26,0.6,2.1,0.165,0.111,0.0,0.1,0.0,2.476
2025-01-13 16:00:00,10.33,77.09,1.4,2.906,0.225,0.097,0.0,0.152,0.0,3.381
2025-01-13 17:00:00,9.74,73.92,3.3,3.677,0.1,0.111,0.0,1.346,0.0,5.235
2025-01-13 18:00:00,10.45,72.52,2.8,3.398,0.143,0.096,0.0,1.241,0.0,4.877
2025-01-13 19:00:00,6.44,81.31,3.3,4.5,0.232,1.598,6.787,1.262,0.0,14.38
2025-01-13 20:00:00,6.85,87.46,3.4,4.5,0.1,1.54,6.989,1.301,0.0,14.43
2025-01-13 21:00:00,4.43,85.18,2.9,4.5,0.123,1.38,7.908,1.203,0.0,15.114
2025-01-13 22:00:00,3.21,87.61,2.4,4.5,0.204,0.098,7.063,1.131,0.0,12.996
2025-01-13 23:00:00,4.14,81.64,2.9,4.5,0.1,0.113,7.423,1.223,0.0,13.359
2025-01-14 00:00:00,2.96,77.21,1.0,4.359,0.14,0.117,0.0,0.184,0.0,4.799
2025-01-14 01:00:00,2.44,93.25,0.5,4.321,0.244,0.088,0.0,0.1,0.0,4.753
2025-01-14 02:00:00,3.01,95.0,1.1,4.5,0.1,0.098,0.0,0.253,0.0,4.951
2025-01-14 03:00:00,1.25,93.51,1.1,4.5,0.128,0.097,0.0,0.178,0.0,4.903
2025-01-14 04:00:00,2.74,83.52,1.2,4.5,0.249,0.1,0.0,0.13,0.0,4.978
2025-01-14 05:00:00,2.05,78.47,1.1,4.5,0.1,0.119,0.0,0.135,0.0,4.854
2025-01-14 06:00:00,4.04,77.67,2.8,4.5,0.151,1.813,0.0,0.592,0.0,7.057
2025-01-14 07:00:00,4.56,73.13,2.4,4.5,0.212,2.038,0.0,0.595,0.452,7.344
2025-01-14 08:00:00,6.19,79.46,2.6,4.5,0.1,1.918,0.0,0.614,0.796,7.132
2025-01-14 09:00:00,8.24,86.48,2.3,3.888,0.15,0.084,0.0,0.211,0.527,4.333
2025-01-14 10:00:00,7.32,76.29,0.8,3.256,0.215,0.108,0.0,0.135,0.833,3.714
2025-01-14 11:00:00,12.72,77.27,1.5,2.263,0.1,0.106,0.0,0.196,0.325,2.665
2025-01-14 12:00:00,8.87,81.68,0.2,2.784,0.165,0.11,0.0,0.1,0.342,3.159
2025-01-14 13:00:00,9.06,72.18,1.4,3.105,0.228,0.083,0.0,0.13,0.0,3.545
2025-01-14 14:00:00,12.79,84.18,0.8,2.076,0.1,0.09,0.0,0.139,0.0,2.404
2025-01-14 15:00:00,12.07,84.16,0.7,2.22,0.139,0.111,0.0,0.104,0.0,2.573
2025-01-14 16:00:00,11.32,74.15,1.1,2.474,0.263,0.095,0.0,0.172,0.0,3.003
2025-01-14 17:00:00,10.53,72.87,2.4,3.122,0.1,0.116,0.0,1.118,0.0,4.456
2025-01-14 18:00:00,8.53,80.49,2.7,3.896,0.179,0.101,0.0,1.313,0.0,5.489
2025-01-14 19:00:00,6.0,76.71,2.7,4.5,0.24,1.201,0.0,1.153,0.0,7.093
2025-01-14 20:00:00,6.16,74.22,2.9,4.5,0.1,1.619,0.0,1.341,0.0,7.561
2025-01-14 21:00:00,3.74,87.96,2.7,4.5,0.13,1.508,0.0,1.128,0.0,7.266
2025-01-14 22:00:00,5.01,89.08,3.6,4.5,0.251,0.093,0.0,1.483,0.0,6.327
2025-01-14 23:00:00,2.29,85.02,3.7,4.5,0.1,0.081,0.0,1.424,0.0,6.105
2025-01-15 00:00:00,0.5,78.88,0.2,4.499,0.144,0.088,7.058,0.195,0.0,11.984
2025-01-15 01:00:00,0.76,79.65,1.2,4.5,0.194,0.086,7.195,0.118,0.0,12.094
2025-01-15 02:00:00,1.69,86.54,1.3,4.5,0.1,0.103,7.458,0.174,0.0,12.336
2025-01-15 03:00:00,0.39,83.3,1.2,4.5,0.128,0.111,0.0,0.174,0.0,4.912
2025-01-15 04:00:00,0.51,83.49,0.7,4.5,0.246,0.089,0.0,0.167,0.0,5.002
2025-01-15 05:00:00,2.9,89.35,0.9,4.5,0.1,0.108,0.0,0.241,0.0,4.949
2025-01-15 06:00:00,3.94,86.67,2.2,4.5,0.141,2.088,0.0,0.611,0.0,7.34
2025-01-15 07:00:00,4.01,88.44,2.3,4.5,0.225,1.888,0.0,0.578,0.417,7.191
2025-01-15 08:00:00,5.36,75.05,2.0,4.5,0.1,1.998,0.0,0.611,0.713,7.21
2025-01-15 09:00:00,7.71,76.73,2.5,4.058,0.151,0.088,0.0,0.283,0.642,4.58
2025-01-15 10:00:00,6.4,80.79,0.4,3.347,0.241,0.083,0.0,0.134,0.876,3.804
2025-01-15 11:00:00,7.49,78.0,0.9,3.289,0.1,0.095,0.0,0.148,0.365,3.632
2025-01-15 12:00:00,9.32,82.47,0.5,3.025,0.149,0.108,0.0,0.273,0.221,3.556
2025-01-15 13:00:00,10.58,76.31,1.1,2.656,0.217,0.107,0.0,0.17,0.0,3.151
2025-01-15 14:00:00,11.54,83.24,0.7,2.241,0.1,0.118,0.0,0.14,0.0,2.599
2025-01-15 15:00:00,13.11,76.9,1.1,2.097,0.127,0.105,0.0,0.176,0.0,2.505
2025-01-15 16:00:00,11.69,80.11,1.4,2.484,0.251,0.096,0.0,0.247,0.0,3.079
2025-01-15 17:00:00,9.37,74.14,3.6,3.847,0.1,0.112,0.0,1.418,0.0,5.477
2025-01-15 18:00:00,8.54,77.07,2.0,3.607,0.169,0.086,0.0,1.112,0.0,4.974
2025-01-15 19:00:00,5.86,83.0,2.7,4.5,0.275,1.688,7.114,1.257,0.0,14.834
2025-01-15 20:00:00,6.04,88.06,2.9,4.5,0.1,1.42,7.362,1.273,0.0,14.654
2025-01-15 21:00:00,4.34,85.2,3.2,4.5,0.176,1.292,7.565,1.302,0.0,14.836
2025-01-15 22:00:00,4.05,82.58,2.3,4.5,0.252,0.086,7.549,1.159,0.0,13.546
2025-01-15 23:00:00,1.29,91.13,2.6,4.5,0.1,0.119,7.412,1.225,0.0,13.356
2025-01-16 00:00:00,2.54,74.24,1.1,4.5,0.152,0.105,0.0,0.161,0.0,4.918
2025-01-16 01:00:00,3.56,78.68,1.0,4.45,0.247,0.087,0.0,0.185,0.0,4.968
2025-01-16 02:00:00,0.93,89.41,1.2,4.5,0.1,0.091,0.0,0.182,0.0,4.873
2025-01-16 03:00:00,1.87,85.87,1.2,4.5,0.154,0.095,0.0,0.113,0.0,4.861
2025-01-16 04:00:00,2.8,88.22,1.1,4.5,0.24,0.082,0.0,0.158,0.0,4.98
2025-01-16 05:00:00,1.96,84.56,1.1,4.5,0.1,0.084,0.0,0.169,0.0,4.854
2025-01-16 06:00:00,3.93,85.85,2.5,4.5,0.153,1.988,0.0,0.695,0.0,7.336
2025-01-16 07:00:00,4.82,77.48,2.8,4.5,0.212,2.007,0.0,0.613,0.452,7.332
2025-01-16 08:00:00,6.24,82.85,1.6,3.946,0.1,2.152,0.0,0.542,0.737,6.74
2025-01-16 09:00:00,6.23,83.42,3.1,4.5,0.121,0.083,0.0,0.351,1.027,5.055
2025-01-16 10:00:00,8.63,83.1,0.1,2.672,0.227,0.116,0.0,0.1,0.99,3.114
2025-01-16 11:00:00,10.38,85.83,0.6,2.473,0.1,0.093,0.0,0.1,0.805,2.766
2025-01-16 12:00:00,12.6,76.02,0.9,2.044,0.137,0.093,0.0,0.138,0.359,2.412
2025-01-16 13:00:00,12.36,75.57,1.3,2.337,0.216,0.085,0.0,0.171,0.0,2.809
2025-01-16 14:00:00,14.32,66.38,0.0,1.388,0.1,0.119,0.0,0.138,0.0,1.746
2025-01-16 15:00:00,9.77,71.55,1.0,2.657,0.144,0.119,0.0,0.154,0.0,3.074
2025-01-16 16:00:00,11.73,73.84,1.3,2.551,0.228,0.115,0.0,0.128,0.0,3.021
2025-01-16 17:00:00,9.9,81.01,3.4,3.641,0.1,0.084,0.0,1.392,0.0,5.217
2025-01-16 18:00:00,11.88,73.94,2.7,2.719,0.144,0.114,0.0,1.213,0.0,4.189
2025-01-16 19:00:00,6.17,82.43,2.9,4.5,0.26,1.581,0.0,1.32,0.0,7.66
2025-01-16 20:00:00,4.83,79.99,2.8,4.5,0.1,1.277,0.0,1.19,0.0,7.067
2025-01-16 21:00:00,3.9,80.67,2.8,4.5,0.157,1.357,0.0,1.353,0.0,7.367
2025-01-16 22:00:00,0.41,84.24,2.6,4.5,0.231,0.108,0.0,1.131,0.0,5.969
2025-01-16 23:00:00,1.77,82.29,2.6,4.5,0.1,0.112,0.0,1.222,0.0,5.935
2025-01-17 00:00:00,0.65,83.05,1.2,4.5,0.137,0.114,7.524,0.135,0.0,12.41
2025-01-17 01:00:00,1.52,77.27,1.1,4.5,0.231,0.102,7.759,0.183,0.0,12.774
2025-01-17 02:00:00,1.63,84.76,1.2,4.5,0.1,0.101,6.892,0.137,0.0,11.73
2025-01-17 03:00:00,4.11,83.4,1.1,4.418,0.168,0.107,0.0,0.1,0.0,4.793
2025-01-17 04:00:00,3.22,82.62,1.3,4.5,0.252,0.111,0.0,0.149,0.0,5.013
2025-01-17 05:00:00,1.72,86.33,1.4,4.5,0.1,0.087,0.0,0.27,0.0,4.957
2025-01-17 06:00:00,2.27,86.29,1.8,4.5,0.185,1.973,0.0,0.494,0.0,7.152
2025-01-17 07:00:00,5.56,82.71,2.2,4.409,0.245,1.686,0.0,0.598,0.267,6.938
2025-01-17 08:00:00,4.14,84.98,2.4,4.5,0.1,1.716,0.0,0.593,0.851,6.909
2025-01-17 09:00:00,10.16,81.32,2.5,3.381,0.155,0.083,0.0,0.202,0.799,3.821
2025-01-17 10:00:00,10.39,75.52,0.7,2.629,0.211,0.104,0.0,0.274,1.045,3.218
2025-01-17 11:00:00,8.95,73.44,1.4,3.082,0.1,0.084,0.0,0.175,0.833,3.441
2025-01-17 12:00:00,7.88,76.37,1.8,3.836,0.149,0.117,0.0,0.212,0.446,4.314
2025-01-17 13:00:00,12.98,77.07,1.1,2.041,0.236,0.105,0.0,0.187,0.0,2.568
2025-01-17 14:00:00,10.95,80.99,1.0,2.511,0.1,0.12,0.0,0.26,0.0,2.99
2025-01-17 15:00:00,12.81,80.16,1.3,2.279,0.137,0.09,0.0,0.115,0.0,2.621
2025-01-17 16:00:00,8.06,72.1,0.3,2.953,0.238,0.107,0.0,0.27,0.0,3.568
2025-01-17 17:00:00,8.76,75.25,3.0,3.793,0.1,0.119,0.0,1.358,0.0,5.37
2025-01-17 18:00:00,8.63,80.36,3.4,4.11,0.153,0.092,0.0,1.363,0.0,5.717
2025-01-17 19:00:00,7.49,83.79,2.7,4.118,0.237,1.258,6.967,1.27,0.0,13.85
2025-01-17 20:00:00,5.45,84.69,2.5,4.409,0.1,1.58,7.507,1.19,0.0,14.787
2025-01-17 21:00:00,5.76,81.23,2.9,4.5,0.105,1.42,7.678,1.276,0.0,14.978
2025-01-17 22:00:00,2.02,76.73,3.0,4.5,0.218,0.091,7.662,1.297,0.0,13.768
2025-01-17 23:00:00,2.37,79.25,2.6,4.5,0.1,0.12,7.57,1.176,0.0,13.466
2025-01-18 00:00:00,2.0,86.56,2.6,4.5,0.126,0.11,0.0,0.305,0.0,5.042
2025-01-18 01:00:00,2.09,87.51,1.6,4.5,0.235,0.099,0.0,0.209,0.0,5.044
2025-01-18 02:00:00,2.22,80.51,1.3,4.5,0.1,0.082,0.0,0.197,0.0,4.879
2025-01-18 03:00:00,-0.36,86.02,1.8,4.5,0.165,0.088,0.0,0.16,0.0,4.912
2025-01-18 04:00:00,-0.48,88.35,2.2,4.5,0.246,0.092,0.0,0.273,0.0,5.111
2025-01-18 05:00:00,4.53,78.49,1.8,4.477,0.1,0.099,0.0,0.202,0.0,4.878
2025-01-18 06:00:00,4.15,88.52,3.5,4.5,0.132,1.798,0.0,0.653,0.0,7.083
2025-01-18 07:00:00,3.73,79.67,3.0,4.5,0.227,1.458,0.0,0.582,0.304,6.767
2025-01-18 08:00:00,8.48,86.29,3.9,4.279,0.1,2.119,0.0,0.704,0.563,7.201
2025-01-18 09:00:00,7.62,75.78,3.5,4.5,0.141,0.102,0.0,0.197,0.828,4.939
2025-01-18 10:00:00,10.42,71.87,2.2,3.159,0.228,0.081,0.0,0.234,0.716,3.701
2025-01-18 11:00:00,9.79,73.47,1.9,3.266,0.101,0.108,0.0,0.247,0.494,3.721
2025-01-18 12:00:00,13.57,74.33,2.1,2.261,0.152,0.083,0.0,0.194,0.277,2.69
2025-01-18 13:00:00,13.61,72.26,1.5,1.99,0.272,0.109,0.0,0.205,0.0,2.576
2025-01-18 14:00:00,10.78,72.92,1.6,2.802,0.1,0.108,0.0,0.259,0.0,3.269
2025-01-18 15:00:00,12.44,75.87,2.3,2.672,0.137,0.119,0.0,0.212,0.0,3.141
2025-01-18 16:00:00,11.45,73.95,2.4,2.876,0.245,0.094,0.0,0.217,0.0,3.432
2025-01-18 17:00:00,11.74,75.43,3.3,2.985,0.1,0.086,0.0,1.335,0.0,4.506
2025-01-18 18:00:00,7.2,68.45,3.9,4.5,0.109,0.084,0.0,1.402,0.0,6.095
2025-01-18 19:00:00,8.47,80.41,3.6,4.044,0.232,1.243,0.0,1.363,0.0,6.881
2025-01-18 20:00:00,7.74,79.55,3.5,4.5,0.113,1.686,0.0,1.325,0.0,7.624
2025-01-18 21:00:00,2.22,89.6,3.9,4.5,0.155,1.631,0.0,1.448,0.0,7.734
2025-01-18 22:00:00,1.88,78.3,4.0,4.5,0.249,0.119,0.0,1.436,0.0,6.304
2025-01-18 23:00:00,-0.44,75.2,4.0,4.5,0.1,0.092,0.0,1.467,0.0,6.159
2025-01-19 00:00:00,1.45,88.29,1.7,4.5,0.155,0.112,7.324,0.251,0.0,12.342
2025-01-19 01:00:00,2.43,87.53,2.0,4.5,0.236,0.084,7.894,0.158,0.0,12.872
2025-01-19 02:00:00,3.44,80.96,1.7,4.5,0.1,0.116,7.702,0.158,0.0,12.576
2025-01-19 03:00:00,1.47,78.15,2.0,4.5,0.172,0.082,0.0,0.244,0.0,4.997
2025-01-19 04:00:00,4.3,92.88,2.4,4.5,0.245,0.112,0.0,0.208,0.0,5.064
2025-01-19 05:00:00,0.58,91.31,1.0,4.5,0.1,0.092,0.0,0.183,0.0,4.875
2025-01-19 06:00:00,1.13,70.56,3.6,4.5,0.116,1.57,0.0,0.694,0.0,6.881
2025-01-19 07:00:00,4.81,79.26,2.7,4.5,0.202,1.947,0.0,0.567,0.364,7.217
2025-01-19 08:00:00,6.76,88.32,3.8,4.5,0.1,2.085,0.0,0.729,0.611,7.414
2025-01-19 09:00:00,7.43,76.07,3.0,4.349,0.167,0.111,0.0,0.254,1.091,4.881
2025-01-19 10:00:00,5.59,74.55,1.3,4.014,0.263,0.093,0.0,0.139,0.974,4.508
2025-01-19 11:00:00,9.59,74.34,2.1,3.284,0.1,0.094,0.0,0.204,0.419,3.682
2025-01-19 12:00:00,8.56,69.2,1.9,3.642,0.12,0.088,0.0,0.203,0.348,4.052
2025-01-19 13:00:00,12.02,65.68,1.4,2.413,0.255,0.113,0.0,0.229,0.0,3.011
2025-01-19 14:00:00,11.74,79.26,1.3,2.511,0.1,0.084,0.0,0.248,0.0,2.943
2025-01-19 15:00:00,9.61,64.99,1.7,3.2,0.118,0.116,0.0,0.201,0.0,3.636
2025-01-19 16:00:00,9.75,76.04,1.3,2.934,0.227,0.104,0.0,0.106,0.0,3.37
2025-01-19 17:00:00,8.13,80.19,3.4,4.164,0.1,0.104,0.0,1.376,0.0,5.744
2025-01-19 18:00:00,8.59,69.74,3.8,4.331,0.176,0.114,0.0,1.525,0.0,6.146
2025-01-19 19:00:00,8.91,73.83,3.4,4.029,0.254,1.601,6.787,1.382,0.0,14.053
2025-01-19 20:00:00,4.71,86.07,4.0,4.5,0.1,1.383,7.331,1.422,0.0,14.736
2025-01-19 21:00:00,5.65,84.22,4.0,4.5,0.178,1.41,7.592,1.46,0.0,15.14
2025-01-19 22:00:00,2.89,79.91,3.7,4.5,0.239,0.087,6.486,1.439,0.0,12.75
2025-01-19 23:00:00,1.46,90.25,3.9,4.5,0.1,0.099,6.644,1.422,0.0,12.764
2025-01-20 00:00:00,1.73,91.23,1.8,4.5,0.177,0.084,7.163,0.27,0.0,12.194
2025-01-20 01:00:00,-0.16,87.14,0.5,4.5,0.231,0.106,7.11,0.109,0.0,12.056
2025-01-20 02:00:00,0.39,81.5,1.5,4.5,0.1,0.087,7.894,0.174,0.0,12.755
2025-01-20 03:00:00,-0.4,83.73,1.4,4.5,0.142,0.115,0.0,0.216,0.0,4.972
2025-01-20 04:00:00,4.84,86.63,1.3,4.351,0.255,0.108,0.0,0.225,0.0,4.939
2025-01-20 05:00:00,2.74,83.3,1.5,4.5,0.1,0.116,0.0,0.168,0.0,4.884
2025-01-20 06:00:00,2.67,87.69,2.6,4.5,0.169,1.503,0.0,0.586,0.0,6.758
2025-01-20 07:00:00,5.25,73.9,2.3,4.5,0.267,2.015,0.0,0.548,0.366,7.33
2025-01-20 08:00:00,6.06,72.53,2.9,4.5,0.1,2.074,0.0,0.598,0.644,7.272
2025-01-20 09:00:00,7.19,79.35,3.0,4.192,0.148,0.082,0.0,0.265,0.644,4.687
2025-01-20 10:00:00,9.65,74.54,1.4,2.918,0.235,0.12,0.0,0.191,0.809,3.465
2025-01-20 11:00:00,10.9,72.62,1.0,2.609,0.1,0.092,0.0,0.245,0.9,3.047
2025-01-20 12:00:00,9.76,65.96,0.7,2.668,0.136,0.088,0.0,0.117,0.517,3.009
2025-01-20 13:00:00,10.19,74.3,1.1,2.678,0.255,0.097,0.0,0.174,0.0,3.204
2025-01-20 14:00:00,10.81,73.74,1.4,2.844,0.1,0.08,0.0,0.228,0.0,3.252
2025-01-20 15:00:00,7.6,77.47,1.4,3.792,0.135,0.115,0.0,0.21,0.0,4.252
2025-01-20 16:00:00,8.28,75.15,0.8,3.239,0.24,0.091,0.0,0.12,0.0,3.69
2025-01-20 17:00:00,11.81,75.09,3.1,2.861,0.1,0.101,0.0,1.358,0.0,4.419
2025-01-20 18:00:00,11.19,82.89,2.5,3.136,0.164,0.105,0.0,1.201,0.0,4.605
2025-01-20 19:00:00,7.14,71.88,3.4,4.444,0.281,1.675,6.675,1.439,0.0,14.513
2025-01-20 20:00:00,7.09,82.68,2.7,4.263,0.1,1.35,7.016,1.223,0.0,13.953
2025-01-20 21:00:00,5.4,73.2,3.3,4.5,0.137,1.63,6.729,1.388,0.0,14.384
2025-01-20 22:00:00,8.34,78.81,2.5,4.038,0.235,0.085,6.976,1.189,0.0,12.522
2025-01-20 23:00:00,4.37,78.18,3.4,4.5,0.1,0.108,7.12,1.334,0.0,13.162
2025-01-21 00:00:00,1.74,89.11,1.1,4.5,0.122,0.117,0.0,0.209,0.0,4.947
2025-01-21 01:00:00,0.0,85.47,0.7,4.5,0.224,0.083,0.0,0.1,0.0,4.908
2025-01-21 02:00:00,-1.14,85.93,1.3,4.5,0.1,0.085,0.0,0.1,0.0,4.785
2025-01-21 03:00:00,1.74,80.26,0.8,4.5,0.176,0.102,0.0,0.139,0.0,4.917
2025-01-21 04:00:00,0.8,83.7,1.3,4.5,0.249,0.082,0.0,0.124,0.0,4.955
2025-01-21 05:00:00,0.6,80.43,0.9,4.5,0.1,0.087,0.0,0.1,0.0,4.787
2025-01-21 06:00:00,2.8,84.92,1.8,4.5,0.161,1.577,0.0,0.582,0.0,6.82
2025-01-21 07:00:00,3.35,76.6,2.1,4.5,0.245,1.786,0.0,0.529,0.348,7.06
2025-01-21 08:00:00,8.8,86.65,2.3,3.498,0.1,1.619,0.0,0.569,0.703,5.786
2025-01-21 09:00:00,8.88,70.07,3.0,3.988,0.148,0.099,0.0,0.248,1.124,4.483
2025-01-21 10:00:00,8.75,72.97,1.4,3.299,0.238,0.101,0.0,0.216,1.225,3.854
2025-01-21 11:00:00,12.02,84.14,1.6,2.538,0.1,0.109,0.0,0.214,0.801,2.961
2025-01-21 12:00:00,10.71,72.63,1.7,2.79,0.2,0.118,0.0,0.21,0.291,3.317
2025-01-21 13:00:00,9.8,67.63,0.8,2.772,0.24,0.1,0.0,0.197,0.0,3.309
2025-01-21 14:00:00,13.55,75.1,0.9,1.873,0.1,0.094,0.0,0.153,0.0,2.219
2025-01-21 15:00:00,11.9,71.83,0.8,2.237,0.146,0.09,0.0,0.139,0.0,2.613
2025-01-21 16:00:00,9.04,70.62,0.7,2.937,0.254,0.105,0.0,0.1,0.0,3.396
2025-01-21 17:00:00,9.52,70.28,2.3,3.51,0.1,0.118,0.0,1.194,0.0,4.922
2025-01-21 18:00:00,7.45,90.84,3.0,4.427,0.115,0.111,0.0,1.245,0.0,5.897
2025-01-21 19:00:00,5.49,77.19,2.5,4.5,0.236,1.324,0.0,1.297,0.0,7.357
2025-01-21 20:00:00,7.66,70.37,3.0,4.35,0.104,1.736,0.0,1.315,0.0,7.505
2025-01-21 21:00:00,7.84,89.02,3.8,4.5,0.174,1.641,0.0,1.463,0.0,7.778
2025-01-21 22:00:00,1.67,86.06,2.8,4.5,0.22,0.085,0.0,1.283,0.0,6.088
2025-01-21 23:00:00,3.57,80.41,3.1,4.5,0.1,0.109,0.0,1.319,0.0,6.028
2025-01-22 00:00:00,1.0,80.53,1.4,4.5,0.137,0.092,7.56,0.215,0.0,12.504
2025-01-22 01:00:00,0.75,89.16,1.1,4.5,0.245,0.1,6.712,0.212,0.0,11.769
2025-01-22 02:00:00,0.42,84.77,1.1,4.5,0.1,0.092,6.921,0.192,0.0,11.805
2025-01-22 03:00:00,0.19,76.17,0.9,4.5,0.169,0.083,0.0,0.145,0.0,4.897
2025-01-22 04:00:00,2.05,94.13,0.9,4.5,0.205,0.111,0.0,0.118,0.0,4.934
2025-01-22 05:00:00,1.53,82.07,0.6,4.5,0.1,0.113,0.0,0.19,0.0,4.903
2025-01-22 06:00:00,4.22,90.48,2.8,4.5,0.148,1.607,0.0,0.692,0.0,6.947
2025-01-22 07:00:00,4.94,87.95,1.8,4.5,0.216,1.613,0.0,0.538,0.487,6.866
2025-01-22 08:00:00,5.95,74.99,2.9,4.5,0.1,1.75,0.0,0.639,0.708,6.988
2025-01-22 09:00:00,6.24,83.61,1.9,4.181,0.155,0.112,0.0,0.142,1.191,4.592
2025-01-22 10:00:00,7.95,73.74,1.4,3.486,0.218,0.083,0.0,0.169,0.489,3.957
2025-01-22 11:00:00,10.98,66.42,0.9,2.52,0.109,0.112,0.0,0.114,0.588,2.856
2025-01-22 12:00:00,11.39,72.68,0.5,2.268,0.139,0.117,0.0,0.107,0.471,2.632
2025-01-22 13:00:00,9.67,76.19,1.2,3.006,0.231,0.102,0.0,0.192,0.0,3.532
2025-01-22 14:00:00,11.46,71.69,1.4,2.36,0.1,0.082,0.0,0.188,0.0,2.73
2025-01-22 15:00:00,12.27,72.67,0.8,2.179,0.12,0.091,0.0,0.214,0.0,2.604
2025-01-22 16:00:00,8.14,80.52,1.3,3.239,0.247,0.084,0.0,0.227,0.0,3.797
2025-01-22 17:00:00,10.66,76.29,2.1,2.89,0.1,0.09,0.0,1.09,0.0,4.17
2025-01-22 18:00:00,7.82,72.78,2.5,4.049,0.143,0.112,0.0,1.099,0.0,5.403
2025-01-22 19:00:00,8.46,81.96,3.5,4.194,0.242,1.233,7.706,1.315,0.0,14.691
2025-01-22 20:00:00,5.17,80.99,2.9,4.5,0.1,1.37,7.094,1.23,0.0,14.295
2025-01-22 21:00:00,2.31,68.94,2.3,4.5,0.179,1.51,7.384,1.188,0.0,14.761
2025-01-22 22:00:00,1.37,85.14,2.7,4.5,0.287,0.115,7.05,1.266,0.0,13.217
2025-01-22 23:00:00,2.85,86.2,2.6,4.5,0.1,0.09,7.64,1.219,0.0,13.549
2025-01-23 00:00:00,2.42,85.3,0.9,4.465,0.124,0.111,0.0,0.215,0.0,4.915
2025-01-23 01:00:00,0.17,90.25,0.9,4.5,0.239,0.103,0.0,0.304,0.0,5.146
2025-01-23 02:00:00,2.32,82.64,1.1,4.5,0.1,0.107,0.0,0.176,0.0,4.883
2025-01-23 03:00:00,-0.96,87.48,1.0,4.5,0.163,0.114,0.0,0.168,0.0,4.945
2025-01-23 04:00:00,1.93,77.36,1.5,4.5,0.239,0.081,0.0,0.154,0.0,4.974
2025-01-23 05:00:00,1.01,86.28,1.2,4.5,0.1,0.101,0.0,0.201,0.0,4.902
2025-01-23 06:00:00,2.88,92.77,2.7,4.5,0.144,1.978,0.0,0.672,0.0,7.293
2025-01-23 07:00:00,5.14,76.58,3.0,4.5,0.242,2.077,0.0,0.612,0.349,7.431
2025-01-23 08:00:00,5.07,76.2,2.3,4.5,0.1,1.536,0.0,0.568,0.623,6.704
2025-01-23 09:00:00,7.08,74.9,2.0,4.134,0.154,0.094,0.0,0.184,1.047,4.566
2025-01-23 10:00:00,10.37,77.65,1.5,2.791,0.21,0.083,0.0,0.137,1.04,3.221
2025-01-23 11:00:00,9.03,70.44,1.1,2.827,0.1,0.113,0.0,0.188,0.779,3.229
2025-01-23 12:00:00,11.94,76.91,1.1,2.272,0.187,0.114,0.0,0.19,0.504,2.764
2025-01-23 13:00:00,9.49,78.44,0.7,2.702,0.241,0.099,0.0,0.17,0.0,3.213
2025-01-23 14:00:00,12.15,76.67,0.8,2.078,0.1,0.081,0.0,0.265,0.0,2.523
2025-01-23 15:00:00,13.35,65.36,1.3,2.092,0.181,0.084,0.0,0.21,0.0,2.567
2025-01-23 16:00:00,6.98,79.78,1.4,3.684,0.222,0.105,0.0,0.136,0.0,4.147
2025-01-23 17:00:00,8.7,80.44,3.3,3.936,0.1,0.119,0.0,1.362,0.0,5.517
2025-01-23 18:00:00,9.72,81.15,3.3,3.759,0.139,0.114,0.0,1.314,0.0,5.326
2025-01-23 19:00:00,7.35,80.31,3.2,4.5,0.258,1.679,0.0,1.3,0.0,7.737
2025-01-23 20:00:00,6.92,81.1,3.1,4.5,0.1,1.451,0.0,1.28,0.0,7.331
2025-01-23 21:00:00,4.16,86.71,2.9,4.5,0.142,1.791,0.0,1.255,0.0,7.687
2025-01-23 22:00:00,3.99,92.62,3.5,4.5,0.231,0.113,0.0,1.371,0.0,6.215
2025-01-23 23:00:00,2.59,79.48,2.9,4.5,0.1,0.093,0.0,1.362,0.0,6.055
2025-01-24 00:00:00,3.83,90.59,1.1,4.403,0.113,0.11,7.166,0.166,0.0,11.957
2025-01-24 01:00:00,1.96,85.36,0.7,4.5,0.228,0.097,7.172,0.175,0.0,12.172
2025-01-24 02:00:00,1.92,85.35,0.7,4.5,0.1,0.106,6.845,0.184,0.0,11.735
2025-01-24 03:00:00,0.96,78.11,0.9,4.5,0.144,0.119,0.0,0.152,0.0,4.914
2025-01-24 04:00:00,1.35,83.77,0.7,4.5,0.239,0.09,0.0,0.15,0.0,4.979
2025-01-24 05:00:00,2.23,79.26,1.3,4.5,0.1,0.112,0.0,0.239,0.0,4.951
2025-01-24 06:00:00,4.5,80.68,2.0,4.5,0.133,1.865,0.0,0.531,0.0,7.029
2025-01-24 07:00:00,4.49,76.06,2.5,4.5,0.25,2.124,0.0,0.559,0.381,7.433
2025-01-24 08:00:00,6.85,77.76,2.6,4.311,0.1,1.537,0.0,0.693,0.541,6.641
2025-01-24 09:00:00,10.82,76.42,1.8,2.83,0.124,0.109,0.0,0.143,0.904,3.206
2025-01-24 10:00:00,10.22,77.48,0.8,2.553,0.258,0.081,0.0,0.219,1.028,3.111
2025-01-24 11:00:00,9.46,67.68,1.1,2.808,0.1,0.09,0.0,0.173,0.842,3.171
2025-01-24 12:00:00,12.54,67.58,1.2,2.226,0.128,0.093,0.0,0.124,0.424,2.572
2025-01-24 13:00:00,10.63,76.01,0.9,2.615,0.239,0.097,0.0,0.159,0.0,3.11
2025-01-24 14:00:00,8.35,70.01,1.3,3.406,0.1,0.119,0.0,0.177,0.0,3.802
2025-01-24 15:00:00,9.73,79.58,1.0,2.909,0.147,0.083,0.0,0.1,0.0,3.239
2025-01-24 16:00:00,7.94,75.93,1.0,3.227,0.24,0.087,0.0,0.202,0.0,3.755
2025-01-24 17:00:00,9.42,78.79,3.1,3.846,0.1,0.088,0.0,1.312,0.0,5.347
2025-01-24 18:00:00,8.94,84.05,3.4,4.072,0.165,0.097,0.0,1.322,0.0,5.655
2025-01-24 19:00:00,10.22,76.9,2.7,3.412,0.255,1.236,7.322,1.26,0.0,13.485
2025-01-24 20:00:00,6.9,77.13,2.8,4.5,0.1,1.779,6.888,1.259,0.0,14.527
2025-01-24 21:00:00,4.79,85.91,2.7,4.5,0.158,1.536,6.626,1.302,0.0,14.122
2025-01-24 22:00:00,5.16,85.55,2.9,4.5,0.208,0.113,7.368,1.205,0.0,13.393
2025-01-24 23:00:00,-0.44,83.31,3.6,4.5,0.1,0.111,7.21,1.357,0.0,13.277
2025-01-25 00:00:00,2.49,92.15,2.0,4.5,0.148,0.106,0.0,0.261,0.0,5.016
2025-01-25 01:00:00,2.79,84.73,1.3,4.5,0.218,0.116,0.0,0.217,0.0,5.052
2025-01-25 02:00:00,-0.75,86.16,1.6,4.5,0.1,0.116,0.0,0.1,0.0,4.816
2025-01-25 03:00:00,3.35,85.9,1.9,4.5,0.165,0.085,0.0,0.125,0.0,4.875
2025-01-25 04:00:00,2.64,80.52,1.4,4.5,0.247,0.116,0.0,0.193,0.0,5.056
2025-01-25 05:00:00,2.31,84.63,1.5,4.5,0.1,0.101,0.0,0.277,0.0,4.978
2025-01-25 06:00:00,4.92,89.98,3.8,4.5,0.165,1.633,0.0,0.685,0.0,6.984
2025-01-25 07:00:00,8.58,83.78,3.1,3.899,0.235,1.878,0.0,0.677,0.322,6.69
2025-01-25 08:00:00,6.74,80.16,3.7,4.5,0.1,1.642,0.0,0.699,0.907,6.941
2025-01-25 09:00:00,8.13,77.64,3.8,4.5,0.134,0.099,0.0,0.293,0.879,5.026
2025-01-25 10:00:00,8.28,78.65,1.5,3.44,0.258,0.113,0.0,0.249,1.099,4.059
2025-01-25 11:00:00,8.73,79.51,1.4,3.293,0.1,0.081,0.0,0.241,0.625,3.715
2025-01-25 12:00:00,12.04,77.85,1.7,2.503,0.174,0.087,0.0,0.246,0.313,3.01
2025-01-25 13:00:00,10.01,72.55,1.4,2.958,0.206,0.118,0.0,0.16,0.0,3.442
2025-01-25 14:00:00,11.57,75.62,1.8,2.616,0.1,0.098,0.0,0.198,0.0,3.011
2025-01-25 15:00:00,10.58,76.6,1.7,2.918,0.145,0.092,0.0,0.227,0.0,3.383
2025-01-25 16:00:00,11.52,69.77,1.9,2.59,0.266,0.117,0.0,0.232,0.0,3.206
2025-01-25 17:00:00,10.5,76.6,4.0,3.615,0.103,0.116,0.0,1.47,0.0,5.304
2025-01-25 18:00:00,10.52,66.19,4.0,3.621,0.132,0.082,0.0,1.352,0.0,5.186
2025-01-25 19:00:00,7.0,80.86,4.0,4.5,0.238,1.417,0.0,1.499,0.0,7.654
2025-01-25 20:00:00,6.06,83.3,3.0,4.5,0.1,1.748,0.0,1.197,0.0,7.545
2025-01-25 21:00:00,3.7,85.29,4.0,4.5,0.164,1.308,0.0,1.399,0.0,7.371
2025-01-25 22:00:00,3.3,81.02,4.0,4.5,0.254,0.103,0.0,1.45,0.0,6.307
2025-01-25 23:00:00,3.5,85.79,2.6,4.5,0.1,0.093,0.0,1.214,0.0,5.907
2025-01-26 00:00:00,3.33,92.32,2.1,4.5,0.151,0.109,6.483,0.283,0.0,11.527
2025-01-26 01:00:00,0.31,92.86,1.7,4.5,0.196,0.086,6.547,0.144,0.0,11.474
2025-01-26 02:00:00,2.83,85.85,1.5,4.5,0.1,0.104,6.718,0.176,0.0,11.597
2025-01-26 03:00:00,3.73,86.49,2.1,4.5,0.143,0.08,0.0,0.115,0.0,4.838
2025-01-26 04:00:00,2.82,90.75,2.5,4.5,0.212,0.09,0.0,0.231,0.0,5.034
2025-01-26 05:00:00,5.8,76.74,2.1,4.315,0.1,0.086,0.0,0.203,0.0,4.704
2025-01-26 06:00:00,2.86,81.38,3.2,4.5,0.143,1.591,0.0,0.59,0.0,6.824
2025-01-26 07:00:00,3.36,88.23,2.9,4.5,0.262,2.06,0.0,0.699,0.506,7.521
2025-01-26 08:00:00,3.86,84.88,3.4,4.5,0.1,2.099,0.0,0.723,0.952,7.421
2025-01-26 09:00:00,10.06,80.29,3.6,3.816,0.194,0.11,0.0,0.263,0.64,4.384
2025-01-26 10:00:00,10.01,69.47,1.6,3.01,0.254,0.104,0.0,0.256,1.187,3.623
2025-01-26 11:00:00,9.98,75.51,1.7,3.164,0.1,0.089,0.0,0.196,0.982,3.549
2025-01-26 12:00:00,11.28,71.85,2.9,2.878,0.129,0.091,0.0,0.274,0.501,3.372
2025-01-26 13:00:00,9.67,75.86,2.2,3.516,0.272,0.092,0.0,0.26,0.0,4.141
2025-01-26 14:00:00,15.19,69.95,2.3,1.78,0.1,0.111,0.0,0.164,0.0,2.155
2025-01-26 15:00:00,11.55,69.08,1.2,2.469,0.146,0.09,0.0,0.208,0.0,2.913
2025-01-26 16:00:00,11.02,64.48,1.5,2.606,0.263,0.119,0.0,0.204,0.0,3.192
2025-01-26 17:00:00,11.15,81.87,3.8,3.368,0.1,0.112,0.0,1.362,0.0,4.942
2025-01-26 18:00:00,9.75,75.0,3.4,3.799,0.125,0.12,0.0,1.28,0.0,5.324
2025-01-26 19:00:00,8.16,79.23,4.0,4.5,0.259,1.476,7.875,1.465,0.0,15.575
2025-01-26 20:00:00,5.34,79.99,4.0,4.5,0.1,1.554,7.442,1.426,0.0,15.022
2025-01-26 21:00:00,5.94,76.22,3.6,4.5,0.142,1.368,6.829,1.301,0.0,14.139
2025-01-26 22:00:00,6.85,76.7,4.0,4.5,0.206,0.104,7.814,1.469,0.0,14.093
2025-01-26 23:00:00,5.01,79.22,3.8,4.5,0.1,0.119,7.382,1.454,0.0,13.556
2025-01-27 00:00:00,4.65,81.58,2.0,4.5,0.147,0.081,7.309,0.153,0.0,12.19
2025-01-27 01:00:00,0.99,87.63,1.1,4.5,0.24,0.092,7.098,0.182,0.0,12.111
2025-01-27 02:00:00,0.1,82.02,1.2,4.5,0.1,0.091,6.89,0.263,0.0,11.844
2025-01-27 03:00:00,1.57,94.53,1.6,4.5,0.142,0.119,0.0,0.151,0.0,4.912
2025-01-27 04:00:00,2.34,90.33,1.5,4.5,0.246,0.085,0.0,0.281,0.0,5.112
2025-01-27 05:00:00,4.69,88.28,1.2,4.303,0.101,0.112,0.0,0.17,0.0,4.686
2025-01-27 06:00:00,1.55,82.4,2.4,4.5,0.146,1.638,0.0,0.592,0.0,6.876
2025-01-27 07:00:00,7.59,89.12,2.7,4.013,0.265,2.06,0.0,0.547,0.544,6.885
2025-01-27 08:00:00,6.35,78.91,2.2,4.162,0.1,1.791,0.0,0.506,1.073,6.559
2025-01-27 09:00:00,7.24,78.29,2.6,4.158,0.155,0.09,0.0,0.194,1.208,4.597
2025-01-27 10:00:00,7.57,77.85,0.6,3.517,0.216,0.108,0.0,0.211,0.787,4.053
2025-01-27 11:00:00,7.64,79.27,0.3,3.04,0.1,0.114,0.0,0.276,0.78,3.529
2025-01-27 12:00:00,12.15,77.99,1.0,2.232,0.162,0.099,0.0,0.311,0.438,2.804
2025-01-27 13:00:00,11.53,71.83,1.5,2.616,0.226,0.109,0.0,0.189,0.0,3.14
2025-01-27 14:00:00,9.65,71.34,1.4,3.107,0.1,0.087,0.0,0.173,0.0,3.468
2025-01-27 15:00:00,9.47,77.4,1.0,2.921,0.146,0.118,0.0,0.13,0.0,3.314
2025-01-27 16:00:00,10.41,78.38,1.7,3.039,0.233,0.084,0.0,0.257,0.0,3.613
2025-01-27 17:00:00,12.63,73.79,2.8,2.489,0.1,0.089,0.0,1.207,0.0,3.885
2025-01-27 18:00:00,8.7,69.06,2.2,3.536,0.14,0.092,0.0,1.145,0.0,4.913
2025-01-27 19:00:00,5.63,77.41,2.1,4.5,0.253,1.292,7.29,1.165,0.0,14.499
2025-01-27 20:00:00,6.22,83.12,2.5,4.486,0.1,1.444,7.262,1.227,0.0,14.518
2025-01-27 21:00:00,4.88,90.58,3.3,4.5,0.117,1.475,6.598,1.302,0.0,13.991
2025-01-27 22:00:00,0.04,77.01,2.7,4.5,0.242,0.101,7.822,1.235,0.0,13.9
2025-01-27 23:00:00,2.97,82.11,3.2,4.5,0.1,0.082,7.488,1.28,0.0,13.45
2025-01-28 00:00:00,1.98,83.25,1.7,4.5,0.132,0.089,0.0,0.158,0.0,4.879
2025-01-28 01:00:00,2.87,92.57,0.6,4.371,0.246,0.112,0.0,0.116,0.0,4.845
2025-01-28 02:00:00,4.43,85.83,1.2,4.265,0.1,0.112,0.0,0.112,0.0,4.59
2025-01-28 03:00:00,3.51,81.26,1.2,4.5,0.115,0.093,0.0,0.205,0.0,4.912
2025-01-28 04:00:00,1.92,87.99,0.7,4.5,0.214,0.098,0.0,0.158,0.0,4.97
2025-01-28 05:00:00,1.46,82.22,1.5,4.5,0.1,0.087,0.0,0.139,0.0,4.827
2025-01-28 06:00:00,8.01,76.88,2.4,4.134,0.123,2.032,0.0,0.529,0.0,6.819
2025-01-28 07:00:00,5.45,77.09,2.3,4.5,0.248,2.129,0.0,0.526,0.407,7.403
2025-01-28 08:00:00,6.67,88.67,3.3,4.5,0.1,1.65,0.0,0.637,0.943,6.887
2025-01-28 09:00:00,7.91,80.37,2.7,4.09,0.153,0.111,0.0,0.288,1.189,4.642
2025-01-28 10:00:00,9.45,77.54,1.4,3.077,0.237,0.094,0.0,0.157,1.093,3.565
2025-01-28 11:00:00,9.97,74.51,1.5,3.053,0.1,0.08,0.0,0.224,0.848,3.457
2025-01-28 12:00:00,10.12,76.26,0.7,2.706,0.17,0.104,0.0,0.25,0.298,3.231
2025-01-28 13:00:00,10.66,75.61,1.5,2.739,0.233,0.096,0.0,0.203,0.0,3.271
2025-01-28 14:00:00,11.6,75.46,0.8,2.447,0.1,0.11,0.0,0.136,0.0,2.793
2025-01-28 15:00:00,10.67,74.78,0.8,2.56,0.1,0.11,0.0,0.169,0.0,2.939
2025-01-28 16:00:00,9.91,79.15,0.9,2.727,0.259,0.118,0.0,0.175,0.0,3.278
2025-01-28 17:00:00,10.35,75.87,2.8,3.555,0.1,0.098,0.0,1.327,0.0,5.079
2025-01-28 18:00:00,8.77,72.11,3.3,4.022,0.129,0.099,0.0,1.246,0.0,5.496
2025-01-28 19:00:00,10.2,75.38,3.1,3.508,0.223,1.44,0.0,1.353,0.0,6.523
2025-01-28 20:00:00,2.68,70.1,2.8,4.5,0.1,1.378,0.0,1.161,0.0,7.14
2025-01-28 21:00:00,7.0,91.69,3.3,4.5,0.132,1.583,0.0,1.364,0.0,7.579
2025-01-28 22:00:00,6.02,87.31,2.9,4.5,0.223,0.113,0.0,1.242,0.0,6.079
2025-01-28 23:00:00,0.01,80.09,2.9,4.5,0.1,0.086,0.0,1.35,0.0,6.037
2025-01-29 00:00:00,1.88,83.79,1.0,4.5,0.155,0.119,7.861,0.214,0.0,12.85
2025-01-29 01:00:00,1.33,82.61,1.2,4.5,0.251,0.107,7.143,0.214,0.0,12.216
2025-01-29 02:00:00,-0.39,93.71,1.2,4.5,0.1,0.111,6.93,0.138,0.0,11.779
2025-01-29 03:00:00,0.73,78.7,0.9,4.5,0.198,0.12,0.0,0.266,0.0,5.084
2025-01-29 04:00:00,0.73,85.77,1.3,4.5,0.25,0.1,0.0,0.331,0.0,5.181
2025-01-29 05:00:00,5.81,83.7,0.9,3.601,0.1,0.083,0.0,0.278,0.0,4.062
2025-01-29 06:00:00,5.63,87.13,2.2,4.395,0.126,2.009,0.0,0.529,0.0,7.058
2025-01-29 07:00:00,7.33,81.03,1.9,4.043,0.275,2.067,0.0,0.544,0.349,6.928
2025-01-29 08:00:00,7.8,71.21,2.9,3.984,0.1,1.557,0.0,0.572,0.936,6.213
2025-01-29 09:00:00,6.32,77.19,2.5,4.347,0.144,0.081,0.0,0.195,1.198,4.767
2025-01-29 10:00:00,8.43,72.14,1.1,3.068,0.244,0.085,0.0,0.197,0.914,3.595
2025-01-29 11:00:00,10.99,76.16,1.4,2.643,0.1,0.093,0.0,0.229,0.896,3.065
2025-01-29 12:00:00,9.22,81.97,0.8,2.863,0.103,0.117,0.0,0.201,0.478,3.284
2025-01-29 13:00:00,12.62,65.51,0.5,1.92,0.248,0.08,0.0,0.1,0.0,2.348
2025-01-29 14:00:00,11.36,70.0,1.0,2.633,0.1,0.112,0.0,0.179,0.0,3.024
2025-01-29 15:00:00,10.99,71.44,1.1,2.454,0.161,0.114,0.0,0.21,0.0,2.938
2025-01-29 16:00:00,12.12,72.9,0.9,2.206,0.236,0.112,0.0,0.224,0.0,2.779
2025-01-29 17:00:00,10.92,79.46,3.6,3.444,0.1,0.083,0.0,1.396,0.0,5.023
2025-01-29 18:00:00,8.68,76.13,2.0,3.428,0.153,0.107,0.0,1.145,0.0,4.834
2025-01-29 19:00:00,9.75,80.53,3.4,3.802,0.239,1.772,7.05,1.34,0.0,14.203
2025-01-29 20:00:00,5.1,76.87,3.3,4.5,0.1,1.272,7.774,1.344,0.0,14.991
2025-01-29 21:00:00,6.35,82.7,3.2,4.5,0.151,1.219,7.836,1.438,0.0,15.144
2025-01-29 22:00:00,5.11,86.89,1.7,4.358,0.268,0.115,6.762,1.127,0.0,12.629
2025-01-29 23:00:00,2.72,80.58,3.5,4.5,0.1,0.106,7.792,1.38,0.0,13.878
2025-01-30 00:00:00,2.95,89.1,0.6,4.452,0.152,0.106,0.0,0.204,0.0,4.914
2025-01-30 01:00:00,0.09,86.06,0.8,4.5,0.25,0.119,0.0,0.178,0.0,5.046
2025-01-30 02:00:00,3.18,91.23,0.9,4.451,0.1,0.111,0.0,0.182,0.0,4.843
2025-01-30 03:00:00,1.69,84.79,1.2,4.5,0.169,0.096,0.0,0.232,0.0,4.997
2025-01-30 04:00:00,1.68,87.1,1.3,4.5,0.221,0.097,0.0,0.158,0.0,4.977
2025-01-30 05:00:00,4.83,84.04,1.4,4.47,0.1,0.086,0.0,0.184,0.0,4.84
2025-01-30 06:00:00,3.24,82.52,2.8,4.5,0.134,1.659,0.0,0.558,0.0,6.85
2025-01-30 07:00:00,3.39,82.85,2.6,4.5,0.252,1.761,0.0,0.647,0.486,7.16
2025-01-30 08:00:00,4.46,82.68,2.7,4.5,0.1,1.628,0.0,0.667,1.064,6.895
2025-01-30 09:00:00,9.0,72.2,2.1,3.291,0.125,0.117,0.0,0.242,1.28,3.774
2025-01-30 10:00:00,7.37,84.17,0.7,3.283,0.244,0.08,0.0,0.159,0.743,3.768
2025-01-30 11:00:00,12.96,66.46,1.4,2.3,0.1,0.103,0.0,0.189,1.098,2.692
2025-01-30 12:00:00,8.0,71.38,1.3,3.415,0.145,0.111,0.0,0.197,0.558,3.869
2025-01-30 13:00:00,14.17,73.73,1.3,1.69,0.243,0.109,0.0,0.243,0.0,2.285
2025-01-30 14:00:00,12.11,76.06,0.8,2.238,0.1,0.106,0.0,0.226,0.0,2.67
2025-01-30 15:00:00,11.48,82.09,1.4,2.457,0.124,0.096,0.0,0.119,0.0,2.796
2025-01-30 16:00:00,10.31,65.51,0.5,2.535,0.24,0.117,0.0,0.122,0.0,3.013
2025-01-30 17:00:00,10.93,73.22,3.4,3.229,0.1,0.093,0.0,1.371,0.0,4.793
2025-01-30 18:00:00,9.24,66.37,2.9,3.608,0.138,0.11,0.0,1.196,0.0,5.053
2025-01-30 19:00:00,9.74,78.61,3.7,3.915,0.253,1.756,0.0,1.434,0.0,7.358
2025-01-30 20:00:00,6.97,81.36,2.4,4.207,0.1,1.277,0.0,1.169,0.0,6.753
2025-01-30 21:00:00,5.73,89.51,3.7,4.5,0.137,1.768,0.0,1.428,0.0,7.833
2025-01-30 22:00:00,3.75,83.6,2.9,4.5,0.235,0.111,0.0,1.259,0.0,6.104
2025-01-30 23:00:00,3.17,89.46,2.8,4.5,0.1,0.105,0.0,1.251,0.0,5.955
2025-01-31 00:00:00,3.0,88.12,1.1,4.5,0.132,0.095,7.189,0.128,0.0,12.045
2025-01-31 01:00:00,-0.53,83.62,0.7,4.5,0.232,0.116,7.178,0.144,0.0,12.17
2025-01-31 02:00:00,-0.15,78.96,1.0,4.5,0.1,0.082,7.624,0.173,0.0,12.479
2025-01-31 03:00:00,3.15,87.17,0.7,4.339,0.147,0.097,0.0,0.164,0.0,4.747
2025-01-31 04:00:00,2.8,77.74,0.7,4.452,0.231,0.11,0.0,0.208,0.0,5.001
2025-01-31 05:00:00,3.06,90.72,1.2,4.5,0.1,0.112,0.0,0.154,0.0,4.866
2025-01-31 06:00:00,4.4,82.19,2.1,4.5,0.161,1.586,0.0,0.57,0.0,6.816
2025-01-31 07:00:00,6.1,87.53,2.2,4.277,0.214,1.474,0.0,0.651,0.626,6.616
2025-01-31 08:00:00,6.06,77.6,2.0,4.335,0.1,2.018,0.0,0.597,0.919,7.05
2025-01-31 09:00:00,7.0,79.79,2.3,4.178,0.111,0.097,0.0,0.224,0.916,4.61
2025-01-31 10:00:00,9.66,78.05,1.5,3.038,0.233,0.086,0.0,0.123,1.222,3.48
2025-01-31 11:00:00,8.94,75.53,0.7,2.868,0.1,0.083,0.0,0.101,0.673,3.153
2025-01-31 12:00:00,11.81,72.64,0.7,2.32,0.161,0.106,0.0,0.203,0.331,2.79
2025-01-31 13:00:00,9.15,76.17,1.1,3.015,0.24,0.103,0.0,0.219,0.0,3.577
2025-01-31 14:00:00,13.41,69.37,0.9,1.812,0.1,0.114,0.0,0.1,0.0,2.127
2025-01-31 15:00:00,12.41,68.16,1.9,2.388,0.151,0.081,0.0,0.242,0.0,2.862
2025-01-31 16:00:00,11.58,81.02,0.9,2.439,0.223,0.115,0.0,0.15,0.0,2.927
2025-01-31 17:00:00,11.88,79.39,3.1,2.789,0.1,0.115,0.0,1.281,0.0,4.286
2025-01-31 18:00:00,11.87,77.33,3.4,2.991,0.145,0.098,0.0,1.385,0.0,4.619
2025-01-31 19:00:00,9.69,86.77,3.4,3.855,0.221,1.246,6.718,1.376,0.0,13.416
2025-01-31 20:00:00,4.11,78.66,3.1,4.5,0.1,1.768,6.542,1.29,0.0,14.2
2025-01-31 21:00:00,3.66,88.17,2.9,4.5,0.14,1.243,7.155,1.304,0.0,14.342
2025-01-31 22:00:00,3.43,83.88,3.8,4.5,0.245,0.104,6.974,1.391,0.0,13.214
2025-01-31 23:00:00,3.37,79.12,3.0,4.5,0.1,0.1,7.598,1.234,0.0,13.532
2025-02-01 00:00:00,3.39,94.44,1.6,4.5,0.159,0.113,0.0,0.262,0.0,5.034
2025-02-01 01:00:00,1.03,90.75,1.5,4.5,0.245,0.1,0.0,0.263,0.0,5.108
2025-02-01 02:00:00,2.23,85.39,1.1,4.5,0.1,0.099,0.0,0.151,0.0,4.85
2025-02-01 03:00:00,0.99,89.43,2.1,4.5,0.148,0.115,0.0,0.187,0.0,4.95
2025-02-01 04:00:00,1.7,83.18,0.9,4.5,0.247,0.119,0.0,0.22,0.0,5.086
2025-02-01 05:00:00,1.3,88.39,1.8,4.5,0.112,0.102,0.0,0.169,0.0,4.884
2025-02-01 06:00:00,3.06,71.04,3.2,4.5,0.13,1.767,0.0,0.697,0.0,7.095
2025-02-01 07:00:00,3.63,76.45,4.0,4.5,0.237,2.038,0.0,0.669,0.406,7.445
2025-02-01 08:00:00,5.48,84.9,2.6,4.5,0.1,2.038,0.0,0.591,1.143,7.229
2025-02-01 09:00:00,9.82,77.2,2.9,3.613,0.15,0.093,0.0,0.287,0.984,4.142
2025-02-01 10:00:00,8.02,78.04,1.7,3.494,0.223,0.103,0.0,0.154,0.917,3.974
2025-02-01 11:00:00,14.43,69.02,1.7,1.79,0.1,0.086,0.0,0.172,0.631,2.149
2025-02-01 12:00:00,12.02,84.04,1.6,2.422,0.153,0.105,0.0,0.216,0.458,2.897
2025-02-01 13:00:00,12.06,80.16,1.8,2.631,0.227,0.113,0.0,0.113,0.0,3.085
2025-02-01 14:00:00,10.66,73.0,1.3,2.693,0.1,0.088,0.0,0.193,0.0,3.073
2025-02-01 15:00:00,12.83,72.18,1.9,2.447,0.179,0.093,0.0,0.266,0.0,2.985
2025-02-01 16:00:00,10.42,79.95,0.9,2.576,0.253,0.098,0.0,0.219,0.0,3.147
2025-02-01 17:00:00,10.67,85.67,3.8,3.516,0.1,0.114,0.0,1.404,0.0,5.134
2025-02-01 18:00:00,13.29,81.77,3.6,2.651,0.132,0.109,0.0,1.371,0.0,4.263
2025-02-01 19:00:00,8.1,89.31,4.0,4.5,0.238,1.39,0.0,1.515,0.0,7.643
2025-02-01 20:00:00,8.67,75.39,4.0,4.318,0.1,1.346,0.0,1.509,0.0,7.273
2025-02-01 21:00:00,4.6,77.46,3.7,4.5,0.165,1.617,0.0,1.382,0.0,7.665
2025-02-01 22:00:00,4.4,77.06,4.0,4.5,0.254,0.099,0.0,1.409,0.0,6.262
2025-02-01 23:00:00,6.07,86.45,3.7,4.5,0.1,0.104,0.0,1.431,0.0,6.134
2025-02-02 00:00:00,1.76,86.07,1.4,4.5,0.115,0.106,7.332,0.249,0.0,12.302
2025-02-02 01:00:00,4.92,85.04,2.5,4.5,0.231,0.102,6.781,0.294,0.0,11.908
2025-02-02 02:00:00,3.09,90.05,2.0,4.5,0.1,0.105,6.823,0.239,0.0,11.767
2025-02-02 03:00:00,1.36,91.96,1.8,4.5,0.132,0.116,0.0,0.186,0.0,4.933
2025-02-02 04:00:00,3.65,77.57,2.1,4.5,0.261,0.115,0.0,0.129,0.0,5.004
2025-02-02 05:00:00,4.95,81.26,1.9,4.425,0.1,0.086,0.0,0.304,0.0,4.915
2025-02-02 06:00:00,5.46,87.1,3.3,4.5,0.174,1.862,0.0,0.742,0.0,7.278
2025-02-02 07:00:00,3.38,79.21,2.8,4.5,0.25,1.756,0.0,0.583,0.48,7.089
2025-02-02 08:00:00,5.94,76.01,3.2,4.5,0.1,1.646,0.0,0.665,0.776,6.91
2025-02-02 09:00:00,7.95,83.54,3.5,4.445,0.156,0.105,0.0,0.245,1.311,4.952
2025-02-02 10:00:00,9.42,70.55,1.8,3.337,0.21,0.1,0.0,0.206,1.404,3.853
2025-02-02 11:00:00,11.5,74.25,2.2,2.732,0.1,0.111,0.0,0.195,0.591,3.138
2025-02-02 12:00:00,11.63,76.45,2.0,2.607,0.136,0.084,0.0,0.243,0.445,3.069
2025-02-02 13:00:00,9.86,71.34,1.4,2.943,0.238,0.092,0.0,0.137,0.0,3.409
2025-02-02 14:00:00,12.6,77.92,1.3,2.09,0.1,0.081,0.0,0.168,0.0,2.439
2025-02-02 15:00:00,12.78,71.36,1.7,2.152,0.155,0.11,0.0,0.246,0.0,2.663
2025-02-02 16:00:00,12.2,81.85,1.6,2.233,0.254,0.116,0.0,0.1,0.0,2.704
2025-02-02 17:00:00,12.19,75.13,3.9,2.95,0.1,0.103,0.0,1.445,0.0,4.599
2025-02-02 18:00:00,10.78,80.36,3.5,3.596,0.153,0.105,0.0,1.335,0.0,5.188
2025-02-02 19:00:00,9.01,82.18,3.6,3.974,0.228,1.228,6.918,1.449,0.0,13.797
2025-02-02 20:00:00,6.93,76.86,4.0,4.5,0.1,1.502,6.8,1.456,0.0,14.358
2025-02-02 21:00:00,3.24,71.29,3.9,4.5,0.164,1.516,6.918,1.378,0.0,14.476
2025-02-02 22:00:00,5.17,84.8,3.5,4.5,0.255,0.082,7.499,1.436,0.0,13.771
2025-02-02 23:00:00,3.81,84.6,3.8,4.5,0.1,0.111,7.236,1.41,0.0,13.358
2025-02-03 00:00:00,3.19,87.98,1.6,4.5,0.158,0.091,6.635,0.203,0.0,11.587
2025-02-03 01:00:00,0.37,84.66,1.1,4.5,0.208,0.109,6.677,0.228,0.0,11.722
2025-02-03 02:00:00,0.49,83.85,1.2,4.5,0.1,0.096,7.025,0.157,0.0,11.878
2025-02-03 03:00:00,3.87,95.0,0.7,4.128,0.134,0.12,0.0,0.243,0.0,4.624
2025-02-03 04:00:00,2.73,77.83,1.4,4.5,0.244,0.088,0.0,0.221,0.0,5.053
2025-02-03 05:00:00,4.6,87.91,1.9,4.5,0.1,0.082,0.0,0.176,0.0,4.858
2025-02-03 06:00:00,4.66,80.13,2.2,4.5,0.157,2.146,0.0,0.553,0.0,7.355
2025-02-03 07:00:00,5.87,79.87,2.0,4.5,0.242,1.616,0.0,0.499,0.542,6.857
2025-02-03 08:00:00,8.52,78.41,2.6,3.779,0.1,1.897,0.0,0.621,1.119,6.398
2025-02-03 09:00:00,7.64,74.43,2.9,4.184,0.128,0.095,0.0,0.227,1.488,4.634
2025-02-03 10:00:00,9.76,79.86,1.0,2.88,0.257,0.106,0.0,0.195,1.284,3.438
2025-02-03 11:00:00,9.96,82.71,0.6,2.789,0.1,0.104,0.0,0.1,0.71,3.093
2025-02-03 12:00:00,10.79,77.15,1.0,2.519,0.133,0.108,0.0,0.153,0.625,2.913
2025-02-03 13:00:00,11.48,74.72,1.2,2.553,0.216,0.081,0.0,0.138,0.0,2.987
2025-02-03 14:00:00,12.45,69.07,0.8,2.035,0.1,0.113,0.0,0.2,0.0,2.448
2025-02-03 15:00:00,11.23,76.79,1.2,2.584,0.179,0.099,0.0,0.157,0.0,3.02
2025-02-03 16:00:00,13.33,85.59,1.5,2.156,0.237,0.101,0.0,0.217,0.0,2.711
2025-02-03 17:00:00,9.31,73.85,3.1,3.637,0.101,0.096,0.0,1.269,0.0,5.104
2025-02-03 18:00:00,9.34,75.12,3.0,3.664,0.146,0.12,0.0,1.36,0.0,5.289
2025-02-03 19:00:00,7.75,75.64,3.3,4.467,0.242,1.681,7.193,1.336,0.0,14.919
2025-02-03 20:00:00,9.29,77.55,2.7,3.666,0.1,1.387,6.557,1.271,0.0,12.981
2025-02-03 21:00:00,6.12,67.83,2.6,4.5,0.183,1.67,7.048,1.213,0.0,14.613
2025-02-03 22:00:00,6.16,85.03,2.9,4.5,0.247,0.097,6.984,1.309,0.0,13.137
2025-02-03 23:00:00,1.35,80.01,2.8,4.5,0.1,0.115,7.412,1.21,0.0,13.337
2025-02-04 00:00:00,3.27,77.14,0.7,4.5,0.151,0.081,0.0,0.168,0.0,4.9
2025-02-04 01:00:00,3.71,89.56,1.7,4.5,0.216,0.094,0.0,0.179,0.0,4.989
2025-02-04 02:00:00,2.33,80.59,1.9,4.5,0.1,0.097,0.0,0.299,0.0,4.997
2025-02-04 03:00:00,3.97,84.1,0.9,4.2,0.151,0.11,0.0,0.116,0.0,4.577
2025-02-04 04:00:00,2.1,92.53,1.0,4.5,0.264,0.087,0.0,0.285,0.0,5.136
2025-02-04 05:00:00,5.78,77.2,0.9,3.892,0.1,0.091,0.0,0.109,0.0,4.192
2025-02-04 06:00:00,8.15,75.34,2.9,4.029,0.171,1.961,0.0,0.672,0.0,6.834
2025-02-04 07:00:00,5.37,82.9,3.0,4.5,0.235,1.495,0.0,0.611,0.516,6.841
2025-02-04 08:00:00,6.54,85.75,1.8,4.092,0.1,1.585,0.0,0.556,0.743,6.332
2025-02-04 09:00:00,10.68,70.58,2.7,3.087,0.164,0.11,0.0,0.222,1.426,3.583
2025-02-04 10:00:00,12.07,79.04,0.5,2.09,0.249,0.115,0.0,0.123,0.874,2.577
2025-02-04 11:00:00,9.96,78.66,1.7,2.973,0.1,0.109,0.0,0.205,1.098,3.387
2025-02-04 12:00:00,10.9,64.51,1.2,2.631,0.167,0.101,0.0,0.164,0.567,3.064
2025-02-04 13:00:00,11.61,78.2,0.7,2.195,0.258,0.084,0.0,0.199,0.0,2.736
2025-02-04 14:00:00,10.19,78.38,0.9,2.709,0.106,0.113,0.0,0.127,0.0,3.054
2025-02-04 15:00:00,10.66,72.65,0.9,2.55,0.182,0.085,0.0,0.2,0.0,3.018
2025-02-04 16:00:00,10.03,81.07,1.2,2.837,0.246,0.095,0.0,0.23,0.0,3.407
2025-02-04 17:00:00,9.59,81.44,3.4,4.002,0.1,0.082,0.0,1.341,0.0,5.526
2025-02-04 18:00:00,9.65,77.52,2.5,3.412,0.157,0.108,0.0,1.14,0.0,4.818
2025-02-04 19:00:00,8.85,76.19,3.7,3.977,0.198,1.502,0.0,1.484,0.0,7.162
2025-02-04 20:00:00,9.53,75.14,3.6,4.004,0.1,1.745,0.0,1.406,0.0,7.254
2025-02-04 21:00:00,4.41,81.37,2.6,4.5,0.129,1.283,0.0,1.188,0.0,7.1
2025-02-04 22:00:00,6.18,85.85,3.0,4.5,0.259,0.113,0.0,1.309,0.0,6.181
2025-02-04 23:00:00,3.35,82.62,3.7,4.5,0.103,0.1,0.0,1.306,0.0,6.009
2025-02-05 00:00:00,2.89,74.21,1.5,4.5,0.121,0.095,7.336,0.254,0.0,12.305
2025-02-05 01:00:00,3.48,92.14,0.9,4.407,0.236,0.106,7.39,0.282,0.0,12.421
2025-02-05 02:00:00,0.61,86.95,1.3,4.5,0.1,0.112,6.706,0.231,0.0,11.649
2025-02-05 03:00:00,3.04,83.9,2.2,4.5,0.115,0.098,0.0,0.166,0.0,4.879
2025-02-05 04:00:00,3.22,89.48,1.0,4.43,0.234,0.089,0.0,0.1,0.0,4.854
2025-02-05 05:00:00,4.5,91.87,0.7,3.797,0.1,0.117,0.0,0.241,0.0,4.254
2025-02-05 06:00:00,5.23,68.99,2.6,4.5,0.165,1.665,0.0,0.598,0.0,6.929
2025-02-05 07:00:00,9.69,83.72,2.6,3.363,0.24,2.159,0.0,0.588,0.445,6.349
2025-02-05 08:00:00,6.34,72.87,2.3,4.351,0.1,1.992,0.0,0.641,0.993,7.085
2025-02-05 09:00:00,7.79,80.94,2.7,4.056,0.152,0.108,0.0,0.201,1.341,4.517
2025-02-05 10:00:00,8.86,77.64,0.5,2.96,0.207,0.08,0.0,0.203,1.368,3.45
2025-02-05 11:00:00,10.0,78.94,0.7,2.698,0.1,0.098,0.0,0.173,0.656,3.069
2025-02-05 12:00:00,10.67,72.31,1.3,2.732,0.13,0.1,0.0,0.201,0.482,3.164
2025-02-05 13:00:00,13.91,64.84,0.3,1.366,0.258,0.095,0.0,0.24,0.0,1.959
2025-02-05 14:00:00,14.43,71.75,1.4,1.658,0.1,0.086,0.0,0.166,0.0,2.01
2025-02-05 15:00:00,11.27,76.24,0.2,2.278,0.156,0.095,0.0,0.127,0.0,2.656
2025-02-05 16:00:00,10.38,79.88,0.3,2.51,0.219,0.083,0.0,0.149,0.0,2.962
2025-02-05 17:00:00,11.54,69.9,2.8,2.861,0.1,0.092,0.0,1.188,0.0,4.24
2025-02-05 18:00:00,8.97,82.14,3.1,3.726,0.123,0.083,0.0,1.345,0.0,5.277
2025-02-05 19:00:00,9.54,75.21,3.5,3.869,0.264,1.651,6.772,1.405,0.0,13.961
2025-02-05 20:00:00,7.6,81.81,3.0,3.994,0.107,1.603,7.826,1.283,0.0,14.813
2025-02-05 21:00:00,3.73,79.0,2.9,4.5,0.161,1.764,6.716,1.218,0.0,14.359
2025-02-05 22:00:00,7.12,83.91,3.2,4.5,0.251,0.095,6.978,1.18,0.0,13.004
2025-02-05 23:00:00,6.45,88.7,2.7,4.5,0.1,0.111,7.18,1.183,0.0,13.074
2025-02-06 00:00:00,2.14,79.06,1.1,4.5,0.118,0.104,0.0,0.17,0.0,4.891
2025-02-06 01:00:00,1.98,82.4,0.5,4.5,0.22,0.106,0.0,0.1,0.0,4.926
2025-02-06 02:00:00,2.82,86.92,1.0,4.424,0.1,0.102,0.0,0.306,0.0,4.932
2025-02-06 03:00:00,3.06,95.0,0.9,4.433,0.142,0.111,0.0,0.199,0.0,4.886
2025-02-06 04:00:00,4.05,80.88,0.7,4.079,0.224,0.082,0.0,0.198,0.0,4.583
2025-02-06 05:00:00,6.87,94.44,1.1,3.533,0.1,0.083,0.0,0.174,0.0,3.891
2025-02-06 06:00:00,4.63,93.02,2.6,4.5,0.133,1.509,0.0,0.642,0.0,6.784
2025-02-06 07:00:00,4.9,81.07,3.0,4.5,0.28,1.648,0.0,0.623,0.58,7.05
2025-02-06 08:00:00,5.32,78.51,1.9,4.356,0.1,1.866,0.0,0.541,0.815,6.862
2025-02-06 09:00:00,7.59,74.99,2.5,4.009,0.168,0.106,0.0,0.294,1.368,4.577
2025-02-06 10:00:00,9.84,76.66,0.7,2.785,0.231,0.109,0.0,0.226,0.88,3.351
2025-02-06 11:00:00,13.62,68.72,1.3,1.81,0.1,0.091,0.0,0.19,0.819,2.191
2025-02-06 12:00:00,10.94,74.42,1.3,2.56,0.16,0.106,0.0,0.29,0.456,3.116
2025-02-06 13:00:00,12.56,81.69,1.2,2.119,0.24,0.085,0.0,0.182,0.0,2.625
2025-02-06 14:00:00,12.37,70.94,0.7,2.11,0.1,0.08,0.0,0.146,0.0,2.436
2025-02-06 15:00:00,14.0,73.0,1.4,1.817,0.143,0.108,0.0,0.197,0.0,2.266
2025-02-06 16:00:00,15.51,66.3,0.4,1.246,0.24,0.109,0.0,0.177,0.0,1.772
2025-02-06 17:00:00,10.13,77.63,2.3,3.152,0.1,0.105,0.0,1.109,0.0,4.466
2025-02-06 18:00:00,9.16,78.32,2.5,3.471,0.13,0.09,0.0,1.223,0.0,4.914
2025-02-06 19:00:00,10.25,78.77,3.0,3.485,0.262,1.756,0.0,1.384,0.0,6.887
2025-02-06 20:00:00,8.41,78.92,3.3,4.093,0.1,1.725,0.0,1.371,0.0,7.289
2025-02-06 21:00:00,8.87,80.09,1.8,3.456,0.145,1.509,0.0,1.123,0.0,6.233
2025-02-06 22:00:00,5.77,85.51,3.5,4.5,0.218,0.12,0.0,1.389,0.0,6.226
2025-02-06 23:00:00,3.32,84.1,3.1,4.5,0.1,0.092,0.0,1.238,0.0,5.93
2025-02-07 00:00:00,4.05,86.77,0.4,3.917,0.17,0.1,6.886,0.111,0.0,11.184
2025-02-07 01:00:00,4.32,86.87,1.0,4.229,0.208,0.117,6.653,0.189,0.0,11.397
2025-02-07 02:00:00,3.72,91.62,1.4,4.5,0.11,0.098,7.918,0.172,0.0,12.799
2025-02-07 03:00:00,3.42,89.18,1.2,4.5,0.154,0.099,0.0,0.115,0.0,4.868
2025-02-07 04:00:00,4.76,86.16,1.4,4.419,0.244,0.083,0.0,0.176,0.0,4.922
2025-02-07 05:00:00,5.71,91.83,0.5,3.631,0.1,0.088,0.0,0.186,0.0,4.005
2025-02-07 06:00:00,7.06,85.1,2.3,4.129,0.149,1.554,0.0,0.616,0.0,6.448
2025-02-07 07:00:00,7.17,88.08,2.1,3.92,0.256,1.847,0.0,0.529,0.534,6.552
2025-02-07 08:00:00,7.24,83.03,3.2,4.5,0.1,1.669,0.0,0.653,1.135,6.922
2025-02-07 09:00:00,9.0,69.24,2.8,3.638,0.153,0.083,0.0,0.253,1.188,4.127
2025-02-07 10:00:00,11.8,83.52,2.1,2.671,0.236,0.1,0.0,0.151,0.991,3.158
2025-02-07 11:00:00,9.8,76.43,0.8,2.759,0.1,0.107,0.0,0.136,1.167,3.102
2025-02-07 12:00:00,12.37,74.54,0.7,2.08,0.122,0.109,0.0,0.171,0.425,2.482
2025-02-07 13:00:00,11.73,75.61,0.9,2.289,0.26,0.114,0.0,0.133,0.0,2.795
2025-02-07 14:00:00,12.53,72.28,1.6,2.214,0.1,0.099,0.0,0.18,0.0,2.594
2025-02-07 15:00:00,14.24,75.34,0.9,1.517,0.171,0.096,0.0,0.3,0.0,2.083
2025-02-07 16:00:00,12.11,71.84,1.0,2.405,0.22,0.107,0.0,0.106,0.0,2.839
2025-02-07 17:00:00,11.09,82.13,3.0,3.123,0.1,0.081,0.0,1.357,0.0,4.661
2025-02-07 18:00:00,7.95,76.43,3.0,4.157,0.175,0.105,0.0,1.3,0.0,5.737
2025-02-07 19:00:00,9.9,76.53,2.7,3.431,0.212,1.443,7.584,1.177,0.0,13.847
2025-02-07 20:00:00,8.46,75.38,2.9,4.088,0.1,1.472,6.692,1.305,0.0,13.657
2025-02-07 21:00:00,9.44,82.9,2.9,3.853,0.138,1.378,7.866,1.271,0.0,14.506
2025-02-07 22:00:00,4.53,83.94,3.0,4.5,0.219,0.085,7.389,1.34,0.0,13.533
2025-02-07 23:00:00,4.28,86.18,3.4,4.5,0.1,0.096,7.339,1.373,0.0,13.408
2025-02-08 00:00:00,3.63,80.06,2.5,4.5,0.128,0.092,0.0,0.235,0.0,4.955
2025-02-08 01:00:00,5.13,77.79,1.5,4.114,0.199,0.118,0.0,0.179,0.0,4.61
2025-02-08 02:00:00,2.45,89.13,1.6,4.5,0.1,0.118,0.0,0.258,0.0,4.975
2025-02-08 03:00:00,3.18,93.22,1.5,4.5,0.161,0.106,0.0,0.174,0.0,4.941
2025-02-08 04:00:00,4.17,80.06,1.9,4.5,0.261,0.116,0.0,0.136,0.0,5.013
2025-02-08 05:00:00,4.33,92.19,1.6,4.5,0.1,0.11,0.0,0.103,0.0,4.813
2025-02-08 06:00:00,4.42,84.42,3.4,4.5,0.189,1.689,0.0,0.61,0.0,6.988
2025-02-08 07:00:00,6.59,81.52,3.7,4.5,0.264,1.875,0.0,0.739,0.453,7.378
2025-02-08 08:00:00,9.2,78.01,2.3,3.598,0.1,1.599,0.0,0.565,1.244,5.862
2025-02-08 09:00:00,7.34,71.52,3.5,4.473,0.159,0.107,0.0,0.216,1.18,4.956
2025-02-08 10:00:00,10.29,81.94,1.6,2.845,0.261,0.082,0.0,0.177,1.162,3.365
2025-02-08 11:00:00,10.08,71.88,2.0,2.925,0.1,0.113,0.0,0.251,0.815,3.389
2025-02-08 12:00:00,13.71,70.9,1.4,2.027,0.14,0.103,0.0,0.225,0.556,2.496
2025-02-08 13:00:00,10.14,79.16,2.3,3.126,0.199,0.082,0.0,0.226,0.0,3.634
2025-02-08 14:00:00,11.75,64.59,2.2,2.697,0.1,0.115,0.0,0.185,0.0,3.097
2025-02-08 15:00:00,12.99,66.59,2.0,2.4,0.135,0.115,0.0,0.191,0.0,2.841
2025-02-08 16:00:00,14.27,74.71,2.1,2.088,0.297,0.114,0.0,0.207,0.0,2.706
2025-02-08 17:00:00,11.03,77.22,3.5,3.343,0.1,0.111,0.0,1.316,0.0,4.87
2025-02-08 18:00:00,9.26,79.42,3.6,3.998,0.152,0.107,0.0,1.363,0.0,5.62
2025-02-08 19:00:00,11.71,76.94,4.0,3.181,0.229,1.438,0.0,1.393,0.0,6.24
2025-02-08 20:00:00,5.42,92.65,3.5,4.5,0.1,1.282,0.0,1.377,0.0,7.259
2025-02-08 21:00:00,3.0,80.41,4.0,4.5,0.125,1.373,0.0,1.464,0.0,7.462
2025-02-08 22:00:00,5.75,81.85,3.7,4.5,0.211,0.094,0.0,1.443,0.0,6.248
2025-02-08 23:00:00,3.3,80.26,4.0,4.5,0.1,0.094,0.0,1.453,0.0,6.147
2025-02-09 00:00:00,1.83,85.82,2.6,4.5,0.161,0.103,7.832,0.241,0.0,12.836
2025-02-09 01:00:00,3.93,88.87,1.5,4.5,0.228,0.088,7.91,0.154,0.0,12.88
2025-02-09 02:00:00,3.06,92.02,1.8,4.5,0.102,0.088,7.487,0.202,0.0,12.379
2025-02-09 03:00:00,2.02,78.35,2.2,4.5,0.125,0.109,0.0,0.166,0.0,4.899
2025-02-09 04:00:00,1.44,83.97,2.2,4.5,0.266,0.08,0.0,0.13,0.0,4.977
2025-02-09 05:00:00,5.47,86.48,1.7,4.365,0.1,0.086,0.0,0.187,0.0,4.738
2025-02-09 06:00:00,6.17,85.94,3.1,4.5,0.176,1.753,0.0,0.622,0.0,7.051
2025-02-09 07:00:00,6.25,81.59,3.2,4.5,0.241,1.547,0.0,0.687,0.366,6.976
2025-02-09 08:00:00,10.46,82.71,3.9,3.567,0.1,2.131,0.0,0.662,1.079,6.461
2025-02-09 09:00:00,7.38,74.4,3.2,4.443,0.176,0.107,0.0,0.386,1.119,5.112
2025-02-09 10:00:00,7.91,84.79,1.8,3.763,0.221,0.097,0.0,0.181,0.884,4.262
2025-02-09 11:00:00,10.19,80.72,1.6,3.123,0.1,0.084,0.0,0.195,0.717,3.503
2025-02-09 12:00:00,11.96,68.08,2.1,2.433,0.149,0.095,0.0,0.184,0.624,2.862
2025-02-09 13:00:00,12.89,68.83,1.9,2.285,0.219,0.106,0.0,0.245,0.0,2.855
2025-02-09 14:00:00,12.33,68.77,1.4,2.356,0.1,0.119,0.0,0.181,0.0,2.756
2025-02-09 15:00:00,13.05,77.59,1.4,2.148,0.165,0.099,0.0,0.143,0.0,2.556
2025-02-09 16:00:00,10.15,68.38,1.0,2.847,0.218,0.108,0.0,0.1,0.0,3.272
2025-02-09 17:00:00,13.4,74.1,3.5,2.609,0.1,0.088,0.0,1.383,0.0,4.18
2025-02-09 18:00:00,10.07,79.27,4.0,3.748,0.105,0.105,0.0,1.472,0.0,5.431
2025-02-09 19:00:00,10.66,78.12,4.0,3.536,0.216,1.343,6.855,1.457,0.0,13.408
2025-02-09 20:00:00,8.21,81.29,4.0,4.5,0.1,1.319,7.33,1.429,0.0,14.679
2025-02-09 21:00:00,7.09,76.22,4.0,4.5,0.157,1.506,7.433,1.424,0.0,15.02
2025-02-09 22:00:00,6.05,85.97,3.7,4.5,0.254,0.088,7.642,1.439,0.0,13.923
2025-02-09 23:00:00,4.83,81.18,4.0,4.5,0.1,0.109,7.33,1.435,0.0,13.473
2025-02-10 00:00:00,4.44,83.57,1.1,4.149,0.161,0.117,7.569,0.24,0.0,12.236
2025-02-10 01:00:00,4.97,86.98,1.7,4.5,0.233,0.096,6.724,0.197,0.0,11.75
2025-02-10 02:00:00,3.1,86.52,1.0,4.471,0.1,0.093,6.654,0.172,0.0,11.491
2025-02-10 03:00:00,4.04,85.92,1.5,4.5,0.157,0.087,0.0,0.215,0.0,4.959
2025-02-10 04:00:00,3.34,81.44,1.3,4.5,0.226,0.096,0.0,0.26,0.0,5.082
2025-02-10 05:00:00,6.43,82.74,1.3,3.708,0.1,0.102,0.0,0.248,0.0,4.158
2025-02-10 06:00:00,4.29,83.01,1.7,4.5,0.162,1.709,0.0,0.533,0.0,6.904
2025-02-10 07:00:00,9.21,74.68,2.9,3.659,0.273,1.889,0.0,0.611,0.41,6.431
2025-02-10 08:00:00,7.74,77.69,2.4,4.024,0.1,1.917,0.0,0.536,0.801,6.576
2025-02-10 09:00:00,6.95,80.39,2.3,4.245,0.127,0.084,0.0,0.254,1.63,4.711
2025-02-10 10:00:00,10.49,70.61,0.4,2.304,0.214,0.108,0.0,0.1,1.427,2.726
2025-02-10 11:00:00,10.32,81.54,1.0,2.702,0.1,0.116,0.0,0.265,1.287,3.183
2025-02-10 12:00:00,13.39,81.15,1.0,2.015,0.152,0.081,0.0,0.223,0.291,2.47
2025-02-10 13:00:00,11.65,67.98,0.5,2.019,0.238,0.102,0.0,0.127,0.0,2.485
2025-02-10 14:00:00,12.13,80.79,0.4,2.064,0.1,0.104,0.0,0.224,0.0,2.493
2025-02-10 15:00:00,9.8,73.49,1.2,2.785,0.176,0.108,0.0,0.213,0.0,3.282
2025-02-10 16:00:00,11.45,76.9,1.3,2.461,0.237,0.095,0.0,0.214,0.0,3.007
2025-02-10 17:00:00,7.7,73.27,3.1,4.025,0.1,0.113,0.0,1.279,0.0,5.517
2025-02-10 18:00:00,7.93,81.62,3.5,4.5,0.16,0.102,0.0,1.381,0.0,6.143
2025-02-10 19:00:00,10.24,80.48,3.0,3.386,0.258,1.445,7.881,1.204,0.0,14.174
2025-02-10 20:00:00,8.98,75.93,3.0,3.745,0.1,1.632,7.588,1.28,0.0,14.344
2025-02-10 21:00:00,7.15,75.73,2.6,4.284,0.141,1.756,6.785,1.187,0.0,14.154
2025-02-10 22:00:00,3.85,75.7,2.4,4.5,0.224,0.112,7.747,1.166,0.0,13.75
2025-02-10 23:00:00,4.2,85.18,3.7,4.5,0.1,0.117,6.625,1.364,0.0,12.707
2025-02-11 00:00:00,3.58,88.06,1.5,4.5,0.154,0.091,0.0,0.162,0.0,4.906
2025-02-11 01:00:00,1.35,89.05,0.4,4.5,0.249,0.085,0.0,0.228,0.0,5.062
2025-02-11 02:00:00,5.17,85.41,1.1,3.979,0.1,0.101,0.0,0.11,0.0,4.291
2025-02-11 03:00:00,4.4,80.01,1.0,4.285,0.173,0.082,0.0,0.199,0.0,4.739
2025-02-11 04:00:00,3.25,81.79,0.9,4.462,0.266,0.107,0.0,0.12,0.0,4.955
2025-02-11 05:00:00,4.42,90.0,0.8,3.964,0.1,0.09,0.0,0.241,0.0,4.395
2025-02-11 06:00:00,5.73,80.58,2.7,4.5,0.158,1.767,0.0,0.634,0.0,7.059
2025-02-11 07:00:00,3.56,82.27,2.8,4.5,0.245,1.912,0.0,0.556,0.639,7.213
2025-02-11 08:00:00,7.54,74.62,2.7,4.0,0.1,1.788,0.0,0.63,0.987,6.517
2025-02-11 09:00:00,8.18,80.13,2.5,4.085,0.133,0.089,0.0,0.189,0.961,4.496
2025-02-11 10:00:00,8.91,74.71,0.9,2.977,0.265,0.115,0.0,0.189,1.678,3.547
2025-02-11 11:00:00,11.03,80.99,1.4,2.805,0.1,0.111,0.0,0.125,0.844,3.14
2025-02-11 12:00:00,14.94,78.67,1.2,1.54,0.106,0.104,0.0,0.247,0.621,1.997
2025-02-11 13:00:00,13.7,71.73,1.0,1.933,0.237,0.108,0.0,0.1,0.0,2.378
2025-02-11 14:00:00,12.06,73.37,1.0,2.398,0.1,0.097,0.0,0.139,0.0,2.734
2025-02-11 15:00:00,13.6,71.45,1.1,2.045,0.187,0.095,0.0,0.13,0.0,2.457
2025-02-11 16:00:00,14.34,67.71,0.8,1.585,0.246,0.086,0.0,0.193,0.0,2.111
2025-02-11 17:00:00,12.84,71.47,3.3,2.607,0.1,0.112,0.0,1.308,0.0,4.128
2025-02-11 18:00:00,10.5,77.99,2.6,3.192,0.146,0.095,0.0,1.202,0.0,4.635
2025-02-11 19:00:00,8.24,80.07,2.8,3.872,0.232,1.615,0.0,1.222,0.0,6.942
2025-02-11 20:00:00,8.96,80.74,3.2,3.962,0.108,1.38,0.0,1.251,0.0,6.7
2025-02-11 21:00:00,7.21,80.04,2.5,4.111,0.164,1.678,0.0,1.196,0.0,7.148
2025-02-11 22:00:00,6.76,87.67,2.4,4.357,0.208,0.084,0.0,1.114,0.0,5.763
2025-02-11 23:00:00,5.33,84.56,3.0,4.5,0.1,0.105,0.0,1.192,0.0,5.897
2025-02-12 00:00:00,5.27,88.71,0.3,3.453,0.15,0.112,7.689,0.191,0.0,11.595
2025-02-12 01:00:00,2.39,76.93,0.5,4.5,0.214,0.106,7.16,0.102,0.0,12.084
2025-02-12 02:00:00,5.0,66.39,1.3,4.226,0.1,0.108,7.297,0.262,0.0,11.992
2025-02-12 03:00:00,3.49,87.21,0.9,4.385,0.162,0.101,0.0,0.248,0.0,4.896
2025-02-12 04:00:00,6.81,78.07,1.5,3.941,0.221,0.102,0.0,0.24,0.0,4.503
2025-02-12 05:00:00,3.46,83.18,0.5,4.247,0.1,0.083,0.0,0.109,0.0,4.538
2025-02-12 06:00:00,8.13,81.49,2.5,3.801,0.15,1.621,0.0,0.703,0.0,6.275
2025-02-12 07:00:00,7.03,89.49,2.7,4.255,0.227,1.96,0.0,0.495,0.725,6.937
2025-02-12 08:00:00,7.05,82.0,2.0,3.893,0.1,2.121,0.0,0.518,0.907,6.632
2025-02-12 09:00:00,8.59,79.28,2.9,3.775,0.174,0.102,0.0,0.279,1.663,4.33
2025-02-12 10:00:00,10.05,81.18,1.2,2.903,0.242,0.109,0.0,0.224,1.264,3.479
2025-02-12 11:00:00,12.2,77.6,0.4,2.079,0.1,0.107,0.0,0.124,0.697,2.411
2025-02-12 12:00:00,13.14,72.52,1.0,2.061,0.132,0.12,0.0,0.14,0.631,2.453
2025-02-12 13:00:00,12.0,79.56,1.2,2.452,0.269,0.112,0.0,0.174,0.0,3.007
2025-02-12 14:00:00,12.99,68.45,0.8,2.042,0.1,0.105,0.0,0.169,0.0,2.415
2025-02-12 15:00:00,16.07,75.82,0.4,1.238,0.143,0.085,0.0,0.139,0.0,1.604
2025-02-12 16:00:00,14.95,67.07,1.1,1.346,0.248,0.095,0.0,0.266,0.0,1.955
2025-02-12 17:00:00,12.22,76.78,3.9,3.028,0.1,0.09,0.0,1.387,0.0,4.605
2025-02-12 18:00:00,10.58,77.96,2.8,3.366,0.146,0.114,0.0,1.329,0.0,4.955
2025-02-12 19:00:00,9.5,86.83,3.6,3.79,0.222,1.468,7.261,1.401,0.0,14.141
2025-02-12 20:00:00,8.95,72.18,2.7,3.735,0.1,1.521,6.687,1.283,0.0,13.325
2025-02-12 21:00:00,5.2,78.55,3.1,4.5,0.168,1.779,7.297,1.219,0.0,14.963
2025-02-12 22:00:00,5.14,87.11,3.3,4.5,0.259,0.113,7.38,1.381,0.0,13.633
2025-02-12 23:00:00,1.99,85.92,3.0,4.5,0.1,0.112,7.117,1.329,0.0,13.157
2025-02-13 00:00:00,4.41,86.1,0.9,4.192,0.152,0.086,0.0,0.143,0.0,4.573
2025-02-13 01:00:00,4.28,81.01,1.3,4.408,0.208,0.081,0.0,0.231,0.0,4.928
2025-02-13 02:00:00,2.42,83.05,1.8,4.5,0.1,0.085,0.0,0.129,0.0,4.814
2025-02-13 03:00:00,5.67,92.02,1.1,3.989,0.158,0.11,0.0,0.16,0.0,4.417
2025-02-13 04:00:00,1.97,84.94,0.8,4.5,0.218,0.096,0.0,0.232,0.0,5.047
2025-02-13 05:00:00,2.41,86.12,0.9,4.5,0.1,0.085,0.0,0.169,0.0,4.853
2025-02-13 06:00:00,5.98,82.42,3.5,4.5,0.157,1.972,0.0,0.667,0.0,7.296
2025-02-13 07:00:00,8.42,75.64,2.6,3.882,0.241,1.58,0.0,0.675,0.549,6.377
2025-02-13 08:00:00,10.67,84.67,2.3,2.906,0.1,1.864,0.0,0.483,1.227,5.354
2025-02-13 09:00:00,8.75,80.96,2.0,3.439,0.15,0.11,0.0,0.202,1.329,3.901
2025-02-13 10:00:00,12.26,88.53,0.3,1.944,0.229,0.104,0.0,0.155,0.853,2.432
2025-02-13 11:00:00,11.62,70.68,1.1,2.362,0.1,0.12,0.0,0.145,1.041,2.726
2025-02-13 12:00:00,12.21,78.92,1.3,2.328,0.175,0.097,0.0,0.257,0.322,2.857
2025-02-13 13:00:00,14.3,67.65,0.8,1.563,0.227,0.092,0.0,0.13,0.0,2.012
2025-02-13 14:00:00,14.12,74.79,1.0,1.852,0.1,0.088,0.0,0.135,0.0,2.175
2025-02-13 15:00:00,10.61,79.09,0.5,2.573,0.147,0.1,0.0,0.1,0.0,2.921
2025-02-13 16:00:00,14.69,64.44,1.1,1.67,0.265,0.114,0.0,0.237,0.0,2.286
2025-02-13 17:00:00,13.75,74.73,3.2,2.364,0.1,0.118,0.0,1.294,0.0,3.876
2025-02-13 18:00:00,9.7,74.18,2.8,3.617,0.142,0.119,0.0,1.229,0.0,5.108
2025-02-13 19:00:00,10.03,74.94,3.7,3.717,0.261,1.519,0.0,1.378,0.0,6.874
2025-02-13 20:00:00,8.88,81.93,2.7,3.659,0.1,1.563,0.0,1.286,0.0,6.608
2025-02-13 21:00:00,7.24,87.16,3.1,4.5,0.133,1.549,0.0,1.379,0.0,7.561
2025-02-13 22:00:00,4.82,82.33,3.3,4.5,0.227,0.099,0.0,1.248,0.0,6.073
2025-02-13 23:00:00,3.6,85.27,3.0,4.5,0.1,0.086,0.0,1.252,0.0,5.938
2025-02-14 00:00:00,3.89,85.77,0.9,4.244,0.192,0.083,7.285,0.121,0.0,11.924
2025-02-14 01:00:00,5.19,85.8,0.4,3.628,0.243,0.097,6.844,0.152,0.0,10.964
2025-02-14 02:00:00,4.08,80.55,1.5,4.5,0.1,0.087,7.268,0.192,0.0,12.148
2025-02-14 03:00:00,2.88,91.34,0.9,4.5,0.148,0.115,0.0,0.1,0.0,4.863
2025-02-14 04:00:00,5.09,86.67,1.2,4.154,0.221,0.11,0.0,0.205,0.0,4.691
2025-02-14 05:00:00,0.45,86.22,1.3,4.5,0.1,0.105,0.0,0.166,0.0,4.87
2025-02-14 06:00:00,7.48,78.97,2.2,3.855,0.136,1.474,0.0,0.619,0.0,6.084
2025-02-14 07:00:00,4.36,79.26,2.4,4.5,0.235,1.888,0.0,0.595,0.573,7.218
2025-02-14 08:00:00,7.72,79.12,3.0,4.191,0.1,1.887,0.0,0.557,1.19,6.735
2025-02-14 09:00:00,7.88,70.78,2.1,3.959,0.147,0.098,0.0,0.242,1.29,4.446
2025-02-14 10:00:00,8.82,68.56,1.9,3.393,0.232,0.106,0.0,0.139,1.579,3.87
2025-02-14 11:00:00,13.54,72.75,0.7,1.918,0.1,0.114,0.0,0.109,0.766,2.242
2025-02-14 12:00:00,11.89,77.42,0.5,1.913,0.145,0.11,0.0,0.15,0.801,2.319
2025-02-14 13:00:00,13.61,70.94,1.1,1.765,0.233,0.099,0.0,0.167,0.0,2.264
2025-02-14 14:00:00,13.19,68.91,1.9,2.174,0.1,0.09,0.0,0.119,0.0,2.483
2025-02-14 15:00:00,13.81,70.13,0.2,1.435,0.181,0.099,0.0,0.15,0.0,1.865
2025-02-14 16:00:00,12.71,72.53,0.9,2.143,0.227,0.118,0.0,0.174,0.0,2.661
2025-02-14 17:00:00,9.87,73.99,3.2,3.651,0.1,0.113,0.0,1.304,0.0,5.168
2025-02-14 18:00:00,12.26,87.83,3.0,2.694,0.135,0.081,0.0,1.198,0.0,4.108
2025-02-14 19:00:00,8.81,83.72,3.2,3.947,0.244,1.67,7.0,1.312,0.0,14.172
2025-02-14 20:00:00,5.93,85.12,2.7,4.5,0.1,1.302,6.642,1.265,0.0,13.809
2025-02-14 21:00:00,6.33,87.4,2.8,4.355,0.172,1.543,7.396,1.174,0.0,14.639
2025-02-14 22:00:00,8.01,78.01,2.9,3.99,0.229,0.112,6.757,1.217,0.0,12.305
2025-02-14 23:00:00,6.0,78.13,2.5,4.5,0.1,0.102,6.679,1.247,0.0,12.629
2025-02-15 00:00:00,3.53,79.66,1.8,4.5,0.134,0.096,0.0,0.282,0.0,5.013
2025-02-15 01:00:00,3.03,92.47,1.6,4.5,0.256,0.093,0.0,0.191,0.0,5.04
2025-02-15 02:00:00,2.9,83.26,1.6,4.5,0.105,0.092,0.0,0.176,0.0,4.873
2025-02-15 03:00:00,6.67,79.54,1.9,4.112,0.167,0.113,0.0,0.218,0.0,4.61
2025-02-15 04:00:00,4.63,83.04,1.1,4.251,0.211,0.113,0.0,0.25,0.0,4.825
2025-02-15 05:00:00,5.49,83.05,1.7,4.147,0.1,0.113,0.0,0.159,0.0,4.518
2025-02-15 06:00:00,7.43,84.34,4.0,4.5,0.131,1.644,0.0,0.696,0.0,6.97
2025-02-15 07:00:00,7.45,82.81,2.9,4.232,0.23,2.015,0.0,0.604,0.437,7.081
2025-02-15 08:00:00,8.0,75.86,3.8,4.5,0.1,1.466,0.0,0.634,1.059,6.701
2025-02-15 09:00:00,9.38,81.88,3.3,3.847,0.157,0.088,0.0,0.292,1.195,4.384
2025-02-15 10:00:00,10.78,73.8,1.6,2.708,0.238,0.101,0.0,0.21,1.234,3.257
2025-02-15 11:00:00,11.86,74.98,1.3,2.479,0.1,0.096,0.0,0.1,1.254,2.775
2025-02-15 12:00:00,13.81,78.24,1.9,2.08,0.171,0.084,0.0,0.205,0.585,2.541
2025-02-15 13:00:00,13.29,71.0,2.4,2.22,0.226,0.082,0.0,0.305,0.0,2.832
2025-02-15 14:00:00,14.48,71.15,1.6,1.753,0.1,0.104,0.0,0.213,0.0,2.17
2025-02-15 15:00:00,13.09,77.16,1.8,2.168,0.123,0.093,0.0,0.283,0.0,2.666
2025-02-15 16:00:00,12.83,70.52,2.2,2.514,0.241,0.081,0.0,0.188,0.0,3.024
2025-02-15 17:00:00,8.92,73.83,3.9,4.246,0.1,0.097,0.0,1.478,0.0,5.922
2025-02-15 18:00:00,12.26,79.78,3.2,2.911,0.133,0.092,0.0,1.373,0.0,4.509
2025-02-15 19:00:00,10.2,88.72,3.8,3.696,0.226,1.546,0.0,1.411,0.0,6.879
2025-02-15 20:00:00,9.88,83.03,4.0,3.947,0.1,1.758,0.0,1.419,0.0,7.225
2025-02-15 21:00:00,2.75,83.92,3.8,4.5,0.176,1.385,0.0,1.461,0.0,7.522
2025-02-15 22:00:00,9.02,85.65,2.7,3.669,0.254,0.12,0.0,1.26,0.0,5.303
2025-02-15 23:00:00,4.64,78.88,4.0,4.5,0.1,0.083,0.0,1.481,0.0,6.164
2025-02-16 00:00:00,5.84,85.77,1.7,4.059,0.154,0.084,7.738,0.222,0.0,12.257
2025-02-16 01:00:00,2.12,85.65,1.1,4.5,0.262,0.109,6.989,0.178,0.0,12.038
2025-02-16 02:00:00,4.43,87.61,1.1,4.229,0.1,0.11,6.829,0.179,0.0,11.448
2025-02-16 03:00:00,2.1,86.38,2.2,4.5,0.15,0.097,0.0,0.198,0.0,4.945
2025-02-16 04:00:00,3.24,87.09,1.5,4.5,0.266,0.091,0.0,0.215,0.0,5.073
2025-02-16 05:00:00,7.84,82.69,1.4,3.434,0.1,0.112,0.0,0.184,0.0,3.83
2025-02-16 06:00:00,5.72,83.29,3.3,4.5,0.155,2.128,0.0,0.676,0.0,7.459
2025-02-16 07:00:00,7.54,75.41,3.0,4.331,0.227,2.153,0.0,0.604,0.284,7.315
2025-02-16 08:00:00,9.81,78.4,3.3,3.697,0.1,1.897,0.0,0.625,1.048,6.318
2025-02-16 09:00:00,10.55,85.4,3.2,3.559,0.143,0.11,0.0,0.276,1.721,4.088
2025-02-16 10:00:00,11.23,78.59,1.3,2.348,0.246,0.113,0.0,0.209,1.686,2.915
2025-02-16 11:00:00,12.59,75.65,1.6,2.273,0.1,0.112,0.0,0.176,1.099,2.661
2025-02-16 12:00:00,16.44,84.28,2.0,1.192,0.121,0.12,0.0,0.278,0.733,1.711
2025-02-16 13:00:00,13.25,67.4,1.8,1.973,0.198,0.112,0.0,0.163,0.0,2.447
2025-02-16 14:00:00,13.81,68.45,1.8,1.882,0.1,0.107,0.0,0.225,0.0,2.313
2025-02-16 15:00:00,14.91,82.77,2.6,1.858,0.142,0.095,0.0,0.25,0.0,2.345
2025-02-16 16:00:00,14.5,75.03,2.1,1.807,0.261,0.104,0.0,0.215,0.0,2.387
2025-02-16 17:00:00,13.82,74.54,4.0,2.615,0.1,0.115,0.0,1.503,0.0,4.334
2025-02-16 18:00:00,11.97,71.0,3.7,3.079,0.155,0.092,0.0,1.479,0.0,4.805
2025-02-16 19:00:00,8.09,80.69,3.9,4.465,0.245,1.218,7.259,1.365,0.0,14.552
2025-02-16 20:00:00,10.96,82.72,3.6,3.379,0.1,1.396,6.583,1.267,0.0,12.725
2025-02-16 21:00:00,5.5,76.08,4.0,4.5,0.179,1.776,7.853,1.416,0.0,15.724
2025-02-16 22:00:00,6.46,82.3,3.8,4.5,0.223,0.112,6.691,1.352,0.0,12.878
2025-02-16 23:00:00,3.84,82.57,3.9,4.5,0.1,0.087,7.61,1.4,0.0,13.697
2025-02-17 00:00:00,4.21,86.48,1.1,4.382,0.147,0.08,7.239,0.273,0.0,12.122
2025-02-17 01:00:00,4.3,80.2,1.0,4.159,0.23,0.107,7.547,0.315,0.0,12.357
2025-02-17 02:00:00,4.12,92.26,2.2,4.5,0.1,0.103,7.219,0.168,0.0,12.09
2025-02-17 03:00:00,4.44,90.37,0.7,4.087,0.154,0.083,0.0,0.183,0.0,4.507
2025-02-17 04:00:00,6.73,83.38,0.7,3.516,0.282,0.119,0.0,0.182,0.0,4.098
2025-02-17 05:00:00,5.78,83.16,1.3,3.9,0.1,0.105,0.0,0.206,0.0,4.311
2025-02-17 06:00:00,5.77,82.32,2.3,4.5,0.155,1.909,0.0,0.512,0.0,7.077
2025-02-17 07:00:00,8.79,77.66,2.4,3.701,0.223,2.055,0.0,0.652,0.514,6.631
2025-02-17 08:00:00,10.42,77.78,2.1,3.066,0.1,1.683,0.0,0.61,1.346,5.459
2025-02-17 09:00:00,8.09,77.1,2.7,3.946,0.153,0.102,0.0,0.207,1.347,4.409
2025-02-17 10:00:00,12.03,85.06,1.2,2.288,0.235,0.103,0.0,0.248,1.229,2.874
2025-02-17 11:00:00,13.22,80.49,0.9,1.915,0.1,0.119,0.0,0.104,1.076,2.238
2025-02-17 12:00:00,12.52,79.48,1.3,2.102,0.114,0.085,0.0,0.104,0.717,2.405
2025-02-17 13:00:00,15.53,76.05,0.3,1.246,0.235,0.11,0.0,0.171,0.0,1.762
2025-02-17 14:00:00,13.41,68.41,0.7,1.938,0.1,0.103,0.0,0.193,0.0,2.334
2025-02-17 15:00:00,13.65,74.0,0.9,1.93,0.151,0.114,0.0,0.17,0.0,2.364
2025-02-17 16:00:00,12.71,79.66,0.5,1.932,0.222,0.113,0.0,0.221,0.0,2.488
2025-02-17 17:00:00,12.2,69.47,2.3,2.712,0.1,0.08,0.0,1.135,0.0,4.028
2025-02-17 18:00:00,9.49,80.18,2.9,3.815,0.123,0.09,0.0,1.321,0.0,5.349
2025-02-17 19:00:00,7.77,90.06,3.3,4.31,0.259,1.308,6.551,1.364,0.0,13.792
2025-02-17 20:00:00,11.03,85.31,3.5,3.419,0.1,1.477,7.472,1.455,0.0,13.923
2025-02-17 21:00:00,6.07,88.62,2.8,4.428,0.138,1.743,6.752,1.156,0.0,14.216
2025-02-17 22:00:00,4.65,84.09,3.3,4.5,0.267,0.08,6.96,1.303,0.0,13.11
2025-02-17 23:00:00,1.87,89.08,3.3,4.5,0.1,0.1,7.077,1.275,0.0,13.052
2025-02-18 00:00:00,3.48,81.61,1.5,4.5,0.109,0.115,0.0,0.233,0.0,4.958
2025-02-18 01:00:00,1.95,89.77,0.9,4.5,0.264,0.117,0.0,0.254,0.0,5.136
2025-02-18 02:00:00,6.23,89.27,0.3,3.446,0.1,0.106,0.0,0.14,0.0,3.792
2025-02-18 03:00:00,5.45,87.25,1.0,4.045,0.181,0.113,0.0,0.211,0.0,4.55
2025-02-18 04:00:00,3.4,91.78,0.6,4.213,0.25,0.093,0.0,0.24,0.0,4.796
2025-02-18 05:00:00,8.61,81.55,0.7,2.916,0.1,0.091,0.0,0.188,0.0,3.295
2025-02-18 06:00:00,7.74,82.06,2.4,3.907,0.149,1.475,0.0,0.625,0.0,6.156
2025-02-18 07:00:00,6.99,82.03,2.4,4.202,0.208,1.802,0.0,0.49,0.717,6.702
2025-02-18 08:00:00,5.02,74.85,2.6,4.5,0.1,1.768,0.0,0.683,1.112,7.051
2025-02-18 09:00:00,13.5,79.58,2.8,2.406,0.128,0.095,0.0,0.218,1.113,2.847
2025-02-18 10:00:00,9.18,68.41,0.9,3.004,0.224,0.085,0.0,0.309,1.67,3.621
2025-02-18 11:00:00,9.83,80.99,1.2,2.884,0.1,0.089,0.0,0.142,0.731,3.215
2025-02-18 12:00:00,14.63,75.04,1.0,1.43,0.141,0.088,0.0,0.204,0.74,1.863
2025-02-18 13:00:00,17.26,71.6,1.4,1.165,0.227,0.118,0.0,0.233,0.0,1.742
2025-02-18 14:00:00,15.84,69.83,0.9,1.271,0.1,0.119,0.0,0.1,0.0,1.589
2025-02-18 15:00:00,14.44,73.03,1.0,1.923,0.18,0.08,0.0,0.268,0.0,2.451
2025-02-18 16:00:00,13.99,78.25,0.9,1.804,0.28,0.087,0.0,0.213,0.0,2.384
2025-02-18 17:00:00,13.58,78.5,2.9,2.329,0.1,0.116,0.0,1.195,0.0,3.74
2025-02-18 18:00:00,12.41,73.47,2.7,2.698,0.157,0.082,0.0,1.248,0.0,4.184
2025-02-18 19:00:00,10.48,74.22,2.6,3.03,0.22,1.766,0.0,1.242,0.0,6.258
2025-02-18 20:00:00,8.92,83.28,3.3,4.079,0.1,1.428,0.0,1.323,0.0,6.93
2025-02-18 21:00:00,7.38,77.94,2.6,4.407,0.14,1.523,0.0,1.181,0.0,7.252
2025-02-18 22:00:00,5.14,83.3,2.9,4.5,0.222,0.111,0.0,1.256,0.0,6.089
2025-02-18 23:00:00,4.81,84.86,3.4,4.5,0.103,0.09,0.0,1.388,0.0,6.081
2025-02-19 00:00:00,2.03,86.76,0.9,4.5,0.123,0.084,7.205,0.217,0.0,12.129
2025-02-19 01:00:00,3.92,90.09,1.3,4.5,0.188,0.112,7.909,0.19,0.0,12.899
2025-02-19 02:00:00,2.42,79.69,0.8,4.5,0.1,0.119,6.85,0.184,0.0,11.754
2025-02-19 03:00:00,2.42,76.24,0.6,4.482,0.143,0.106,0.0,0.161,0.0,4.892
2025-02-19 04:00:00,4.84,82.36,0.4,3.962,0.224,0.113,0.0,0.112,0.0,4.411
2025-02-19 05:00:00,7.45,93.25,1.5,3.679,0.118,0.118,0.0,0.193,0.0,4.108
2025-02-19 06:00:00,7.78,93.11,2.0,3.846,0.165,1.605,0.0,0.527,0.0,6.143
2025-02-19 07:00:00,5.25,90.71,2.8,4.5,0.235,1.692,0.0,0.574,0.59,7.002
2025-02-19 08:00:00,7.42,79.04,2.1,4.052,0.1,1.598,0.0,0.447,1.028,6.197
2025-02-19 09:00:00,11.61,69.54,3.0,2.963,0.159,0.082,0.0,0.22,1.466,3.425
2025-02-19 10:00:00,9.93,65.28,1.9,3.206,0.202,0.109,0.0,0.246,1.475,3.763
2025-02-19 11:00:00,12.1,72.69,0.3,1.931,0.1,0.086,0.0,0.221,1.165,2.337
2025-02-19 12:00:00,14.06,73.81,0.6,1.629,0.149,0.084,0.0,0.189,0.765,2.051
2025-02-19 13:00:00,12.28,80.71,1.3,2.232,0.241,0.094,0.0,0.125,0.0,2.692
2025-02-19 14:00:00,14.06,78.34,1.2,1.812,0.1,0.082,0.0,0.178,0.0,2.173
2025-02-19 15:00:00,11.73,75.34,1.3,2.409,0.136,0.087,0.0,0.132,0.0,2.764
2025-02-19 16:00:00,12.33,70.35,0.8,2.241,0.255,0.083,0.0,0.269,0.0,2.848
2025-02-19 17:00:00,12.92,70.95,3.8,2.703,0.1,0.115,0.0,1.388,0.0,4.306
2025-02-19 18:00:00,9.01,78.27,3.0,3.67,0.144,0.111,0.0,1.263,0.0,5.189
2025-02-19 19:00:00,10.86,81.93,2.5,2.938,0.226,1.716,7.421,1.248,0.0,13.548
2025-02-19 20:00:00,8.87,81.96,2.9,3.928,0.1,1.721,7.512,1.262,0.0,14.523
2025-02-19 21:00:00,8.43,76.38,2.5,3.712,0.141,1.767,6.71,1.257,0.0,13.586
2025-02-19 22:00:00,6.74,86.25,3.6,4.5,0.245,0.087,7.375,1.326,0.0,13.534
2025-02-19 23:00:00,7.41,86.37,2.7,4.187,0.1,0.116,6.513,1.242,0.0,12.158
2025-02-20 00:00:00,4.89,79.84,1.2,4.262,0.113,0.101,0.0,0.211,0.0,4.688
2025-02-20 01:00:00,3.56,81.87,0.8,4.28,0.235,0.087,0.0,0.1,0.0,4.702
2025-02-20 02:00:00,4.22,89.44,0.8,4.386,0.1,0.106,0.0,0.138,0.0,4.73
2025-02-20 03:00:00,5.02,84.62,0.2,3.829,0.157,0.093,0.0,0.126,0.0,4.206
2025-02-20 04:00:00,4.78,93.14,1.2,4.2,0.222,0.082,0.0,0.19,0.0,4.694
2025-02-20 05:00:00,5.56,86.75,1.5,4.125,0.1,0.083,0.0,0.18,0.0,4.489
2025-02-20 06:00:00,5.48,80.57,2.1,4.5,0.146,1.745,0.0,0.585,0.0,6.977
2025-02-20 07:00:00,6.75,81.5,1.9,3.913,0.221,2.035,0.0,0.539,0.614,6.708
2025-02-20 08:00:00,6.93,80.32,2.8,4.399,0.1,1.664,0.0,0.683,1.406,6.846
2025-02-20 09:00:00,12.95,74.81,1.8,2.261,0.133,0.111,0.0,0.311,1.03,2.815
2025-02-20 10:00:00,9.67,72.44,1.5,3.048,0.254,0.082,0.0,0.12,1.702,3.505
2025-02-20 11:00:00,11.53,79.26,0.6,2.108,0.1,0.096,0.0,0.17,1.26,2.475
2025-02-20 12:00:00,12.29,79.03,0.6,2.127,0.143,0.085,0.0,0.221,0.647,2.576
2025-02-20 13:00:00,15.21,77.22,1.1,1.387,0.21,0.115,0.0,0.148,0.0,1.86
2025-02-20 14:00:00,13.59,81.58,0.6,1.916,0.1,0.119,0.0,0.182,0.0,2.316
2025-02-20 15:00:00,15.74,71.5,0.7,1.137,0.16,0.093,0.0,0.153,0.0,1.542
2025-02-20 16:00:00,12.36,83.18,1.1,2.233,0.221,0.12,0.0,0.134,0.0,2.708
2025-02-20 17:00:00,12.99,71.25,2.0,2.077,0.1,0.11,0.0,1.074,0.0,3.36
2025-02-20 18:00:00,10.28,71.94,3.7,3.436,0.17,0.08,0.0,1.262,0.0,4.947
2025-02-20 19:00:00,13.55,69.65,3.0,2.297,0.239,1.491,0.0,1.291,0.0,5.319
2025-02-20 20:00:00,7.25,77.77,2.5,4.08,0.1,1.7,0.0,1.209,0.0,7.09
2025-02-20 21:00:00,8.21,79.03,2.6,4.056,0.171,1.52,0.0,1.167,0.0,6.914
2025-02-20 22:00:00,7.49,85.63,3.4,4.483,0.267,0.102,0.0,1.329,0.0,6.182
2025-02-20 23:00:00,6.12,85.46,3.2,4.5,0.1,0.098,0.0,1.246,0.0,5.944
2025-02-21 00:00:00,4.57,79.23,1.6,4.42,0.123,0.096,6.949,0.223,0.0,11.812
2025-02-21 01:00:00,4.15,83.83,0.7,4.172,0.211,0.081,7.505,0.152,0.0,12.121
2025-02-21 02:00:00,4.24,84.14,1.1,4.233,0.1,0.105,7.004,0.222,0.0,11.664
2025-02-21 03:00:00,4.12,76.92,1.2,4.285,0.131,0.111,0.0,0.169,0.0,4.696
2025-02-21 04:00:00,6.29,80.29,1.3,3.674,0.203,0.112,0.0,0.139,0.0,4.128
2025-02-21 05:00:00,8.96,80.39,1.5,3.26,0.1,0.105,0.0,0.167,0.0,3.632
2025-02-21 06:00:00,5.84,90.17,2.2,4.469,0.161,1.686,0.0,0.652,0.0,6.968
2025-02-21 07:00:00,5.83,82.51,2.5,4.5,0.226,1.456,0.0,0.701,0.87,6.884
2025-02-21 08:00:00,9.04,83.31,2.3,3.542,0.1,2.085,0.0,0.505,1.191,6.232
2025-02-21 09:00:00,14.34,70.95,2.5,2.213,0.114,0.097,0.0,0.27,1.671,2.694
2025-02-21 10:00:00,10.47,82.97,1.3,2.779,0.26,0.104,0.0,0.133,1.618,3.276
2025-02-21 11:00:00,15.17,82.26,0.3,1.447,0.1,0.088,0.0,0.122,0.898,1.757
2025-02-21 12:00:00,16.02,64.81,1.4,1.3,0.16,0.086,0.0,0.204,0.383,1.75
2025-02-21 13:00:00,13.17,70.68,0.5,1.771,0.2,0.083,0.0,0.191,0.0,2.245
2025-02-21 14:00:00,15.03,76.48,0.9,1.558,0.1,0.112,0.0,0.14,0.0,1.91
2025-02-21 15:00:00,16.45,77.43,1.5,1.218,0.175,0.106,0.0,0.225,0.0,1.724
2025-02-21 16:00:00,12.94,71.41,1.1,2.158,0.204,0.105,0.0,0.243,0.0,2.71
2025-02-21 17:00:00,12.41,74.23,3.1,2.816,0.1,0.117,0.0,1.338,0.0,4.37
2025-02-21 18:00:00,10.8,74.01,2.5,3.015,0.163,0.086,0.0,1.156,0.0,4.42
2025-02-21 19:00:00,8.95,79.0,2.6,3.786,0.246,1.302,6.926,1.191,0.0,13.451
2025-02-21 20:00:00,8.2,85.99,3.4,4.155,0.1,1.314,7.098,1.384,0.0,14.05
2025-02-21 21:00:00,6.04,77.7,2.8,4.5,0.16,1.454,6.858,1.32,0.0,14.292
2025-02-21 22:00:00,6.73,88.0,2.8,4.5,0.224,0.115,6.951,1.185,0.0,12.975
2025-02-21 23:00:00,4.48,80.33,3.4,4.5,0.102,0.115,6.955,1.357,0.0,13.029
2025-02-22 00:00:00,5.34,80.96,1.4,4.275,0.118,0.104,0.0,0.228,0.0,4.724
2025-02-22 01:00:00,2.15,89.89,1.9,4.5,0.26,0.106,0.0,0.137,0.0,5.004
2025-02-22 02:00:00,4.81,90.61,1.8,4.5,0.1,0.116,0.0,0.255,0.0,4.971
2025-02-22 03:00:00,5.74,90.05,1.8,4.18,0.162,0.105,0.0,0.31,0.0,4.757
2025-02-22 04:00:00,2.0,78.62,1.6,4.5,0.252,0.089,0.0,0.231,0.0,5.073
2025-02-22 05:00:00,6.34,81.91,1.6,3.842,0.1,0.108,0.0,0.225,0.0,4.276
2025-02-22 06:00:00,8.66,87.11,2.9,4.055,0.134,1.994,0.0,0.592,0.0,6.775
2025-02-22 07:00:00,6.21,81.76,3.5,4.5,0.231,1.897,0.0,0.655,0.699,7.283
2025-02-22 08:00:00,11.83,74.63,3.0,2.901,0.1,1.637,0.0,0.61,0.709,5.248
2025-02-22 09:00:00,11.24,80.74,3.7,3.242,0.144,0.096,0.0,0.216,0.752,3.699
2025-02-22 10:00:00,10.76,73.43,1.7,2.899,0.243,0.099,0.0,0.189,1.503,3.43
2025-02-22 11:00:00,12.77,84.73,1.4,2.377,0.1,0.086,0.0,0.207,1.216,2.77
2025-02-22 12:00:00,14.48,82.53,1.7,1.866,0.158,0.098,0.0,0.158,0.795,2.28
2025-02-22 13:00:00,14.26,77.22,1.6,2.143,0.202,0.086,0.0,0.182,0.0,2.612
2025-02-22 14:00:00,15.12,80.81,2.2,1.582,0.1,0.1,0.0,0.232,0.0,2.014
2025-02-22 15:00:00,12.76,74.53,1.7,2.131,0.137,0.082,0.0,0.1,0.0,2.449
2025-02-22 16:00:00,13.9,78.63,1.7,1.868,0.21,0.118,0.0,0.248,0.0,2.445
2025-02-22 17:00:00,10.73,83.15,4.0,3.627,0.1,0.09,0.0,1.451,0.0,5.267
2025-02-22 18:00:00,11.65,78.23,4.0,3.189,0.15,0.099,0.0,1.451,0.0,4.889
2025-02-22 19:00:00,9.25,77.17,4.0,4.059,0.265,1.22,0.0,1.498,0.0,7.042
2025-02-22 20:00:00,8.21,71.48,4.0,4.5,0.1,1.316,0.0,1.487,0.0,7.403
2025-02-22 21:00:00,9.88,81.14,3.4,3.588,0.127,1.616,0.0,1.382,0.0,6.713
2025-02-22 22:00:00,8.45,87.12,4.0,4.303,0.225,0.084,0.0,1.454,0.0,6.066
2025-02-22 23:00:00,6.69,88.97,4.0,4.5,0.1,0.105,0.0,1.44,0.0,6.145
2025-02-23 00:00:00,3.49,87.72,2.4,4.5,0.174,0.08,7.75,0.193,0.0,12.697
2025-02-23 01:00:00,4.16,83.09,2.2,4.5,0.235,0.099,6.502,0.168,0.0,11.504
2025-02-23 02:00:00,6.28,76.12,2.2,4.211,0.1,0.109,6.778,0.235,0.0,11.433
2025-02-23 03:00:00,4.84,83.32,1.7,4.378,0.125,0.117,0.0,0.22,0.0,4.84
2025-02-23 04:00:00,8.61,83.67,1.5,3.383,0.24,0.1,0.0,0.201,0.0,3.924
2025-02-23 05:00:00,6.51,82.68,1.7,4.06,0.1,0.114,0.0,0.133,0.0,4.406
2025-02-23 06:00:00,7.25,86.09,2.6,4.364,0.186,2.018,0.0,0.478,0.0,7.046
2025-02-23 07:00:00,7.7,91.48,3.8,4.5,0.213,1.653,0.0,0.71,0.609,7.076
2025-02-23 08:00:00,9.66,80.62,3.2,3.7,0.1,2.07,0.0,0.563,1.034,6.433
2025-02-23 09:00:00,10.53,77.36,3.8,3.681,0.129,0.106,0.0,0.28,1.557,4.197
2025-02-23 10:00:00,13.02,75.7,1.3,2.073,0.219,0.084,0.0,0.287,1.734,2.662
2025-02-23 11:00:00,14.43,76.38,2.2,1.902,0.1,0.118,0.0,0.234,1.296,2.353
2025-02-23 12:00:00,12.61,70.66,1.6,2.112,0.143,0.087,0.0,0.176,0.698,2.518
2025-02-23 13:00:00,12.29,74.81,1.3,2.374,0.219,0.099,0.0,0.136,0.0,2.829
2025-02-23 14:00:00,11.71,76.25,2.5,2.818,0.113,0.099,0.0,0.195,0.0,3.224
2025-02-23 15:00:00,15.05,75.25,2.2,1.827,0.141,0.105,0.0,0.215,0.0,2.288
2025-02-23 16:00:00,12.14,77.09,1.9,2.22,0.256,0.107,0.0,0.26,0.0,2.843
2025-02-23 17:00:00,9.77,77.93,3.8,3.88,0.1,0.089,0.0,1.417,0.0,5.487
2025-02-23 18:00:00,12.54,68.14,4.0,2.885,0.195,0.094,0.0,1.422,0.0,4.595
2025-02-23 19:00:00,14.49,81.63,3.9,2.414,0.243,1.287,6.825,1.454,0.0,12.223
2025-02-23 20:00:00,9.45,76.64,3.5,3.93,0.1,1.276,7.281,1.431,0.0,14.018
2025-02-23 21:00:00,9.42,76.07,3.6,3.959,0.138,1.695,7.153,1.397,0.0,14.342
2025-02-23 22:00:00,7.08,77.48,4.0,4.5,0.256,0.11,7.16,1.45,0.0,13.476
2025-02-23 23:00:00,5.78,86.41,4.0,4.5,0.1,0.098,6.651,1.357,0.0,12.705
2025-02-24 00:00:00,6.65,84.08,1.6,3.832,0.142,0.084,7.107,0.131,0.0,11.296
2025-02-24 01:00:00,4.34,77.39,1.2,4.31,0.215,0.098,7.584,0.111,0.0,12.318
2025-02-24 02:00:00,5.01,88.39,0.9,3.917,0.1,0.092,7.07,0.166,0.0,11.345
2025-02-24 03:00:00,5.26,78.6,0.7,4.043,0.144,0.111,0.0,0.129,0.0,4.427
2025-02-24 04:00:00,4.27,85.9,0.7,4.217,0.254,0.084,0.0,0.146,0.0,4.701
2025-02-24 05:00:00,7.56,85.44,0.8,3.409,0.1,0.098,0.0,0.131,0.0,3.738
2025-02-24 06:00:00,6.84,87.43,3.4,4.5,0.112,1.866,0.0,0.631,0.0,7.108
2025-02-24 07:00:00,7.18,90.46,3.2,4.5,0.25,2.15,0.0,0.565,0.568,7.464
2025-02-24 08:00:00,10.41,73.18,2.8,3.326,0.1,1.505,0.0,0.635,0.764,5.566
2025-02-24 09:00:00,9.55,78.18,2.1,3.44,0.117,0.085,0.0,0.248,2.031,3.89
2025-02-24 10:00:00,12.15,75.62,1.4,2.376,0.273,0.12,0.0,0.194,1.688,2.962
2025-02-24 11:00:00,13.13,77.93,0.9,1.966,0.1,0.096,0.0,0.195,1.402,2.358
2025-02-24 12:00:00,15.57,75.88,0.1,1.244,0.137,0.11,0.0,0.177,0.594,1.668
2025-02-24 13:00:00,15.15,72.44,1.1,1.322,0.214,0.111,0.0,0.205,0.0,1.852
2025-02-24 14:00:00,14.57,71.8,0.7,1.479,0.1,0.093,0.0,0.212,0.0,1.884
2025-02-24 15:00:00,15.66,68.62,0.7,1.331,0.123,0.089,0.0,0.23,0.0,1.772
2025-02-24 16:00:00,16.02,79.74,0.9,1.357,0.223,0.091,0.0,0.256,0.0,1.927
2025-02-24 17:00:00,13.98,78.05,2.8,2.139,0.1,0.111,0.0,1.152,0.0,3.501
2025-02-24 18:00:00,12.12,81.59,3.0,2.824,0.15,0.114,0.0,1.301,0.0,4.389
2025-02-24 19:00:00,8.93,76.9,3.0,3.676,0.266,1.62,7.049,1.214,0.0,13.825
2025-02-24 20:00:00,8.01,76.72,2.2,3.968,0.1,1.465,6.786,1.23,0.0,13.55
2025-02-24 21:00:00,7.85,76.16,3.6,4.5,0.17,1.358,6.87,1.381,0.0,14.279
2025-02-24 22:00:00,6.19,84.79,2.6,4.5,0.23,0.097,7.051,1.231,0.0,13.109
2025-02-24 23:00:00,5.79,79.04,2.6,4.5,0.1,0.117,7.546,1.225,0.0,13.487
2025-02-25 00:00:00,5.51,94.44,0.9,4.007,0.125,0.115,0.0,0.187,0.0,4.434
2025-02-25 01:00:00,5.72,79.26,1.0,3.763,0.235,0.093,0.0,0.261,0.0,4.352
2025-02-25 02:00:00,4.65,87.37,1.6,4.36,0.1,0.093,0.0,0.259,0.0,4.813
2025-02-25 03:00:00,5.66,93.63,1.1,4.043,0.147,0.111,0.0,0.263,0.0,4.564
2025-02-25 04:00:00,5.52,88.19,1.2,4.131,0.232,0.097,0.0,0.177,0.0,4.637
2025-02-25 05:00:00,3.26,85.12,1.1,4.434,0.1,0.103,0.0,0.1,0.0,4.737
2025-02-25 06:00:00,5.85,78.16,2.6,4.5,0.192,1.744,0.0,0.645,0.0,7.081
2025-02-25 07:00:00,8.25,74.64,2.6,4.079,0.272,1.614,0.0,0.554,0.664,6.52
2025-02-25 08:00:00,7.94,83.85,1.7,3.658,0.1,1.576,0.0,0.52,1.321,5.854
2025-02-25 09:00:00,11.95,85.98,2.4,2.787,0.186,0.086,0.0,0.219,1.875,3.277
2025-02-25 10:00:00,14.55,74.81,1.5,1.614,0.265,0.08,0.0,0.194,1.596,2.154
2025-02-25 11:00:00,15.12,70.06,2.6,1.86,0.1,0.091,0.0,0.259,1.555,2.31
2025-02-25 12:00:00,13.77,62.51,0.5,1.573,0.148,0.087,0.0,0.119,0.877,1.927
2025-02-25 13:00:00,16.82,69.3,1.2,0.883,0.241,0.09,0.0,0.216,0.0,1.431
2025-02-25 14:00:00,14.98,73.43,0.8,1.551,0.1,0.083,0.0,0.164,0.0,1.897
2025-02-25 15:00:00,14.08,82.2,1.8,2.081,0.129,0.094,0.0,0.335,0.0,2.639
2025-02-25 16:00:00,13.17,78.17,0.5,1.817,0.243,0.101,0.0,0.1,0.0,2.26
2025-02-25 17:00:00,12.84,77.28,3.2,2.617,0.1,0.118,0.0,1.326,0.0,4.161
2025-02-25 18:00:00,11.67,75.0,2.4,2.973,0.153,0.094,0.0,1.221,0.0,4.44
2025-02-25 19:00:00,11.31,75.53,2.9,3.032,0.217,1.219,0.0,1.239,0.0,5.707
2025-02-25 20:00:00,10.0,87.03,3.0,3.499,0.1,1.417,0.0,1.249,0.0,6.265
2025-02-25 21:00:00,8.47,82.56,3.4,4.345,0.154,1.69,0.0,1.415,0.0,7.604
2025-02-25 22:00:00,7.91,72.49,2.6,3.954,0.23,0.094,0.0,1.253,0.0,5.53
2025-02-25 23:00:00,8.01,80.87,3.3,4.194,0.1,0.092,0.0,1.283,0.0,5.668
2025-02-26 00:00:00,7.0,80.91,1.0,3.627,0.126,0.117,7.728,0.106,0.0,11.704
2025-02-26 01:00:00,2.85,83.06,1.1,4.5,0.246,0.092,7.167,0.213,0.0,12.217
2025-02-26 02:00:00,1.08,88.81,1.4,4.5,0.1,0.119,7.777,0.208,0.0,12.703
2025-02-26 03:00:00,6.48,85.26,0.5,3.296,0.161,0.113,0.0,0.193,0.0,3.764
2025-02-26 04:00:00,3.53,84.81,1.3,4.5,0.237,0.107,0.0,0.183,0.0,5.027
2025-02-26 05:00:00,6.03,90.81,0.8,3.681,0.1,0.104,0.0,0.216,0.0,4.101
2025-02-26 06:00:00,5.65,79.52,2.9,4.5,0.157,1.602,0.0,0.715,0.0,6.974
2025-02-26 07:00:00,5.91,90.87,2.6,4.5,0.223,1.966,0.0,0.687,0.758,7.376
2025-02-26 08:00:00,10.72,76.64,2.4,3.137,0.1,1.69,0.0,0.552,1.151,5.479
2025-02-26 09:00:00,12.34,78.89,2.3,2.592,0.142,0.099,0.0,0.343,2.106,3.176
2025-02-26 10:00:00,11.54,75.59,1.3,2.488,0.287,0.084,0.0,0.223,1.917,3.083
2025-02-26 11:00:00,9.56,76.37,1.5,3.147,0.1,0.092,0.0,0.124,0.989,3.463
2025-02-26 12:00:00,13.42,77.03,0.8,1.754,0.143,0.101,0.0,0.195,0.655,2.193
2025-02-26 13:00:00,15.32,76.37,0.5,1.116,0.23,0.099,0.0,0.178,0.0,1.623
2025-02-26 14:00:00,12.69,70.23,1.3,2.295,0.1,0.094,0.0,0.183,0.0,2.671
2025-02-26 15:00:00,15.01,68.59,0.4,1.468,0.165,0.099,0.0,0.152,0.0,1.884
2025-02-26 16:00:00,14.21,87.32,0.5,1.587,0.228,0.11,0.0,0.199,0.0,2.125
2025-02-26 17:00:00,14.31,73.34,2.6,2.147,0.1,0.098,0.0,1.247,0.0,3.593
2025-02-26 18:00:00,12.59,80.5,2.8,2.565,0.164,0.1,0.0,1.224,0.0,4.053
2025-02-26 19:00:00,9.74,70.41,2.5,3.322,0.224,1.621,7.083,1.168,0.0,13.418
2025-02-26 20:00:00,11.7,78.6,2.2,2.644,0.1,1.705,7.429,1.127,0.0,13.005
2025-02-26 21:00:00,8.37,80.92,2.5,3.895,0.164,1.516,7.154,1.199,0.0,13.928
2025-02-26 22:00:00,7.37,85.36,3.3,4.307,0.229,0.118,6.518,1.365,0.0,12.538
2025-02-26 23:00:00,4.97,70.63,2.5,4.5,0.1,0.094,7.396,1.259,0.0,13.349
2025-02-27 00:00:00,5.07,86.03,0.9,3.989,0.199,0.09,0.0,0.165,0.0,4.443
2025-02-27 01:00:00,3.9,80.05,1.8,4.5,0.194,0.108,0.0,0.258,0.0,5.06
2025-02-27 02:00:00,4.8,87.62,1.0,4.022,0.1,0.087,0.0,0.201,0.0,4.41
2025-02-27 03:00:00,7.8,80.61,1.1,3.179,0.128,0.116,0.0,0.191,0.0,3.613
2025-02-27 04:00:00,3.67,80.92,0.6,4.228,0.272,0.095,0.0,0.262,0.0,4.858
2025-02-27 05:00:00,4.1,82.87,1.9,4.5,0.1,0.108,0.0,0.222,0.0,4.93
2025-02-27 06:00:00,9.77,77.74,2.3,3.208,0.155,1.851,0.0,0.576,0.0,5.789
2025-02-27 07:00:00,8.45,79.18,2.4,3.628,0.227,1.479,0.0,0.634,0.457,5.969
2025-02-27 08:00:00,9.06,74.03,3.0,3.779,0.1,1.951,0.0,0.581,1.292,6.41
2025-02-27 09:00:00,12.91,69.28,2.4,2.269,0.15,0.112,0.0,0.212,1.723,2.742
2025-02-27 10:00:00,11.65,82.09,1.0,2.565,0.242,0.119,0.0,0.194,2.17,3.12
2025-02-27 11:00:00,16.33,69.28,0.9,0.924,0.1,0.097,0.0,0.213,1.12,1.334
2025-02-27 12:00:00,15.41,73.91,0.9,1.35,0.159,0.1,0.0,0.189,0.608,1.797
2025-02-27 13:00:00,14.16,77.97,1.1,1.775,0.222,0.115,0.0,0.12,0.0,2.232
2025-02-27 14:00:00,18.3,70.93,1.2,0.626,0.1,0.091,0.0,0.142,0.0,0.959
2025-02-27 15:00:00,13.98,70.08,0.7,1.737,0.198,0.088,0.0,0.151,0.0,2.174
2025-02-27 16:00:00,15.5,75.94,0.7,1.255,0.248,0.085,0.0,0.183,0.0,1.771
2025-02-27 17:00:00,14.04,81.35,2.8,2.316,0.1,0.119,0.0,1.176,0.0,3.711
2025-02-27 18:00:00,14.51,71.15,2.4,1.837,0.123,0.091,0.0,1.261,0.0,3.312
2025-02-27 19:00:00,13.7,77.7,2.4,1.941,0.251,1.654,0.0,1.194,0.0,5.041
2025-02-27 20:00:00,10.11,71.34,3.1,3.387,0.1,1.47,0.0,1.313,0.0,6.27
2025-02-27 21:00:00,7.64,79.59,3.4,4.467,0.156,1.344,0.0,1.331,0.0,7.299
2025-02-27 22:00:00,8.25,83.17,3.3,4.202,0.239,0.117,0.0,1.264,0.0,5.821
2025-02-27 23:00:00,5.51,79.97,2.0,4.5,0.12,0.099,0.0,1.132,0.0,5.851
2025-02-28 00:00:00,8.91,82.91,0.9,3.071,0.167,0.103,6.568,0.214,0.0,10.123
2025-02-28 01:00:00,5.59,78.75,0.6,3.611,0.261,0.089,6.686,0.159,0.0,10.806
2025-02-28 02:00:00,4.67,86.39,1.1,4.114,0.1,0.093,6.784,0.235,0.0,11.326
2025-02-28 03:00:00,5.66,91.07,0.8,3.757,0.147,0.11,0.0,0.172,0.0,4.186
2025-02-28 04:00:00,3.87,79.71,1.2,4.5,0.249,0.094,0.0,0.222,0.0,5.065
2025-02-28 05:00:00,5.22,81.13,1.0,4.057,0.1,0.1,0.0,0.174,0.0,4.431
2025-02-28 06:00:00,9.52,85.51,1.7,3.375,0.149,1.522,0.0,0.558,0.0,5.605
2025-02-28 07:00:00,7.94,87.61,2.1,3.869,0.246,2.052,0.0,0.612,0.838,6.779
2025-02-28 08:00:00,8.65,72.53,2.5,3.732,0.1,1.971,0.0,0.546,1.275,6.349
2025-02-28 09:00:00,12.32,77.6,2.5,2.535,0.154,0.11,0.0,0.258,1.244,3.059
2025-02-28 10:00:00,14.5,78.42,0.4,1.545,0.238,0.087,0.0,0.216,2.027,2.086
2025-02-28 11:00:00,14.83,75.25,0.4,1.43,0.1,0.1,0.0,0.271,1.451,1.901
2025-02-28 12:00:00,16.04,62.42,1.0,1.249,0.138,0.081,0.0,0.184,0.765,1.652
2025-02-28 13:00:00,13.91,76.71,0.4,1.641,0.197,0.093,0.0,0.1,0.0,2.03
2025-02-28 14:00:00,13.08,81.6,0.3,1.623,0.1,0.094,0.0,0.1,0.0,1.917
2025-02-28 15:00:00,17.3,74.79,0.8,1.041,0.158,0.117,0.0,0.13,0.0,1.446
2025-02-28 16:00:00,14.06,69.65,0.8,1.705,0.256,0.12,0.0,0.238,0.0,2.319
2025-02-28 17:00:00,13.38,73.19,2.6,2.202,0.1,0.105,0.0,1.334,0.0,3.741
2025-02-28 18:00:00,14.71,85.85,2.7,1.997,0.161,0.101,0.0,1.215,0.0,3.473
2025-02-28 19:00:00,12.34,83.0,3.0,2.677,0.259,1.464,7.49,1.284,0.0,13.174
2025-02-28 20:00:00,10.9,83.2,2.7,3.182,0.1,1.211,6.684,1.105,0.0,12.282
2025-02-28 21:00:00,12.17,83.33,3.0,2.913,0.134,1.68,7.438,1.317,0.0,13.483
2025-02-28 22:00:00,6.75,79.69,2.8,4.5,0.223,0.107,7.5,1.262,0.0,13.592
2025-02-28 23:00:00,8.07,83.24,3.1,4.136,0.1,0.106,7.714,1.278,0.0,13.335
2025-03-01 00:00:00,6.13,84.81,2.2,4.286,0.183,0.112,0.0,0.166,0.0,4.747
2025-03-01 01:00:00,5.95,88.54,2.1,4.31,0.237,0.117,0.0,0.196,0.0,4.86
2025-03-01 02:00:00,7.67,93.54,2.3,3.88,0.1,0.096,0.0,0.152,0.0,4.227
2025-03-01 03:00:00,6.31,91.39,2.1,4.266,0.123,0.097,0.0,0.171,0.0,4.657
2025-03-01 04:00:00,6.85,78.1,1.9,3.977,0.229,0.119,0.0,0.143,0.0,4.468
2025-03-01 05:00:00,8.45,85.36,1.6,3.353,0.1,0.107,0.0,0.148,0.0,3.707
2025-03-01 06:00:00,7.33,86.68,3.1,4.313,0.151,2.053,0.0,0.594,0.0,7.11
2025-03-01 07:00:00,7.82,84.65,2.9,4.171,0.206,1.6,0.0,0.665,0.836,6.641
2025-03-01 08:00:00,8.81,76.85,3.3,3.967,0.1,1.668,0.0,0.607,0.994,6.342
2025-03-01 09:00:00,8.72,93.02,3.6,4.038,0.13,0.096,0.0,0.255,1.88,4.518
2025-03-01 10:00:00,15.96,70.61,1.5,1.443,0.255,0.093,0.0,0.141,1.663,1.932
2025-03-01 11:00:00,12.26,70.34,1.8,2.616,0.1,0.115,0.0,0.151,0.736,2.982
2025-03-01 12:00:00,14.37,75.97,1.5,1.889,0.139,0.1,0.0,0.141,0.95,2.269
2025-03-01 13:00:00,14.79,84.79,1.9,1.68,0.242,0.118,0.0,0.255,0.0,2.296
2025-03-01 14:00:00,15.84,69.82,1.6,1.4,0.1,0.093,0.0,0.188,0.0,1.782
2025-03-01 15:00:00,16.43,72.88,1.5,1.387,0.197,0.081,0.0,0.158,0.0,1.823
2025-03-01 16:00:00,16.0,80.19,1.5,1.236,0.255,0.086,0.0,0.146,0.0,1.722
2025-03-01 17:00:00,13.04,75.67,4.0,2.882,0.1,0.089,0.0,1.373,0.0,4.443
2025-03-01 18:00:00,12.62,75.33,3.8,2.738,0.157,0.106,0.0,1.366,0.0,4.366
2025-03-01 19:00:00,12.09,81.28,3.6,3.195,0.189,1.309,0.0,1.309,0.0,6.001
2025-03-01 20:00:00,10.0,81.36,3.9,3.794,0.1,1.429,0.0,1.403,0.0,6.726
2025-03-01 21:00:00,11.49,86.71,3.6,3.455,0.16,1.677,0.0,1.346,0.0,6.639
2025-03-01 22:00:00,8.61,89.46,4.0,4.5,0.235,0.085,0.0,1.401,0.0,6.221
2025-03-01 23:00:00,7.94,85.78,3.4,4.332,0.1,0.083,0.0,1.408,0.0,5.923
2025-03-02 00:00:00,7.2,86.65,1.7,3.75,0.164,0.102,6.971,0.19,0.0,11.175
2025-03-02 01:00:00,7.47,86.87,1.2,3.55,0.228,0.108,6.833,0.178,0.0,10.897
2025-03-02 02:00:00,5.81,88.45,1.7,4.157,0.1,0.116,7.572,0.264,0.0,12.21
2025-03-02 03:00:00,3.76,86.07,1.1,4.394,0.171,0.106,0.0,0.116,0.0,4.788
2025-03-02 04:00:00,6.8,85.19,2.1,3.94,0.246,0.118,0.0,0.189,0.0,4.492
2025-03-02 05:00:00,6.02,90.23,2.1,4.285,0.1,0.09,0.0,0.136,0.0,4.61
2025-03-02 06:00:00,7.24,90.58,3.6,4.5,0.156,1.686,0.0,0.693,0.0,7.035
2025-03-02 07:00:00,10.12,74.02,3.3,3.637,0.264,2.044,0.0,0.695,0.639,6.641
2025-03-02 08:00:00,12.39,80.05,2.9,2.83,0.1,2.024,0.0,0.515,0.566,5.469
2025-03-02 09:00:00,11.86,75.0,3.0,2.983,0.127,0.107,0.0,0.282,1.447,3.499
2025-03-02 10:00:00,13.5,75.45,2.4,2.282,0.248,0.1,0.0,0.238,2.241,2.868
2025-03-02 11:00:00,16.62,77.77,2.4,1.22,0.1,0.081,0.0,0.223,0.746,1.624
2025-03-02 12:00:00,15.23,78.15,1.8,1.643,0.173,0.091,0.0,0.143,0.763,2.051
2025-03-02 13:00:00,19.27,73.64,1.6,0.552,0.237,0.086,0.0,0.236,0.0,1.112
2025-03-02 14:00:00,16.38,64.43,2.3,1.315,0.1,0.082,0.0,0.305,0.0,1.801
2025-03-02 15:00:00,12.72,69.38,1.5,2.248,0.123,0.111,0.0,0.175,0.0,2.657
2025-03-02 16:00:00,16.0,79.29,1.9,1.399,0.223,0.085,0.0,0.191,0.0,1.898
2025-03-02 17:00:00,14.64,62.06,4.0,2.404,0.1,0.094,0.0,1.441,0.0,4.039
2025-03-02 18:00:00,14.97,82.94,3.5,2.101,0.154,0.119,0.0,1.335,0.0,3.709
2025-03-02 19:00:00,12.84,81.05,4.0,2.933,0.235,1.445,7.265,1.431,0.0,13.309
2025-03-02 20:00:00,10.33,86.58,4.0,3.585,0.1,1.285,6.493,1.491,0.0,12.954
2025-03-02 21:00:00,7.4,80.56,3.8,4.5,0.172,1.614,7.142,1.402,0.0,14.83
2025-03-02 22:00:00,7.72,72.69,3.4,4.397,0.222,0.112,6.905,1.359,0.0,12.995
2025-03-02 23:00:00,5.72,86.39,3.5,4.5,0.1,0.091,6.771,1.463,0.0,12.926
2025-03-03 00:00:00,5.5,91.57,1.1,3.825,0.117,0.112,7.12,0.257,0.0,11.431
2025-03-03 01:00:00,6.75,90.42,0.4,3.228,0.246,0.091,7.711,0.111,0.0,11.386
2025-03-03 02:00:00,8.2,82.69,1.1,3.253,0.1,0.108,7.424,0.269,0.0,11.153
2025-03-03 03:00:00,6.46,86.23,1.2,3.894,0.173,0.085,0.0,0.255,0.0,4.407
2025-03-03 04:00:00,4.57,82.53,1.4,4.31,0.244,0.097,0.0,0.267,0.0,4.918
2025-03-03 05:00:00,7.83,80.15,0.4,3.049,0.1,0.101,0.0,0.132,0.0,3.382
2025-03-03 06:00:00,9.99,87.78,3.0,3.699,0.147,1.962,0.0,0.653,0.0,6.46
2025-03-03 07:00:00,8.49,75.57,3.2,4.035,0.29,1.908,0.0,0.635,0.647,6.868
2025-03-03 08:00:00,10.5,75.53,2.7,3.221,0.1,2.054,0.0,0.619,1.043,5.995
2025-03-03 09:00:00,12.01,72.93,2.1,2.583,0.162,0.087,0.0,0.3,1.28,3.133
2025-03-03 10:00:00,12.02,69.55,0.9,2.098,0.196,0.106,0.0,0.183,1.888,2.584
2025-03-03 11:00:00,15.21,76.49,1.0,1.519,0.1,0.085,0.0,0.1,1.315,1.804
2025-03-03 12:00:00,14.85,80.61,1.1,1.513,0.16,0.099,0.0,0.165,0.606,1.937
2025-03-03 13:00:00,16.16,73.28,1.0,1.224,0.204,0.101,0.0,0.148,0.0,1.676
2025-03-03 14:00:00,14.37,66.47,1.1,1.747,0.1,0.081,0.0,0.273,0.0,2.201
2025-03-03 15:00:00,14.87,78.4,1.0,1.737,0.135,0.083,0.0,0.138,0.0,2.094
2025-03-03 16:00:00,16.11,83.23,1.1,1.122,0.216,0.114,0.0,0.163,0.0,1.614
2025-03-03 17:00:00,13.67,72.53,2.8,2.379,0.1,0.091,0.0,1.232,0.0,3.802
2025-03-03 18:00:00,15.79,74.61,2.9,1.726,0.181,0.094,0.0,1.338,0.0,3.339
2025-03-03 19:00:00,11.39,81.03,2.8,2.928,0.243,1.584,6.643,1.291,0.0,12.689
2025-03-03 20:00:00,11.04,88.11,3.8,3.491,0.1,1.332,7.796,1.431,0.0,14.15
2025-03-03 21:00:00,10.8,78.95,3.6,3.614,0.166,1.316,6.999,1.385,0.0,13.479
2025-03-03 22:00:00,6.07,76.34,3.2,4.5,0.253,0.097,6.489,1.326,0.0,12.666
2025-03-03 23:00:00,4.52,87.4,3.5,4.5,0.1,0.082,6.642,1.369,0.0,12.693
2025-03-04 00:00:00,4.24,89.19,1.3,4.456,0.169,0.117,0.0,0.292,0.0,5.034
2025-03-04 01:00:00,7.93,85.83,1.1,3.392,0.257,0.118,0.0,0.119,0.0,3.885
2025-03-04 02:00:00,5.04,83.21,0.4,3.799,0.1,0.098,0.0,0.1,0.0,4.097
2025-03-04 03:00:00,9.87,90.77,0.9,2.794,0.137,0.088,0.0,0.199,0.0,3.218
2025-03-04 04:00:00,5.69,87.84,0.9,3.858,0.213,0.099,0.0,0.246,0.0,4.416
2025-03-04 05:00:00,7.6,80.4,0.5,3.098,0.1,0.084,0.0,0.176,0.0,3.457
2025-03-04 06:00:00,10.68,83.25,1.9,2.937,0.137,1.726,0.0,0.453,0.0,5.253
2025-03-04 07:00:00,12.58,74.79,2.7,2.555,0.229,1.493,0.0,0.653,0.973,4.93
2025-03-04 08:00:00,13.96,83.43,2.6,2.038,0.1,1.948,0.0,0.557,1.479,4.644
2025-03-04 09:00:00,13.97,77.14,2.0,1.967,0.149,0.091,0.0,0.147,1.875,2.354
2025-03-04 10:00:00,14.9,74.82,0.7,1.51,0.271,0.101,0.0,0.122,2.162,2.005
2025-03-04 11:00:00,15.29,75.59,1.5,1.576,0.1,0.081,0.0,0.114,1.523,1.87
2025-03-04 12:00:00,16.36,75.01,0.6,0.993,0.149,0.101,0.0,0.18,0.983,1.423
2025-03-04 13:00:00,14.87,78.68,1.1,1.472,0.2,0.08,0.0,0.15,0.0,1.902
2025-03-04 14:00:00,14.64,76.96,0.9,1.667,0.108,0.117,0.0,0.111,0.0,2.003
2025-03-04 15:00:00,15.69,73.42,1.2,1.43,0.124,0.1,0.0,0.305,0.0,1.959
2025-03-04 16:00:00,14.94,78.62,0.7,1.554,0.222,0.084,0.0,0.143,0.0,2.003
2025-03-04 17:00:00,13.72,77.76,3.0,2.468,0.1,0.094,0.0,1.288,0.0,3.95
2025-03-04 18:00:00,14.41,74.87,3.1,2.171,0.155,0.082,0.0,1.368,0.0,3.777
2025-03-04 19:00:00,13.59,77.82,3.1,2.345,0.269,1.519,0.0,1.329,0.0,5.461
2025-03-04 20:00:00,11.0,79.26,3.0,3.213,0.1,1.273,0.0,1.38,0.0,5.967
2025-03-04 21:00:00,11.79,84.08,3.1,3.147,0.148,1.484,0.0,1.267,0.0,6.047
2025-03-04 22:00:00,6.65,81.16,3.9,4.5,0.257,0.092,0.0,1.473,0.0,6.322
2025-03-04 23:00:00,7.04,82.29,4.0,4.5,0.1,0.11,0.0,1.465,0.0,6.175
2025-03-05 00:00:00,5.63,95.0,0.7,3.814,0.137,0.099,7.116,0.222,0.0,11.388
2025-03-05 01:00:00,3.4,90.49,0.1,3.987,0.256,0.114,6.974,0.194,0.0,11.524
2025-03-05 02:00:00,5.91,82.2,1.2,3.94,0.1,0.118,7.267,0.149,0.0,11.573
2025-03-05 03:00:00,6.02,88.65,1.1,3.944,0.148,0.119,0.0,0.323,0.0,4.534
2025-03-05 04:00:00,8.97,85.79,1.4,3.313,0.239,0.09,0.0,0.1,0.0,3.743
2025-03-05 05:00:00,8.44,86.2,1.1,3.26,0.1,0.111,0.0,0.14,0.0,3.611
2025-03-05 06:00:00,6.99,83.69,2.5,4.216,0.141,1.755,0.0,0.636,0.0,6.748
2025-03-05 07:00:00,12.52,87.5,3.0,2.54,0.256,1.747,0.0,0.651,0.736,5.194
2025-03-05 08:00:00,12.86,81.73,3.0,2.671,0.1,2.065,0.0,0.647,1.196,5.484
2025-03-05 09:00:00,13.2,78.14,1.9,2.239,0.129,0.086,0.0,0.244,1.467,2.697
2025-03-05 10:00:00,13.19,82.21,0.7,1.818,0.25,0.099,0.0,0.128,1.95,2.295
2025-03-05 11:00:00,13.13,76.92,1.0,1.868,0.1,0.104,0.0,0.221,1.566,2.292
2025-03-05 12:00:00,14.8,75.41,1.0,1.642,0.17,0.083,0.0,0.175,0.744,2.069
2025-03-05 13:00:00,17.49,75.77,0.9,0.717,0.244,0.115,0.0,0.247,0.0,1.322
2025-03-05 14:00:00,18.86,73.53,1.2,0.584,0.1,0.093,0.0,0.17,0.0,0.947
2025-03-05 15:00:00,18.17,74.25,1.4,0.836,0.151,0.106,0.0,0.215,0.0,1.309
2025-03-05 16:00:00,14.63,71.87,1.7,1.812,0.247,0.117,0.0,0.233,0.0,2.409
2025-03-05 17:00:00,12.89,72.0,3.2,2.611,0.1,0.109,0.0,1.362,0.0,4.182
2025-03-05 18:00:00,13.74,72.01,2.7,2.109,0.141,0.115,0.0,1.227,0.0,3.592
2025-03-05 19:00:00,9.67,71.49,2.9,3.65,0.231,1.242,6.945,1.256,0.0,13.324
2025-03-05 20:00:00,11.52,75.6,3.0,3.136,0.1,1.496,7.288,1.236,0.0,13.257
2025-03-05 21:00:00,9.51,80.68,3.2,3.684,0.123,1.539,6.497,1.337,0.0,13.181
2025-03-05 22:00:00,7.83,83.52,3.2,4.319,0.207,0.108,7.014,1.21,0.0,12.858
2025-03-05 23:00:00,5.1,82.89,3.8,4.5,0.1,0.085,6.957,1.427,0.0,13.068
2025-03-06 00:00:00,7.64,73.42,0.8,3.333,0.133,0.106,0.0,0.194,0.0,3.765
2025-03-06 01:00:00,5.57,93.67,1.2,3.942,0.248,0.086,0.0,0.278,0.0,4.555
2025-03-06 02:00:00,4.44,91.43,1.9,4.5,0.1,0.083,0.0,0.175,0.0,4.858
2025-03-06 03:00:00,2.06,88.02,0.8,4.5,0.124,0.099,0.0,0.182,0.0,4.905
2025-03-06 04:00:00,6.83,94.73,1.1,3.483,0.228,0.104,0.0,0.19,0.0,4.005
2025-03-06 05:00:00,10.32,79.36,0.6,2.649,0.105,0.118,0.0,0.113,0.0,2.986
2025-03-06 06:00:00,11.19,92.44,2.5,2.937,0.148,1.943,0.0,0.602,0.0,5.631
2025-03-06 07:00:00,9.22,76.73,2.2,3.411,0.25,1.866,0.0,0.508,0.639,6.034
2025-03-06 08:00:00,10.3,81.19,2.9,3.323,0.1,1.594,0.0,0.682,1.887,5.699
2025-03-06 09:00:00,13.2,72.08,2.6,2.328,0.122,0.086,0.0,0.256,1.774,2.793
2025-03-06 10:00:00,12.2,77.07,0.6,2.258,0.266,0.104,0.0,0.19,2.103,2.818
2025-03-06 11:00:00,15.19,77.69,1.3,1.701,0.1,0.089,0.0,0.158,1.686,2.048
2025-03-06 12:00:00,16.68,74.03,1.1,1.283,0.124,0.108,0.0,0.253,0.923,1.768
2025-03-06 13:00:00,17.87,77.77,1.4,0.94,0.226,0.085,0.0,0.137,0.0,1.389
2025-03-06 14:00:00,16.05,74.5,0.5,1.224,0.1,0.094,0.0,0.169,0.0,1.586
2025-03-06 15:00:00,15.72,71.59,1.1,1.217,0.165,0.111,0.0,0.126,0.0,1.619
2025-03-06 16:00:00,14.21,71.97,1.3,1.768,0.223,0.113,0.0,0.18,0.0,2.284
2025-03-06 17:00:00,13.49,79.81,2.8,2.568,0.116,0.094,0.0,1.316,0.0,4.094
2025-03-06 18:00:00,13.36,73.73,2.5,2.267,0.131,0.088,0.0,1.223,0.0,3.709
2025-03-06 19:00:00,13.04,83.02,3.0,2.685,0.249,1.775,0.0,1.231,0.0,5.94
2025-03-06 20:00:00,12.57,86.11,3.5,2.831,0.1,1.657,0.0,1.332,0.0,5.92
2025-03-06 21:00:00,8.7,73.21,3.5,3.838,0.148,1.684,0.0,1.333,0.0,7.003
2025-03-06 22:00:00,10.94,88.66,2.8,3.217,0.244,0.089,0.0,1.211,0.0,4.76
2025-03-06 23:00:00,7.26,94.54,2.5,4.278,0.1,0.097,0.0,1.212,0.0,5.686
2025-03-07 00:00:00,7.01,86.46,0.8,3.455,0.18,0.083,7.276,0.284,0.0,11.278
2025-03-07 01:00:00,5.42,88.79,0.8,3.969,0.245,0.084,6.769,0.146,0.0,11.214
2025-03-07 02:00:00,2.73,91.19,1.2,4.5,0.1,0.089,6.618,0.282,0.0,11.589
2025-03-07 03:00:00,7.87,84.42,1.0,3.166,0.158,0.092,0.0,0.179,0.0,3.595
2025-03-07 04:00:00,8.15,86.11,0.7,3.145,0.225,0.12,0.0,0.187,0.0,3.676
2025-03-07 05:00:00,7.41,77.67,1.4,3.683,0.1,0.097,0.0,0.206,0.0,4.086
2025-03-07 06:00:00,8.97,83.69,2.6,3.797,0.17,1.942,0.0,0.52,0.0,6.429
2025-03-07 07:00:00,10.85,84.04,2.7,3.192,0.244,2.091,0.0,0.637,0.834,6.164
2025-03-07 08:00:00,9.03,82.58,1.8,3.23,0.1,1.617,0.0,0.423,0.869,5.37
2025-03-07 09:00:00,11.87,83.77,1.5,2.491,0.12,0.086,0.0,0.206,2.05,2.903
2025-03-07 10:00:00,15.06,73.13,0.4,1.45,0.266,0.09,0.0,0.171,2.095,1.976
2025-03-07 11:00:00,13.02,73.09,0.8,1.78,0.1,0.115,0.0,0.1,1.13,2.095
2025-03-07 12:00:00,16.14,84.28,1.2,1.262,0.171,0.107,0.0,0.19,0.678,1.729
2025-03-07 13:00:00,14.17,73.45,0.1,1.484,0.252,0.098,0.0,0.137,0.0,1.971
2025-03-07 14:00:00,17.07,75.0,1.6,1.011,0.1,0.113,0.0,0.191,0.0,1.416
2025-03-07 15:00:00,16.15,73.87,1.1,1.289,0.129,0.089,0.0,0.175,0.0,1.682
2025-03-07 16:00:00,13.28,70.7,1.5,1.977,0.218,0.09,0.0,0.167,0.0,2.452
2025-03-07 17:00:00,16.65,83.88,2.6,1.377,0.108,0.103,0.0,1.227,0.0,2.816
2025-03-07 18:00:00,12.77,74.36,3.2,2.736,0.12,0.112,0.0,1.356,0.0,4.323
2025-03-07 19:00:00,11.45,72.81,3.0,3.166,0.215,1.356,7.337,1.274,0.0,13.347
2025-03-07 20:00:00,11.67,77.75,3.3,2.964,0.1,1.326,6.601,1.33,0.0,12.321
2025-03-07 21:00:00,11.8,71.54,2.9,2.756,0.151,1.484,7.472,1.297,0.0,13.16
2025-03-07 22:00:00,7.35,79.74,3.2,4.468,0.226,0.085,6.738,1.424,0.0,12.941
2025-03-07 23:00:00,7.93,79.4,3.4,4.332,0.1,0.11,7.705,1.341,0.0,13.587
2025-03-08 00:00:00,7.86,88.28,1.5,3.849,0.168,0.103,0.0,0.111,0.0,4.232
2025-03-08 01:00:00,7.75,82.43,1.9,3.789,0.236,0.101,0.0,0.162,0.0,4.288
2025-03-08 02:00:00,6.81,90.44,1.0,3.617,0.1,0.115,0.0,0.211,0.0,4.044
2025-03-08 03:00:00,6.16,92.79,2.1,4.266,0.15,0.109,0.0,0.288,0.0,4.812
2025-03-08 04:00:00,5.97,89.1,2.6,4.465,0.227,0.086,0.0,0.18,0.0,4.957
2025-03-08 05:00:00,8.14,83.17,1.3,3.439,0.1,0.097,0.0,0.187,0.0,3.823
2025-03-08 06:00:00,7.44,83.71,3.3,4.437,0.156,1.671,0.0,0.662,0.0,6.926
2025-03-08 07:00:00,5.87,73.93,3.7,4.5,0.252,2.017,0.0,0.654,0.588,7.423
2025-03-08 08:00:00,12.2,79.33,3.3,2.908,0.1,1.958,0.0,0.742,0.89,5.707
2025-03-08 09:00:00,14.19,74.14,3.4,2.275,0.105,0.099,0.0,0.309,1.8,2.788
2025-03-08 10:00:00,10.5,80.47,1.6,2.706,0.225,0.113,0.0,0.217,1.154,3.26
2025-03-08 11:00:00,13.56,88.62,1.6,2.119,0.1,0.096,0.0,0.178,1.069,2.493
2025-03-08 12:00:00,16.8,77.3,1.8,1.083,0.121,0.112,0.0,0.251,0.913,1.567
2025-03-08 13:00:00,19.46,64.25,1.8,0.417,0.251,0.081,0.0,0.23,0.0,0.979
2025-03-08 14:00:00,16.58,72.19,1.3,1.296,0.1,0.085,0.0,0.168,0.0,1.649
2025-03-08 15:00:00,15.28,74.82,1.8,1.771,0.15,0.11,0.0,0.252,0.0,2.282
2025-03-08 16:00:00,15.6,75.24,2.4,1.451,0.223,0.085,0.0,0.241,0.0,1.999
2025-03-08 17:00:00,17.14,72.1,3.6,1.314,0.1,0.107,0.0,1.298,0.0,2.82
2025-03-08 18:00:00,13.07,78.23,3.3,2.635,0.179,0.109,0.0,1.279,0.0,4.202
2025-03-08 19:00:00,11.64,72.23,3.7,3.064,0.253,1.597,0.0,1.332,0.0,6.246
2025-03-08 20:00:00,10.82,75.28,3.5,3.5,0.1,1.691,0.0,1.414,0.0,6.705
2025-03-08 21:00:00,8.82,84.78,3.3,4.003,0.168,1.507,0.0,1.287,0.0,6.966
2025-03-08 22:00:00,9.23,77.92,3.9,4.107,0.247,0.116,0.0,1.448,0.0,5.918
2025-03-08 23:00:00,10.45,86.93,3.5,3.455,0.1,0.103,0.0,1.471,0.0,5.129
2025-03-09 00:00:00,7.87,78.35,1.6,3.601,0.137,0.1,7.537,0.236,0.0,11.611
2025-03-09 01:00:00,6.51,94.62,1.9,4.161,0.264,0.1,7.315,0.185,0.0,12.026
2025-03-09 02:00:00,6.28,82.13,1.2,3.827,0.1,0.116,7.378,0.148,0.0,11.57
2025-03-09 03:00:00,4.54,84.68,1.1,4.168,0.158,0.09,0.0,0.168,0.0,4.583
2025-03-09 04:00:00,8.71,86.85,2.1,3.498,0.231,0.108,0.0,0.161,0.0,3.997
2025-03-09 05:00:00,8.07,81.42,1.0,3.306,0.1,0.09,0.0,0.124,0.0,3.619
2025-03-09 06:00:00,8.95,83.72,2.9,3.813,0.155,1.506,0.0,0.592,0.0,6.067
2025-03-09 07:00:00,15.21,84.43,2.6,1.856,0.27,2.127,0.0,0.633,0.773,4.886
2025-03-09 08:00:00,12.17,84.8,3.1,2.8,0.1,1.533,0.0,0.622,1.356,5.056
2025-03-09 09:00:00,11.89,82.4,3.5,2.927,0.17,0.107,0.0,0.243,2.016,3.448
2025-03-09 10:00:00,13.58,76.14,1.8,2.12,0.227,0.097,0.0,0.229,1.458,2.673
2025-03-09 11:00:00,16.98,75.02,2.8,1.203,0.1,0.113,0.0,0.269,1.571,1.686
2025-03-09 12:00:00,16.22,86.55,2.2,1.483,0.126,0.111,0.0,0.121,0.713,1.841
2025-03-09 13:00:00,14.39,78.95,1.4,1.766,0.222,0.086,0.0,0.107,0.0,2.18
2025-03-09 14:00:00,18.1,69.39,1.3,0.83,0.1,0.099,0.0,0.17,0.0,1.2
2025-03-09 15:00:00,15.55,74.7,2.9,1.617,0.165,0.081,0.0,0.181,0.0,2.044
2025-03-09 16:00:00,18.86,73.13,2.2,0.643,0.241,0.097,0.0,0.259,0.0,1.241
2025-03-09 17:00:00,16.87,75.08,4.0,1.382,0.1,0.108,0.0,1.417,0.0,3.007
2025-03-09 18:00:00,13.55,70.85,3.8,2.459,0.128,0.089,0.0,1.503,0.0,4.179
2025-03-09 19:00:00,14.93,76.39,3.9,2.031,0.238,1.686,6.627,1.401,0.0,11.982
2025-03-09 20:00:00,11.82,89.06,3.2,2.936,0.1,1.232,7.466,1.329,0.0,13.063
2025-03-09 21:00:00,11.7,84.45,3.9,3.355,0.154,1.221,6.639,1.385,0.0,12.753
2025-03-09 22:00:00,9.95,70.54,3.8,3.771,0.23,0.081,7.213,1.437,0.0,12.732
2025-03-09 23:00:00,6.91,90.33,3.4,4.5,0.1,0.091,6.751,1.376,0.0,12.818
2025-03-10 00:00:00,6.6,90.64,0.8,3.554,0.153,0.099,7.728,0.218,0.0,11.752
2025-03-10 01:00:00,8.61,84.0,1.6,3.385,0.244,0.084,7.058,0.191,0.0,10.963
2025-03-10 02:00:00,6.39,89.59,0.9,3.622,0.1,0.12,6.502,0.242,0.0,10.586
2025-03-10 03:00:00,6.46,81.5,1.8,4.06,0.143,0.12,0.0,0.22,0.0,4.543
2025-03-10 04:00:00,6.13,82.84,0.3,3.517,0.248,0.101,0.0,0.127,0.0,3.993
2025-03-10 05:00:00,9.0,91.74,0.8,3.021,0.1,0.103,0.0,0.142,0.0,3.366
2025-03-10 06:00:00,12.49,81.64,1.9,2.459,0.161,2.107,0.0,0.587,0.0,5.315
2025-03-10 07:00:00,9.0,72.2,2.0,3.32,0.26,1.994,0.0,0.625,0.745,6.199
2025-03-10 08:00:00,11.93,79.68,2.2,2.933,0.1,1.561,0.0,0.517,1.578,5.111
2025-03-10 09:00:00,15.31,78.05,2.6,1.851,0.136,0.112,0.0,0.266,0.794,2.364
2025-03-10 10:00:00,14.28,82.99,1.1,1.776,0.233,0.089,0.0,0.109,2.232,2.208
2025-03-10 11:00:00,16.11,75.83,0.7,1.077,0.1,0.097,0.0,0.141,1.601,1.415
2025-03-10 12:00:00,14.63,72.7,0.1,1.519,0.171,0.101,0.0,0.178,1.012,1.969
2025-03-10 13:00:00,17.37,79.43,1.6,0.94,0.222,0.109,0.0,0.155,0.0,1.426
2025-03-10 14:00:00,16.62,74.6,0.9,1.073,0.1,0.086,0.0,0.25,0.0,1.509
2025-03-10 15:00:00,18.2,70.45,0.6,0.498,0.171,0.083,0.0,0.197,0.0,0.95
2025-03-10 16:00:00,18.01,80.58,1.1,0.644,0.241,0.115,0.0,0.124,0.0,1.124
2025-03-10 17:00:00,19.32,76.73,3.1,0.586,0.1,0.113,0.0,1.326,0.0,2.125
2025-03-10 18:00:00,15.27,77.01,2.9,1.906,0.155,0.101,0.0,1.193,0.0,3.355
2025-03-10 19:00:00,13.68,79.34,3.1,2.418,0.214,1.597,7.715,1.29,0.0,13.235
2025-03-10 20:00:00,12.19,74.65,2.5,2.742,0.1,1.632,7.676,1.25,0.0,13.399
2025-03-10 21:00:00,10.07,78.91,3.3,3.589,0.118,1.486,7.417,1.364,0.0,13.974
2025-03-10 22:00:00,9.9,83.02,2.6,3.353,0.241,0.09,6.571,1.212,0.0,11.467
2025-03-10 23:00:00,7.92,83.27,2.8,4.098,0.1,0.099,6.938,1.224,0.0,12.459
2025-03-11 00:00:00,8.0,91.56,1.3,3.483,0.165,0.118,0.0,0.13,0.0,3.896
2025-03-11 01:00:00,9.22,86.88,1.5,3.168,0.259,0.114,0.0,0.204,0.0,3.744
2025-03-11 02:00:00,5.56,90.27,1.6,4.349,0.1,0.099,0.0,0.239,0.0,4.787
2025-03-11 03:00:00,8.95,85.84,1.4,3.194,0.153,0.089,0.0,0.296,0.0,3.732
2025-03-11 04:00:00,9.72,90.48,0.9,2.707,0.235,0.116,0.0,0.153,0.0,3.212
2025-03-11 05:00:00,8.36,86.23,0.4,2.939,0.1,0.106,0.0,0.204,0.0,3.349
2025-03-11 06:00:00,6.39,83.07,3.1,4.5,0.136,1.731,0.0,0.683,0.0,7.051
2025-03-11 07:00:00,9.87,81.49,3.0,3.56,0.213,1.52,0.0,0.62,0.926,5.914
2025-03-11 08:00:00,14.02,75.23,2.2,2.178,0.1,1.981,0.0,0.615,1.164,4.873
2025-03-11 09:00:00,13.33,80.98,2.9,2.493,0.141,0.093,0.0,0.195,1.985,2.921
2025-03-11 10:00:00,13.08,76.8,0.9,1.827,0.238,0.104,0.0,0.189,2.11,2.358
2025-03-11 11:00:00,14.85,73.25,1.6,1.83,0.1,0.103,0.0,0.187,1.941,2.221
2025-03-11 12:00:00,17.67,80.34,0.8,0.547,0.157,0.108,0.0,0.196,0.452,1.008
2025-03-11 13:00:00,17.72,67.95,1.8,1.129,0.225,0.102,0.0,0.23,0.0,1.686
2025-03-11 14:00:00,16.72,71.89,1.3,1.099,0.1,0.105,0.0,0.163,0.0,1.468
2025-03-11 15:00:00,16.35,79.34,1.7,1.267,0.126,0.083,0.0,0.201,0.0,1.677
2025-03-11 16:00:00,15.82,76.38,0.8,1.274,0.234,0.107,0.0,0.168,0.0,1.782
2025-03-11 17:00:00,14.23,75.52,3.2,2.235,0.1,0.088,0.0,1.251,0.0,3.675
2025-03-11 18:00:00,17.0,78.26,2.6,1.225,0.155,0.096,0.0,1.199,0.0,2.675
2025-03-11 19:00:00,12.89,79.34,3.3,2.666,0.255,1.508,0.0,1.305,0.0,5.733
2025-03-11 20:00:00,13.9,72.42,3.4,2.48,0.1,1.612,0.0,1.281,0.0,5.473
2025-03-11 21:00:00,13.06,79.81,4.0,2.84,0.147,1.645,0.0,1.393,0.0,6.026
2025-03-11 22:00:00,11.07,91.08,3.2,3.134,0.25,0.108,0.0,1.298,0.0,4.791
2025-03-11 23:00:00,7.89,80.95,3.3,4.381,0.1,0.084,0.0,1.329,0.0,5.894
2025-03-12 00:00:00,8.53,83.6,0.8,3.13,0.155,0.095,7.655,0.112,0.0,11.147
2025-03-12 01:00:00,7.39,83.09,1.2,3.486,0.244,0.091,7.639,0.247,0.0,11.708
2025-03-12 02:00:00,5.9,85.56,0.8,3.824,0.1,0.096,7.706,0.206,0.0,11.932
2025-03-12 03:00:00,7.91,82.88,1.0,3.315,0.117,0.106,0.0,0.177,0.0,3.716
2025-03-12 04:00:00,6.16,87.63,1.1,3.767,0.23,0.088,0.0,0.121,0.0,4.206
2025-03-12 05:00:00,10.5,85.23,0.9,2.582,0.1,0.1,0.0,0.165,0.0,2.948
2025-03-12 06:00:00,9.06,86.87,2.5,3.379,0.144,2.077,0.0,0.588,0.0,6.189
2025-03-12 07:00:00,11.26,76.3,2.3,2.845,0.231,1.966,0.0,0.534,0.395,5.576
2025-03-12 08:00:00,12.68,78.3,2.3,2.546,0.1,1.962,0.0,0.53,1.494,5.138
2025-03-12 09:00:00,13.16,77.32,2.9,2.48,0.158,0.114,0.0,0.276,1.4,3.029
2025-03-12 10:00:00,15.64,79.28,1.1,1.241,0.246,0.096,0.0,0.166,1.504,1.749
2025-03-12 11:00:00,15.08,71.79,1.1,1.622,0.1,0.11,0.0,0.228,1.688,2.061
2025-03-12 12:00:00,17.89,79.38,0.4,0.697,0.122,0.082,0.0,0.162,0.976,1.062
2025-03-12 13:00:00,15.07,80.14,1.2,1.412,0.253,0.082,0.0,0.223,0.0,1.97
2025-03-12 14:00:00,17.44,69.06,1.2,1.145,0.1,0.093,0.0,0.222,0.0,1.561
2025-03-12 15:00:00,19.99,71.75,0.8,0.2,0.134,0.088,0.0,0.199,0.0,0.62
2025-03-12 16:00:00,15.08,72.14,1.8,1.747,0.219,0.101,0.0,0.264,0.0,2.331
2025-03-12 17:00:00,14.77,88.92,2.1,1.721,0.1,0.087,0.0,1.139,0.0,3.047
2025-03-12 18:00:00,15.53,74.85,3.3,1.816,0.154,0.119,0.0,1.255,0.0,3.345
2025-03-12 19:00:00,13.82,86.84,3.3,2.268,0.243,1.711,6.855,1.259,0.0,12.336
2025-03-12 20:00:00,12.78,73.67,3.2,2.557,0.1,1.79,7.308,1.282,0.0,13.036
2025-03-12 21:00:00,11.69,76.6,3.1,3.042,0.149,1.685,7.23,1.328,0.0,13.434
2025-03-12 22:00:00,10.71,79.57,3.2,3.399,0.257,0.118,6.732,1.295,0.0,11.801
2025-03-12 23:00:00,10.38,80.01,3.3,3.623,0.1,0.095,7.476,1.346,0.0,12.64
2025-03-13 00:00:00,8.72,83.86,0.7,2.985,0.128,0.1,0.0,0.198,0.0,3.412
2025-03-13 01:00:00,7.25,82.25,1.1,3.756,0.214,0.09,0.0,0.192,0.0,4.251
2025-03-13 02:00:00,8.45,81.9,0.9,3.173,0.1,0.105,0.0,0.1,0.0,3.478
2025-03-13 03:00:00,10.46,91.59,0.6,2.572,0.16,0.112,0.0,0.108,0.0,2.951
2025-03-13 04:00:00,7.91,91.32,1.3,3.3,0.227,0.1,0.0,0.277,0.0,3.904
2025-03-13 05:00:00,7.44,88.99,0.8,3.268,0.1,0.092,0.0,0.19,0.0,3.65
2025-03-13 06:00:00,11.6,85.62,1.9,2.71,0.175,1.806,0.0,0.417,0.0,5.108
2025-03-13 07:00:00,10.96,82.02,2.3,2.956,0.223,1.485,0.0,0.586,0.866,5.251
2025-03-13 08:00:00,9.18,77.51,2.2,3.47,0.1,1.959,0.0,0.665,1.415,6.194
2025-03-13 09:00:00,15.0,73.68,2.9,1.814,0.136,0.098,0.0,0.251,2.014,2.299
2025-03-13 10:00:00,14.13,78.81,1.1,1.763,0.259,0.116,0.0,0.184,1.291,2.322
2025-03-13 11:00:00,15.84,69.89,1.6,1.412,0.1,0.117,0.0,0.105,1.333,1.734
2025-03-13 12:00:00,17.27,69.83,0.7,0.794,0.122,0.085,0.0,0.158,1.002,1.159
2025-03-13 13:00:00,17.55,79.97,1.3,0.976,0.231,0.12,0.0,0.108,0.0,1.436
2025-03-13 14:00:00,18.5,83.5,2.1,0.556,0.1,0.119,0.0,0.153,0.0,0.927
2025-03-13 15:00:00,16.61,76.17,1.1,1.149,0.168,0.105,0.0,0.112,0.0,1.534
2025-03-13 16:00:00,17.54,80.34,1.3,1.092,0.278,0.113,0.0,0.277,0.0,1.76
2025-03-13 17:00:00,15.58,74.53,3.3,1.845,0.1,0.081,0.0,1.361,0.0,3.387
2025-03-13 18:00:00,16.05,70.31,2.4,1.555,0.121,0.119,0.0,1.259,0.0,3.054
2025-03-13 19:00:00,14.65,81.51,3.2,1.984,0.24,1.474,0.0,1.251,0.0,4.949
2025-03-13 20:00:00,11.03,82.85,3.1,3.396,0.1,1.746,0.0,1.309,0.0,6.551
2025-03-13 21:00:00,12.77,81.91,2.9,2.734,0.142,1.431,0.0,1.213,0.0,5.52
2025-03-13 22:00:00,9.13,81.79,2.6,3.563,0.202,0.112,0.0,1.178,0.0,5.054
2025-03-13 23:00:00,10.11,89.05,3.3,3.525,0.1,0.097,0.0,1.348,0.0,5.07
2025-03-14 00:00:00,8.84,80.27,0.6,3.045,0.168,0.095,7.781,0.177,0.0,11.266
2025-03-14 01:00:00,10.55,81.93,1.9,3.118,0.294,0.118,6.642,0.22,0.0,10.392
2025-03-14 02:00:00,7.29,80.96,1.0,3.364,0.1,0.108,7.018,0.119,0.0,10.708
2025-03-14 03:00:00,7.27,86.22,0.5,3.152,0.124,0.114,0.0,0.172,0.0,3.561
2025-03-14 04:00:00,8.26,79.76,0.8,3.122,0.236,0.102,0.0,0.191,0.0,3.651
2025-03-14 05:00:00,8.63,80.82,0.9,2.867,0.1,0.117,0.0,0.143,0.0,3.226
2025-03-14 06:00:00,11.32,79.47,3.5,3.238,0.136,1.973,0.0,0.664,0.0,6.011
2025-03-14 07:00:00,8.9,80.25,2.1,3.637,0.252,1.492,0.0,0.489,0.782,5.87
2025-03-14 08:00:00,11.04,72.56,2.5,2.854,0.1,1.992,0.0,0.488,1.006,5.434
2025-03-14 09:00:00,12.31,78.88,2.3,2.579,0.175,0.081,0.0,0.319,1.718,3.153
2025-03-14 10:00:00,16.55,83.24,1.2,1.098,0.253,0.113,0.0,0.196,1.752,1.66
2025-03-14 11:00:00,18.72,76.43,0.8,0.724,0.1,0.093,0.0,0.156,0.88,1.074
2025-03-14 12:00:00,16.79,82.51,0.5,0.944,0.137,0.104,0.0,0.206,1.071,1.391
2025-03-14 13:00:00,17.2,80.87,0.9,1.104,0.211,0.11,0.0,0.134,0.0,1.559
2025-03-14 14:00:00,17.73,77.89,0.9,0.756,0.1,0.105,0.0,0.182,0.0,1.143
2025-03-14 15:00:00,19.19,74.58,0.8,0.52,0.142,0.107,0.0,0.228,0.0,0.997
2025-03-14 16:00:00,15.56,74.92,0.8,1.363,0.23,0.116,0.0,0.118,0.0,1.827
2025-03-14 17:00:00,16.51,79.58,3.5,1.487,0.1,0.095,0.0,1.331,0.0,3.013
2025-03-14 18:00:00,16.58,75.04,2.9,1.311,0.177,0.102,0.0,1.19,0.0,2.781
2025-03-14 19:00:00,14.67,69.03,2.5,1.958,0.212,1.305,7.371,1.249,0.0,12.095
2025-03-14 20:00:00,12.91,82.46,2.8,2.489,0.1,1.481,6.626,1.261,0.0,11.956
2025-03-14 21:00:00,12.83,75.9,3.0,2.544,0.141,1.29,6.606,1.342,0.0,11.923
2025-03-14 22:00:00,6.07,78.19,2.5,4.5,0.243,0.105,7.839,1.237,0.0,13.924
2025-03-14 23:00:00,10.1,84.24,3.7,3.765,0.1,0.093,6.635,1.371,0.0,11.964
2025-03-15 00:00:00,7.5,84.72,2.1,3.992,0.121,0.114,0.0,0.235,0.0,4.462
2025-03-15 01:00:00,5.23,78.74,2.4,4.5,0.234,0.094,0.0,0.242,0.0,5.07
2025-03-15 02:00:00,8.57,86.83,2.0,3.518,0.1,0.091,0.0,0.245,0.0,3.955
2025-03-15 03:00:00,10.04,90.63,1.0,2.735,0.152,0.1,0.0,0.252,0.0,3.238
2025-03-15 04:00:00,8.27,79.55,2.4,3.848,0.25,0.087,0.0,0.168,0.0,4.353
2025-03-15 05:00:00,10.7,90.61,1.5,2.824,0.1,0.088,0.0,0.1,0.0,3.113
2025-03-15 06:00:00,12.73,75.2,3.0,2.633,0.176,2.004,0.0,0.586,0.0,5.399
2025-03-15 07:00:00,13.48,92.14,3.4,2.408,0.266,1.798,0.0,0.693,0.971,5.165
2025-03-15 08:00:00,15.27,77.94,3.9,2.066,0.1,1.589,0.0,0.729,1.457,4.483
2025-03-15 09:00:00,15.21,79.18,3.7,1.987,0.168,0.081,0.0,0.233,1.798,2.469
2025-03-15 10:00:00,15.42,67.54,2.2,1.482,0.247,0.099,0.0,0.201,2.395,2.028
2025-03-15 11:00:00,13.94,75.45,1.7,1.73,0.113,0.11,0.0,0.159,1.901,2.112
2025-03-15 12:00:00,16.77,75.95,1.7,1.194,0.134,0.094,0.0,0.195,0.99,1.617
2025-03-15 13:00:00,16.37,73.77,1.9,1.231,0.234,0.09,0.0,0.173,0.0,1.729
2025-03-15 14:00:00,21.06,71.18,1.7,0.2,0.1,0.096,0.0,0.284,0.0,0.68
2025-03-15 15:00:00,17.37,69.47,2.2,0.979,0.131,0.118,0.0,0.281,0.0,1.508
2025-03-15 16:00:00,17.32,80.46,2.1,1.081,0.244,0.097,0.0,0.25,0.0,1.673
2025-03-15 17:00:00,17.17,75.91,4.0,1.311,0.1,0.09,0.0,1.442,0.0,2.942
2025-03-15 18:00:00,15.37,84.7,2.8,1.931,0.161,0.103,0.0,1.303,0.0,3.498
2025-03-15 19:00:00,16.64,75.81,3.9,1.607,0.247,1.686,0.0,1.421,0.0,4.962
2025-03-15 20:00:00,11.87,77.83,3.8,3.274,0.1,1.213,0.0,1.409,0.0,5.997
2025-03-15 21:00:00,11.8,85.63,3.9,3.199,0.145,1.535,0.0,1.332,0.0,6.211
2025-03-15 22:00:00,9.19,74.89,3.5,4.043,0.217,0.113,0.0,1.373,0.0,5.746
2025-03-15 23:00:00,7.29,78.18,3.3,4.5,0.1,0.089,0.0,1.259,0.0,5.947
2025-03-16 00:00:00,7.75,90.68,2.0,3.931,0.149,0.117,7.489,0.189,0.0,11.875
2025-03-16 01:00:00,8.11,79.94,1.7,3.534,0.241,0.103,7.457,0.208,0.0,11.543
2025-03-16 02:00:00,7.35,76.9,2.0,3.778,0.1,0.101,7.384,0.166,0.0,11.528
2025-03-16 03:00:00,7.13,95.0,1.5,3.554,0.162,0.119,0.0,0.22,0.0,4.054
2025-03-16 04:00:00,6.55,78.23,2.4,4.473,0.268,0.085,0.0,0.274,0.0,5.1
2025-03-16 05:00:00,9.33,85.16,2.2,3.462,0.1,0.11,0.0,0.172,0.0,3.843
2025-03-16 06:00:00,8.24,83.35,3.4,4.302,0.145,2.029,0.0,0.679,0.0,7.156
2025-03-16 07:00:00,12.84,67.5,3.2,2.81,0.219,1.792,0.0,0.595,0.648,5.415
2025-03-16 08:00:00,13.12,78.66,3.6,2.516,0.1,1.445,0.0,0.633,1.699,4.694
2025-03-16 09:00:00,12.1,80.69,3.5,2.937,0.14,0.101,0.0,0.269,2.43,3.447
2025-03-16 10:00:00,15.03,78.77,1.9,1.663,0.26,0.086,0.0,0.243,2.19,2.252
2025-03-16 11:00:00,15.4,80.27,2.2,1.716,0.1,0.103,0.0,0.141,0.853,2.059
2025-03-16 12:00:00,17.8,72.87,2.4,0.884,0.158,0.11,0.0,0.324,0.865,1.476
2025-03-16 13:00:00,19.83,77.77,1.3,0.2,0.242,0.101,0.0,0.164,0.0,0.708
2025-03-16 14:00:00,15.18,70.55,1.4,1.424,0.1,0.105,0.0,0.202,0.0,1.831
2025-03-16 15:00:00,18.0,67.15,1.5,0.923,0.144,0.084,0.0,0.168,0.0,1.319
2025-03-16 16:00:00,17.08,68.32,1.2,0.942,0.228,0.084,0.0,0.172,0.0,1.426
2025-03-16 17:00:00,17.54,68.45,3.8,1.138,0.1,0.114,0.0,1.48,0.0,2.832
2025-03-16 18:00:00,15.81,82.05,4.0,1.889,0.186,0.082,0.0,1.515,0.0,3.673
2025-03-16 19:00:00,13.16,70.87,3.8,2.636,0.216,1.371,7.287,1.324,0.0,12.834
2025-03-16 20:00:00,12.52,81.37,3.6,2.7,0.1,1.763,7.854,1.346,0.0,13.762
2025-03-16 21:00:00,10.51,80.22,4.0,3.536,0.164,1.475,7.756,1.588,0.0,14.519
2025-03-16 22:00:00,12.11,82.49,3.9,3.082,0.231,0.107,7.299,1.395,0.0,12.114
2025-03-16 23:00:00,9.49,91.06,3.9,4.077,0.1,0.089,6.867,1.451,0.0,12.585
2025-03-17 00:00:00,11.7,83.0,1.5,2.473,0.12,0.091,6.648,0.251,0.0,9.583
2025-03-17 01:00:00,8.26,88.85,1.0,3.245,0.263,0.1,7.724,0.221,0.0,11.553
2025-03-17 02:00:00,7.12,86.19,1.8,3.728,0.1,0.106,7.805,0.1,0.0,11.838
2025-03-17 03:00:00,6.08,85.04,0.8,3.532,0.148,0.118,0.0,0.191,0.0,3.989
2025-03-17 04:00:00,6.15,95.0,1.8,4.375,0.219,0.103,0.0,0.291,0.0,4.988
2025-03-17 05:00:00,7.27,77.04,0.6,3.42,0.1,0.084,0.0,0.17,0.0,3.774
2025-03-17 06:00:00,11.08,89.45,2.7,3.145,0.127,1.704,0.0,0.565,0.0,5.54
2025-03-17 07:00:00,12.65,84.83,2.2,2.389,0.217,1.616,0.0,0.528,0.686,4.749
2025-03-17 08:00:00,10.81,77.6,2.9,3.209,0.1,1.623,0.0,0.626,1.34,5.558
2025-03-17 09:00:00,15.82,86.59,2.3,1.534,0.18,0.1,0.0,0.253,2.442,2.068
2025-03-17 10:00:00,14.96,67.76,1.1,1.683,0.249,0.093,0.0,0.328,2.188,2.353
2025-03-17 11:00:00,16.94,73.15,0.7,1.033,0.1,0.092,0.0,0.158,1.285,1.382
2025-03-17 12:00:00,19.93,68.76,1.4,0.336,0.116,0.119,0.0,0.219,1.016,0.791
2025-03-17 13:00:00,19.36,76.26,0.7,0.385,0.237,0.103,0.0,0.1,0.0,0.825
2025-03-17 14:00:00,17.78,68.43,1.7,0.966,0.1,0.09,0.0,0.116,0.0,1.272
2025-03-17 15:00:00,16.67,76.37,0.6,1.068,0.149,0.091,0.0,0.143,0.0,1.45
2025-03-17 16:00:00,14.28,73.87,0.5,1.584,0.273,0.112,0.0,0.186,0.0,2.155
2025-03-17 17:00:00,15.64,73.36,3.4,1.703,0.1,0.115,0.0,1.337,0.0,3.255
2025-03-17 18:00:00,15.37,78.94,2.8,1.742,0.104,0.107,0.0,1.245,0.0,3.198
2025-03-17 19:00:00,13.0,77.1,3.0,2.445,0.228,1.459,6.97,1.266,0.0,12.368
2025-03-17 20:00:00,12.99,74.56,2.9,2.519,0.1,1.659,6.954,1.258,0.0,12.49
2025-03-17 21:00:00,12.0,95.0,2.5,2.723,0.158,1.762,6.645,1.181,0.0,12.469
2025-03-17 22:00:00,10.34,80.56,3.0,3.148,0.233,0.087,6.788,1.208,0.0,11.463
2025-03-17 23:00:00,8.67,73.15,3.5,4.116,0.1,0.114,7.507,1.286,0.0,13.124
2025-03-18 00:00:00,9.29,80.99,1.4,2.999,0.11,0.114,0.0,0.26,0.0,3.483
2025-03-18 01:00:00,9.21,79.46,1.1,3.07,0.238,0.095,0.0,0.142,0.0,3.545
2025-03-18 02:00:00,6.74,90.13,1.4,3.882,0.1,0.092,0.0,0.181,0.0,4.255
2025-03-18 03:00:00,10.66,87.4,0.6,2.429,0.155,0.103,0.0,0.227,0.0,2.913
2025-03-18 04:00:00,8.89,87.19,0.9,3.066,0.246,0.091,0.0,0.163,0.0,3.566
2025-03-18 05:00:00,9.86,82.39,1.2,2.934,0.1,0.086,0.0,0.229,0.0,3.349
2025-03-18 06:00:00,11.93,81.6,2.4,2.704,0.131,2.126,0.0,0.551,0.0,5.512
2025-03-18 07:00:00,12.43,79.7,2.4,2.719,0.211,1.794,0.0,0.67,1.06,5.393
2025-03-18 08:00:00,14.8,79.59,2.0,1.704,0.1,1.78,0.0,0.573,1.155,4.157
2025-03-18 09:00:00,15.1,82.62,1.7,1.771,0.135,0.085,0.0,0.199,2.143,2.19
2025-03-18 10:00:00,14.95,78.68,1.3,1.573,0.22,0.1,0.0,0.182,2.184,2.074
2025-03-18 11:00:00,17.45,78.26,1.1,0.825,0.1,0.11,0.0,0.221,0.58,1.256
2025-03-18 12:00:00,15.99,77.3,1.4,1.293,0.153,0.09,0.0,0.203,0.876,1.738
2025-03-18 13:00:00,18.36,78.63,0.8,0.542,0.276,0.095,0.0,0.1,0.0,1.012
2025-03-18 14:00:00,18.32,75.44,0.7,0.731,0.1,0.087,0.0,0.149,0.0,1.067
2025-03-18 15:00:00,17.89,76.0,1.0,0.627,0.127,0.094,0.0,0.196,0.0,1.044
2025-03-18 16:00:00,17.51,80.75,1.3,1.061,0.22,0.114,0.0,0.142,0.0,1.538
2025-03-18 17:00:00,14.08,72.43,2.9,2.091,0.1,0.089,0.0,1.24,0.0,3.521
2025-03-18 18:00:00,15.05,72.72,3.3,2.045,0.127,0.081,0.0,1.312,0.0,3.565
2025-03-18 19:00:00,14.81,72.52,2.6,1.896,0.248,1.522,0.0,1.295,0.0,4.961
2025-03-18 20:00:00,13.61,80.91,2.9,2.368,0.1,1.548,0.0,1.3,0.0,5.315
2025-03-18 21:00:00,10.54,72.28,3.0,3.269,0.131,1.397,0.0,1.292,0.0,6.09
2025-03-18 22:00:00,12.77,85.31,3.5,2.794,0.264,0.106,0.0,1.3,0.0,4.464
2025-03-18 23:00:00,8.54,83.7,3.1,4.023,0.1,0.082,0.0,1.259,0.0,5.464
2025-03-19 00:00:00,10.69,90.87,1.7,2.701,0.133,0.094,7.896,0.243,0.0,11.068
2025-03-19 01:00:00,9.37,82.44,0.5,2.638,0.235,0.086,7.671,0.197,0.0,10.827
2025-03-19 02:00:00,7.59,84.98,1.1,3.361,0.1,0.089,7.053,0.111,0.0,10.714
2025-03-19 03:00:00,11.4,91.41,1.1,2.377,0.194,0.095,0.0,0.252,0.0,2.919
2025-03-19 04:00:00,7.44,92.11,1.2,3.666,0.258,0.1,0.0,0.144,0.0,4.168
2025-03-19 05:00:00,11.41,80.84,0.7,2.325,0.1,0.084,0.0,0.188,0.0,2.697
2025-03-19 06:00:00,12.56,83.91,3.2,2.662,0.14,1.513,0.0,0.791,0.0,5.106
2025-03-19 07:00:00,11.26,83.03,2.5,2.898,0.196,1.925,0.0,0.579,0.73,5.599
2025-03-19 08:00:00,15.65,81.87,2.1,1.491,0.1,1.731,0.0,0.574,1.308,3.895
2025-03-19 09:00:00,14.48,77.13,2.5,1.941,0.135,0.087,0.0,0.197,1.647,2.36
2025-03-19 10:00:00,16.5,83.41,0.9,1.013,0.238,0.089,0.0,0.185,0.808,1.526
2025-03-19 11:00:00,17.49,66.31,2.1,0.936,0.1,0.109,0.0,0.285,2.088,1.429
2025-03-19 12:00:00,17.69,72.7,1.4,0.959,0.149,0.082,0.0,0.183,0.884,1.374
2025-03-19 13:00:00,19.61,76.44,1.0,0.371,0.271,0.1,0.0,0.166,0.0,0.908
2025-03-19 14:00:00,19.75,76.29,1.0,0.298,0.1,0.094,0.0,0.234,0.0,0.727
2025-03-19 15:00:00,15.77,80.97,1.4,1.389,0.135,0.112,0.0,0.128,0.0,1.764
2025-03-19 16:00:00,19.85,80.79,1.4,0.302,0.236,0.112,0.0,0.196,0.0,0.846
2025-03-19 17:00:00,14.61,74.33,1.8,1.773,0.1,0.108,0.0,1.057,0.0,3.038
2025-03-19 18:00:00,17.61,83.5,3.3,1.161,0.194,0.095,0.0,1.309,0.0,2.76
2025-03-19 19:00:00,16.55,74.88,3.0,1.466,0.23,1.579,7.803,1.237,0.0,12.315
2025-03-19 20:00:00,11.93,84.65,2.5,2.58,0.1,1.584,6.898,1.125,0.0,12.287
2025-03-19 21:00:00,11.65,90.61,3.4,3.077,0.15,1.399,7.377,1.226,0.0,13.23
2025-03-19 22:00:00,9.4,89.07,3.9,3.892,0.241,0.115,7.85,1.401,0.0,13.499
2025-03-19 23:00:00,9.71,84.77,3.2,3.75,0.1,0.119,7.414,1.327,0.0,12.71
2025-03-20 00:00:00,8.96,83.54,1.4,3.297,0.165,0.093,0.0,0.234,0.0,3.788
2025-03-20 01:00:00,10.1,78.15,1.7,2.957,0.276,0.112,0.0,0.135,0.0,3.48
2025-03-20 02:00:00,10.72,87.55,0.7,2.476,0.1,0.1,0.0,0.178,0.0,2.854
2025-03-20 03:00:00,11.02,80.22,0.3,2.069,0.136,0.099,0.0,0.186,0.0,2.49
2025-03-20 04:00:00,8.58,81.23,1.3,3.347,0.2,0.095,0.0,0.206,0.0,3.847
2025-03-20 05:00:00,9.91,78.29,0.9,2.841,0.1,0.092,0.0,0.19,0.0,3.223
2025-03-20 06:00:00,8.73,80.7,2.0,3.604,0.132,2.102,0.0,0.448,0.0,6.286
2025-03-20 07:00:00,11.25,81.41,2.5,3.087,0.254,1.973,0.0,0.592,1.184,5.906
2025-03-20 08:00:00,15.2,81.37,2.8,1.687,0.1,1.757,0.0,0.619,1.241,4.163
2025-03-20 09:00:00,17.47,75.44,2.4,1.149,0.185,0.11,0.0,0.25,2.148,1.694
2025-03-20 10:00:00,14.4,82.35,0.7,1.748,0.208,0.109,0.0,0.24,2.129,2.305
2025-03-20 11:00:00,16.4,74.72,0.9,1.0,0.1,0.091,0.0,0.164,2.175,1.355
2025-03-20 12:00:00,18.05,70.87,1.0,0.729,0.168,0.087,0.0,0.163,1.233,1.147
2025-03-20 13:00:00,19.01,75.34,0.2,0.417,0.247,0.113,0.0,0.163,0.0,0.941
2025-03-20 14:00:00,17.54,83.82,0.9,0.954,0.1,0.112,0.0,0.179,0.0,1.346
2025-03-20 15:00:00,19.22,75.88,0.5,0.2,0.161,0.12,0.0,0.185,0.0,0.666
2025-03-20 16:00:00,17.38,72.99,1.3,1.13,0.239,0.081,0.0,0.214,0.0,1.664
2025-03-20 17:00:00,17.27,68.12,2.4,1.102,0.1,0.102,0.0,1.171,0.0,2.475
2025-03-20 18:00:00,17.08,75.9,3.4,1.396,0.181,0.108,0.0,1.37,0.0,3.055
2025-03-20 19:00:00,15.06,79.62,2.8,1.857,0.23,1.55,0.0,1.243,0.0,4.879
2025-03-20 20:00:00,13.1,78.06,2.8,2.512,0.1,1.626,0.0,1.173,0.0,5.411
2025-03-20 21:00:00,12.3,73.23,3.1,2.578,0.149,1.282,0.0,1.241,0.0,5.25
2025-03-20 22:00:00,11.12,78.75,2.7,2.999,0.256,0.08,0.0,1.108,0.0,4.443
2025-03-20 23:00:00,9.67,91.52,3.1,3.742,0.1,0.084,0.0,1.381,0.0,5.307
2025-03-21 00:00:00,9.23,92.37,0.7,2.893,0.154,0.095,6.583,0.235,0.0,9.96
2025-03-21 01:00:00,11.52,81.36,0.8,2.166,0.239,0.093,7.336,0.225,0.0,10.06
2025-03-21 02:00:00,9.79,89.36,1.2,2.902,0.1,0.115,7.171,0.174,0.0,10.462
2025-03-21 03:00:00,8.68,79.9,0.5,2.851,0.133,0.083,0.0,0.215,0.0,3.282
2025-03-21 04:00:00,10.67,92.22,0.5,2.352,0.175,0.098,0.0,0.21,0.0,2.834
2025-03-21 05:00:00,9.91,85.47,1.1,2.689,0.1,0.118,0.0,0.11,0.0,3.018
2025-03-21 06:00:00,13.21,87.75,2.5,2.416,0.164,1.802,0.0,0.56,0.0,4.942
2025-03-21 07:00:00,13.21,72.98,2.6,2.485,0.209,1.535,0.0,0.632,0.915,4.861
2025-03-21 08:00:00,13.79,83.39,2.6,2.425,0.1,1.65,0.0,0.586,1.696,4.76
2025-03-21 09:00:00,15.92,78.41,2.5,1.395,0.121,0.105,0.0,0.19,2.015,1.811
2025-03-21 10:00:00,14.09,81.26,1.2,1.88,0.241,0.08,0.0,0.228,2.088,2.429
2025-03-21 11:00:00,15.8,80.33,1.0,1.407,0.1,0.119,0.0,0.14,0.948,1.765
2025-03-21 12:00:00,16.49,75.13,0.2,0.964,0.174,0.103,0.0,0.28,0.585,1.521
2025-03-21 13:00:00,18.99,71.2,0.3,0.37,0.251,0.108,0.0,0.239,0.0,0.968
2025-03-21 14:00:00,21.55,77.9,1.8,0.2,0.1,0.1,0.0,0.192,0.0,0.592
2025-03-21 15:00:00,22.13,73.9,1.0,0.31,0.156,0.118,0.0,0.242,0.0,0.827
2025-03-21 16:00:00,19.24,70.44,1.4,0.488,0.221,0.104,0.0,0.201,0.0,1.014
2025-03-21 17:00:00,18.24,71.16,2.9,1.005,0.1,0.106,0.0,1.237,0.0,2.449
2025-03-21 18:00:00,13.75,69.61,3.0,2.418,0.164,0.114,0.0,1.375,0.0,4.072
2025-03-21 19:00:00,14.43,75.9,2.8,1.895,0.255,1.717,7.59,1.271,0.0,12.727
2025-03-21 20:00:00,12.77,85.51,4.0,2.815,0.1,1.217,6.644,1.393,0.0,12.169
2025-03-21 21:00:00,11.72,82.44,3.1,3.12,0.141,1.37,6.691,1.319,0.0,12.641
2025-03-21 22:00:00,11.2,80.35,2.8,2.985,0.229,0.09,7.516,1.33,0.0,12.149
2025-03-21 23:00:00,9.71,88.27,2.3,3.351,0.1,0.08,7.864,1.174,0.0,12.569
2025-03-22 00:00:00,6.85,81.03,2.6,4.153,0.165,0.115,0.0,0.238,0.0,4.672
2025-03-22 01:00:00,10.44,86.27,1.7,3.044,0.197,0.093,0.0,0.187,0.0,3.521
2025-03-22 02:00:00,7.54,85.1,2.1,3.703,0.1,0.094,0.0,0.231,0.0,4.127
2025-03-22 03:00:00,9.67,89.69,2.1,3.128,0.11,0.084,0.0,0.165,0.0,3.487
2025-03-22 04:00:00,12.93,77.31,1.6,2.312,0.194,0.12,0.0,0.159,0.0,2.784
2025-03-22 05:00:00,9.23,79.99,2.1,3.585,0.1,0.113,0.0,0.195,0.0,3.993
2025-03-22 06:00:00,7.85,74.81,3.1,4.191,0.166,1.852,0.0,0.653,0.0,6.862
2025-03-22 07:00:00,12.42,80.25,2.9,2.705,0.213,1.996,0.0,0.688,1.174,5.601
2025-03-22 08:00:00,15.8,86.06,3.8,1.882,0.1,2.0,0.0,0.694,1.81,4.676
2025-03-22 09:00:00,18.38,75.92,3.2,0.886,0.179,0.106,0.0,0.288,1.492,1.46
2025-03-22 10:00:00,14.8,74.45,2.0,1.737,0.247,0.087,0.0,0.188,2.132,2.259
2025-03-22 11:00:00,18.43,80.12,2.0,0.685,0.106,0.109,0.0,0.238,1.143,1.138
2025-03-22 12:00:00,17.78,80.15,2.1,0.771,0.148,0.103,0.0,0.272,1.188,1.293
2025-03-22 13:00:00,18.82,73.76,1.2,0.589,0.223,0.109,0.0,0.18,0.0,1.101
2025-03-22 14:00:00,23.11,77.42,1.6,0.721,0.1,0.102,0.0,0.215,0.0,1.137
2025-03-22 15:00:00,16.72,68.82,1.7,1.134,0.15,0.118,0.0,0.171,0.0,1.573
2025-03-22 16:00:00,18.86,81.69,1.5,0.475,0.255,0.105,0.0,0.223,0.0,1.059
2025-03-22 17:00:00,18.38,86.5,4.0,0.829,0.1,0.103,0.0,1.295,0.0,2.327
2025-03-22 18:00:00,18.27,79.61,4.0,1.022,0.143,0.114,0.0,1.359,0.0,2.637
2025-03-22 19:00:00,15.59,68.03,4.0,1.994,0.262,1.428,0.0,1.469,0.0,5.152
2025-03-22 20:00:00,14.61,77.21,3.7,2.147,0.1,1.389,0.0,1.304,0.0,4.941
2025-03-22 21:00:00,12.26,84.62,3.9,3.008,0.148,1.502,0.0,1.402,0.0,6.06
2025-03-22 22:00:00,12.05,80.89,4.0,3.059,0.221,0.103,0.0,1.507,0.0,4.89
2025-03-22 23:00:00,10.09,90.6,4.0,3.932,0.1,0.089,0.0,1.483,0.0,5.604
2025-03-23 00:00:00,10.94,88.14,1.4,2.696,0.159,0.107,7.58,0.313,0.0,10.857
2025-03-23 01:00:00,8.96,82.26,2.5,3.691,0.221,0.112,7.468,0.23,0.0,11.722
2025-03-23 02:00:00,9.91,86.16,2.2,3.271,0.1,0.103,6.531,0.211,0.0,10.216
2025-03-23 03:00:00,9.47,81.33,2.2,3.336,0.14,0.101,0.0,0.216,0.0,3.794
2025-03-23 04:00:00,11.7,84.28,2.3,2.63,0.236,0.092,0.0,0.172,0.0,3.129
2025-03-23 05:00:00,10.73,81.47,2.0,2.843,0.1,0.116,0.0,0.2,0.0,3.259
2025-03-23 06:00:00,9.18,88.87,2.9,3.84,0.127,1.983,0.0,0.568,0.0,6.518
2025-03-23 07:00:00,14.94,92.13,3.2,1.91,0.241,1.786,0.0,0.718,0.788,4.655
2025-03-23 08:00:00,12.98,72.84,2.6,2.421,0.1,1.915,0.0,0.648,2.058,5.084
2025-03-23 09:00:00,14.65,68.83,3.5,2.008,0.145,0.093,0.0,0.196,0.814,2.443
2025-03-23 10:00:00,15.95,75.77,1.7,1.279,0.267,0.082,0.0,0.169,0.957,1.797
2025-03-23 11:00:00,19.94,68.17,1.8,0.219,0.1,0.088,0.0,0.223,1.952,0.63
2025-03-23 12:00:00,15.47,75.03,2.3,1.803,0.132,0.083,0.0,0.232,1.146,2.249
2025-03-23 13:00:00,23.88,77.95,1.6,1.067,0.254,0.1,0.0,0.146,0.0,1.568
2025-03-23 14:00:00,20.93,81.47,1.7,0.2,0.1,0.105,0.0,0.204,0.0,0.609
2025-03-23 15:00:00,19.51,75.21,1.8,0.526,0.13,0.095,0.0,0.233,0.0,0.984
2025-03-23 16:00:00,18.59,73.84,1.1,0.6,0.213,0.101,0.0,0.212,0.0,1.126
2025-03-23 17:00:00,18.3,65.87,3.7,1.057,0.1,0.083,0.0,1.475,0.0,2.716
2025-03-23 18:00:00,17.62,77.13,2.8,1.277,0.149,0.111,0.0,1.261,0.0,2.798
2025-03-23 19:00:00,16.6,78.8,3.6,1.588,0.227,1.22,6.582,1.308,0.0,10.925
2025-03-23 20:00:00,15.17,83.19,4.0,2.06,0.1,1.581,7.095,1.387,0.0,12.222
2025-03-23 21:00:00,13.18,78.01,4.0,2.817,0.138,1.46,6.857,1.499,0.0,12.771
2025-03-23 22:00:00,11.54,80.82,3.6,3.193,0.245,0.087,7.656,1.45,0.0,12.632
2025-03-23 23:00:00,10.58,76.85,3.8,3.422,0.1,0.101,7.564,1.409,0.0,12.595
2025-03-24 00:00:00,9.92,73.74,0.6,2.582,0.143,0.111,7.692,0.186,0.0,10.715
2025-03-24 01:00:00,11.41,80.25,1.0,2.331,0.2,0.097,7.418,0.185,0.0,10.23
2025-03-24 02:00:00,10.43,78.15,2.2,3.016,0.1,0.095,7.625,0.2,0.0,11.036
2025-03-24 03:00:00,5.3,87.48,1.7,4.5,0.154,0.086,0.0,0.128,0.0,4.867
2025-03-24 04:00:00,11.19,82.61,1.0,2.6,0.257,0.104,0.0,0.204,0.0,3.165
2025-03-24 05:00:00,11.29,81.55,1.1,2.52,0.1,0.113,0.0,0.271,0.0,3.004
2025-03-24 06:00:00,12.01,78.08,2.1,2.684,0.184,1.844,0.0,0.577,0.0,5.29
2025-03-24 07:00:00,12.66,65.39,2.2,2.245,0.211,1.559,0.0,0.559,0.938,4.574
2025-03-24 08:00:00,16.22,87.54,2.6,1.54,0.1,1.916,0.0,0.59,1.989,4.146
2025-03-24 09:00:00,17.25,73.45,2.3,1.201,0.145,0.081,0.0,0.244,2.428,1.671
2025-03-24 10:00:00,15.88,74.94,1.4,1.133,0.264,0.114,0.0,0.248,2.144,1.758
2025-03-24 11:00:00,18.68,68.48,1.6,0.71,0.1,0.117,0.0,0.225,2.017,1.153
2025-03-24 12:00:00,17.41,79.66,1.1,0.781,0.159,0.104,0.0,0.1,0.869,1.144
2025-03-24 13:00:00,17.3,74.92,1.0,0.744,0.232,0.115,0.0,0.268,0.0,1.36
2025-03-24 14:00:00,18.6,69.87,0.3,0.687,0.1,0.083,0.0,0.201,0.0,1.072
2025-03-24 15:00:00,20.66,72.24,1.3,0.2,0.133,0.089,0.0,0.18,0.0,0.603
2025-03-24 16:00:00,20.3,83.19,0.5,0.2,0.245,0.093,0.0,0.14,0.0,0.677
2025-03-24 17:00:00,18.84,75.39,2.8,0.775,0.1,0.111,0.0,1.231,0.0,2.217
2025-03-24 18:00:00,18.13,76.09,3.4,0.923,0.154,0.099,0.0,1.385,0.0,2.56
2025-03-24 19:00:00,16.61,73.74,3.4,1.443,0.229,1.409,7.178,1.247,0.0,11.506
2025-03-24 20:00:00,13.58,70.53,2.8,2.302,0.1,1.295,6.844,1.276,0.0,11.817
2025-03-24 21:00:00,13.89,80.75,2.8,2.264,0.11,1.686,7.347,1.268,0.0,12.675
2025-03-24 22:00:00,13.24,84.63,2.7,2.382,0.245,0.081,6.581,1.249,0.0,10.537
2025-03-24 23:00:00,12.13,89.74,2.5,2.699,0.1,0.093,7.526,1.145,0.0,11.564
2025-03-25 00:00:00,12.19,73.95,0.7,2.105,0.128,0.09,0.0,0.1,0.0,2.422
2025-03-25 01:00:00,10.97,80.17,0.4,2.359,0.205,0.085,0.0,0.273,0.0,2.923
2025-03-25 02:00:00,10.26,83.1,1.3,2.844,0.1,0.087,0.0,0.195,0.0,3.226
2025-03-25 03:00:00,11.51,85.78,1.2,2.64,0.16,0.1,0.0,0.282,0.0,3.181
2025-03-25 04:00:00,10.37,84.47,1.2,2.731,0.246,0.097,0.0,0.232,0.0,3.305
2025-03-25 05:00:00,9.88,83.63,0.6,2.655,0.1,0.101,0.0,0.174,0.0,3.03
2025-03-25 06:00:00,11.99,85.04,2.0,2.607,0.129,1.964,0.0,0.573,0.0,5.273
2025-03-25 07:00:00,12.33,77.04,2.5,2.727,0.241,2.082,0.0,0.656,1.031,5.706
2025-03-25 08:00:00,13.72,84.67,2.5,2.098,0.1,1.525,0.0,0.662,2.145,4.385
2025-03-25 09:00:00,15.81,80.61,2.4,1.569,0.169,0.083,0.0,0.247,2.642,2.069
2025-03-25 10:00:00,16.05,75.4,0.9,0.983,0.245,0.093,0.0,0.231,2.096,1.552
2025-03-25 11:00:00,17.81,83.76,1.7,0.852,0.1,0.102,0.0,0.258,1.214,1.311
2025-03-25 12:00:00,16.23,82.59,1.2,1.342,0.171,0.084,0.0,0.202,1.141,1.798
2025-03-25 13:00:00,19.89,78.87,1.8,0.238,0.247,0.109,0.0,0.173,0.0,0.767
2025-03-25 14:00:00,19.74,58.91,1.5,0.358,0.1,0.102,0.0,0.22,0.0,0.78
2025-03-25 15:00:00,18.34,82.1,1.7,0.68,0.117,0.11,0.0,0.163,0.0,1.069
2025-03-25 16:00:00,20.06,78.78,0.6,0.2,0.21,0.094,0.0,0.148,0.0,0.652
2025-03-25 17:00:00,19.68,85.79,3.2,0.529,0.1,0.096,0.0,1.338,0.0,2.063
2025-03-25 18:00:00,14.83,83.19,2.8,1.83,0.13,0.112,0.0,1.248,0.0,3.32
2025-03-25 19:00:00,14.89,86.34,2.3,1.845,0.274,1.36,0.0,1.239,0.0,4.719
2025-03-25 20:00:00,13.58,84.39,3.6,2.543,0.1,1.429,0.0,1.343,0.0,5.415
2025-03-25 21:00:00,12.03,88.3,2.9,2.741,0.127,1.208,0.0,1.155,0.0,5.23
2025-03-25 22:00:00,13.48,92.97,2.6,2.309,0.254,0.102,0.0,1.278,0.0,3.944
2025-03-25 23:00:00,10.91,85.33,2.8,3.07,0.1,0.114,0.0,1.256,0.0,4.54
2025-03-26 00:00:00,10.21,77.33,0.7,2.669,0.161,0.081,7.487,0.175,0.0,10.574
2025-03-26 01:00:00,7.1,84.26,0.7,3.258,0.25,0.105,7.103,0.132,0.0,10.848
2025-03-26 02:00:00,10.89,87.95,0.9,2.495,0.1,0.114,6.911,0.1,0.0,9.719
2025-03-26 03:00:00,8.25,86.17,1.7,3.493,0.167,0.1,0.0,0.16,0.0,3.919
2025-03-26 04:00:00,10.7,78.96,0.7,2.628,0.241,0.093,0.0,0.201,0.0,3.162
2025-03-26 05:00:00,11.82,76.09,1.7,2.539,0.1,0.12,0.0,0.19,0.0,2.948
2025-03-26 06:00:00,14.48,79.29,2.8,2.142,0.152,1.487,0.0,0.611,0.0,4.391
2025-03-26 07:00:00,11.68,85.59,2.7,2.924,0.258,1.592,0.0,0.528,1.07,5.301
2025-03-26 08:00:00,10.41,87.9,2.8,3.364,0.1,2.077,0.0,0.715,1.553,6.256
2025-03-26 09:00:00,16.51,83.03,2.5,1.327,0.107,0.092,0.0,0.222,2.886,1.748
2025-03-26 10:00:00,20.14,82.29,1.5,0.335,0.254,0.113,0.0,0.313,1.874,1.015
2025-03-26 11:00:00,20.33,75.35,1.2,0.2,0.1,0.093,0.0,0.205,2.421,0.598
2025-03-26 12:00:00,19.58,66.09,0.3,0.2,0.142,0.112,0.0,0.238,0.869,0.692
2025-03-26 13:00:00,19.03,71.93,1.1,0.485,0.239,0.107,0.0,0.148,0.0,0.979
2025-03-26 14:00:00,21.15,72.71,1.3,0.2,0.1,0.099,0.0,0.114,0.0,0.512
2025-03-26 15:00:00,18.31,71.72,0.9,0.511,0.11,0.101,0.0,0.167,0.0,0.889
2025-03-26 16:00:00,19.98,75.08,1.1,0.2,0.229,0.087,0.0,0.21,0.0,0.725
2025-03-26 17:00:00,19.23,77.96,2.8,0.427,0.1,0.085,0.0,1.274,0.0,1.886
2025-03-26 18:00:00,19.03,81.27,2.4,0.672,0.147,0.109,0.0,1.212,0.0,2.14
2025-03-26 19:00:00,20.37,77.06,2.4,0.356,0.226,1.709,6.532,1.295,0.0,10.119
2025-03-26 20:00:00,15.52,70.48,2.4,1.615,0.1,1.633,7.281,1.201,0.0,11.83
2025-03-26 21:00:00,12.88,79.14,3.3,2.716,0.134,1.748,6.813,1.307,0.0,12.717
2025-03-26 22:00:00,12.4,83.22,2.0,2.512,0.255,0.116,6.681,1.109,0.0,10.672
2025-03-26 23:00:00,8.75,90.36,2.7,3.956,0.1,0.111,7.594,1.197,0.0,12.958
2025-03-27 00:00:00,9.76,82.36,0.7,2.664,0.177,0.116,0.0,0.185,0.0,3.143
2025-03-27 01:00:00,9.69,88.36,0.9,2.797,0.271,0.087,0.0,0.231,0.0,3.385
2025-03-27 02:00:00,9.35,87.45,0.3,2.628,0.1,0.109,0.0,0.228,0.0,3.065
2025-03-27 03:00:00,10.53,86.02,1.2,2.711,0.126,0.11,0.0,0.17,0.0,3.117
2025-03-27 04:00:00,9.57,89.85,0.5,2.95,0.243,0.086,0.0,0.162,0.0,3.441
2025-03-27 05:00:00,13.28,80.94,1.5,2.071,0.1,0.116,0.0,0.162,0.0,2.449
2025-03-27 06:00:00,12.64,80.12,2.3,2.376,0.216,1.446,0.0,0.629,0.0,4.666
2025-03-27 07:00:00,13.83,81.49,2.5,2.045,0.249,1.753,0.0,0.535,0.957,4.582
2025-03-27 08:00:00,14.64,76.8,2.5,2.048,0.1,1.455,0.0,0.564,1.669,4.168
2025-03-27 09:00:00,16.66,80.99,2.6,1.24,0.159,0.101,0.0,0.1,1.822,1.6
2025-03-27 10:00:00,18.87,73.43,1.0,0.605,0.184,0.096,0.0,0.121,1.942,1.007
2025-03-27 11:00:00,17.37,76.89,0.8,0.83,0.1,0.105,0.0,0.145,2.209,1.18
2025-03-27 12:00:00,18.48,74.3,1.1,0.523,0.136,0.111,0.0,0.159,1.08,0.928
2025-03-27 13:00:00,19.51,75.28,1.2,0.447,0.229,0.111,0.0,0.121,0.0,0.907
2025-03-27 14:00:00,18.12,71.7,0.7,0.637,0.1,0.109,0.0,0.114,0.0,0.96
2025-03-27 15:00:00,18.74,72.51,1.2,0.628,0.16,0.084,0.0,0.248,0.0,1.12
2025-03-27 16:00:00,18.75,75.28,1.5,0.654,0.184,0.097,0.0,0.155,0.0,1.09
2025-03-27 17:00:00,19.98,76.77,3.3,0.389,0.1,0.113,0.0,1.235,0.0,1.836
2025-03-27 18:00:00,18.03,76.98,3.4,0.957,0.14,0.106,0.0,1.288,0.0,2.491
2025-03-27 19:00:00,16.72,86.97,3.1,1.444,0.264,1.609,0.0,1.24,0.0,4.556
2025-03-27 20:00:00,16.41,75.05,2.6,1.315,0.1,1.336,0.0,1.217,0.0,3.967
2025-03-27 21:00:00,13.64,81.23,2.7,2.025,0.146,1.395,0.0,1.246,0.0,4.813
2025-03-27 22:00:00,13.22,75.13,3.1,2.585,0.241,0.118,0.0,1.233,0.0,4.177
2025-03-27 23:00:00,11.45,86.1,3.4,3.183,0.1,0.114,0.0,1.355,0.0,4.753
2025-03-28 00:00:00,11.4,79.62,2.1,2.719,0.163,0.087,7.587,0.283,0.0,10.84
2025-03-28 01:00:00,9.63,84.4,1.4,2.876,0.229,0.102,7.808,0.243,0.0,11.257
2025-03-28 02:00:00,6.68,84.14,0.5,3.198,0.1,0.1,7.114,0.195,0.0,10.706
2025-03-28 03:00:00,10.31,87.2,0.7,2.602,0.176,0.098,0.0,0.191,0.0,3.068
2025-03-28 04:00:00,13.14,82.43,1.9,2.39,0.242,0.099,0.0,0.191,0.0,2.922
2025-03-28 05:00:00,13.19,81.27,0.9,1.94,0.1,0.106,0.0,0.248,0.0,2.394
2025-03-28 06:00:00,14.29,90.18,2.5,1.999,0.138,2.136,0.0,0.623,0.0,4.897
2025-03-28 07:00:00,15.9,82.98,2.1,1.477,0.244,2.07,0.0,0.529,0.837,4.32
2025-03-28 08:00:00,15.47,77.19,3.1,2.005,0.1,2.07,0.0,0.643,1.287,4.818
2025-03-28 09:00:00,16.93,77.19,2.7,1.334,0.151,0.108,0.0,0.197,2.059,1.79
2025-03-28 10:00:00,16.91,85.23,0.7,0.899,0.213,0.081,0.0,0.164,2.178,1.356
2025-03-28 11:00:00,18.4,74.58,0.6,0.627,0.1,0.098,0.0,0.229,1.411,1.053
2025-03-28 12:00:00,20.59,71.36,1.1,0.2,0.135,0.1,0.0,0.175,1.229,0.61
2025-03-28 13:00:00,21.97,70.78,1.0,0.208,0.233,0.114,0.0,0.141,0.0,0.695
2025-03-28 14:00:00,20.13,71.25,1.3,0.306,0.1,0.117,0.0,0.242,0.0,0.765
2025-03-28 15:00:00,19.49,71.23,1.2,0.311,0.147,0.098,0.0,0.25,0.0,0.806
2025-03-28 16:00:00,19.67,68.41,0.9,0.2,0.234,0.092,0.0,0.138,0.0,0.664
2025-03-28 17:00:00,19.77,70.14,2.8,0.39,0.101,0.093,0.0,1.319,0.0,1.904
2025-03-28 18:00:00,15.67,72.85,2.9,1.68,0.167,0.103,0.0,1.318,0.0,3.268
2025-03-28 19:00:00,13.19,81.4,2.8,2.436,0.26,1.365,6.734,1.217,0.0,12.012
2025-03-28 20:00:00,14.51,78.09,2.9,1.982,0.1,1.746,7.788,1.333,0.0,12.949
2025-03-28 21:00:00,12.21,80.52,3.0,2.743,0.151,1.451,6.564,1.219,0.0,12.129
2025-03-28 22:00:00,12.07,89.35,2.6,2.854,0.245,0.12,7.02,1.198,0.0,11.437
2025-03-28 23:00:00,11.58,90.72,3.3,3.128,0.1,0.084,6.5,1.266,0.0,11.078
2025-03-29 00:00:00,10.53,83.79,1.7,2.779,0.166,0.088,0.0,0.151,0.0,3.183
2025-03-29 01:00:00,12.89,82.64,1.5,1.981,0.217,0.1,0.0,0.236,0.0,2.535
2025-03-29 02:00:00,11.03,81.68,1.7,2.648,0.1,0.115,0.0,0.199,0.0,3.062
2025-03-29 03:00:00,11.16,89.26,1.9,2.797,0.153,0.094,0.0,0.151,0.0,3.195
2025-03-29 04:00:00,12.14,84.17,1.8,2.421,0.2,0.113,0.0,0.176,0.0,2.911
2025-03-29 05:00:00,10.29,82.31,2.0,2.98,0.1,0.097,0.0,0.176,0.0,3.353
2025-03-29 06:00:00,14.6,78.93,3.7,2.123,0.124,2.054,0.0,0.705,0.0,5.006
2025-03-29 07:00:00,14.13,77.7,3.8,2.37,0.226,1.64,0.0,0.819,1.355,5.055
2025-03-29 08:00:00,16.54,81.6,3.4,1.561,0.1,1.78,0.0,0.683,1.894,4.124
2025-03-29 09:00:00,15.23,71.87,2.9,1.818,0.12,0.091,0.0,0.25,1.812,2.279
2025-03-29 10:00:00,15.71,81.97,1.7,1.466,0.236,0.089,0.0,0.278,2.745,2.068
2025-03-29 11:00:00,20.3,73.09,1.4,0.2,0.1,0.097,0.0,0.165,1.277,0.562
2025-03-29 12:00:00,20.43,74.06,2.5,0.2,0.165,0.093,0.0,0.291,0.6,0.749
2025-03-29 13:00:00,19.02,67.52,2.6,0.696,0.228,0.111,0.0,0.207,0.0,1.242
2025-03-29 14:00:00,19.23,73.94,2.1,0.583,0.1,0.11,0.0,0.194,0.0,0.986
2025-03-29 15:00:00,22.06,72.56,2.1,0.595,0.148,0.094,0.0,0.198,0.0,1.036
2025-03-29 16:00:00,18.08,74.55,1.9,0.885,0.228,0.12,0.0,0.202,0.0,1.435
2025-03-29 17:00:00,21.54,83.12,3.9,0.2,0.1,0.119,0.0,1.423,0.0,1.842
2025-03-29 18:00:00,16.69,77.89,3.2,1.308,0.148,0.117,0.0,1.324,0.0,2.896
2025-03-29 19:00:00,17.79,74.47,3.8,1.201,0.251,1.552,0.0,1.382,0.0,4.386
2025-03-29 20:00:00,15.05,76.44,3.4,1.906,0.1,1.447,0.0,1.357,0.0,4.81
2025-03-29 21:00:00,15.15,84.53,3.9,2.123,0.146,1.388,0.0,1.345,0.0,5.002
2025-03-29 22:00:00,12.22,89.49,3.8,2.949,0.235,0.081,0.0,1.443,0.0,4.708
2025-03-29 23:00:00,11.76,85.65,4.0,3.288,0.1,0.105,0.0,1.497,0.0,4.99
2025-03-30 00:00:00,11.47,88.64,2.2,2.671,0.151,0.102,6.719,0.226,0.0,9.869
2025-03-30 01:00:00,9.41,88.84,1.9,3.36,0.242,0.105,7.599,0.245,0.0,11.551
2025-03-30 02:00:00,11.85,93.1,1.7,2.4,0.1,0.103,7.828,0.159,0.0,10.59
2025-03-30 03:00:00,10.14,76.05,2.5,3.301,0.14,0.086,0.0,0.3,0.0,3.827
2025-03-30 04:00:00,11.07,88.53,1.8,2.751,0.214,0.108,0.0,0.213,0.0,3.286
2025-03-30 05:00:00,10.71,89.16,1.9,2.929,0.1,0.094,0.0,0.128,0.0,3.251
2025-03-30 06:00:00,9.4,76.31,3.3,3.783,0.158,1.812,0.0,0.726,0.0,6.479
2025-03-30 07:00:00,14.16,77.12,3.1,2.171,0.239,1.703,0.0,0.687,1.26,4.8
2025-03-30 08:00:00,19.36,75.75,3.3,0.556,0.1,1.456,0.0,0.759,2.043,2.87
2025-03-30 09:00:00,18.21,74.8,2.5,0.744,0.169,0.115,0.0,0.309,2.467,1.337
2025-03-30 10:00:00,18.21,74.59,1.2,0.621,0.261,0.086,0.0,0.253,1.939,1.221
2025-03-30 11:00:00,18.88,76.97,1.9,0.566,0.1,0.103,0.0,0.232,1.911,1.001
2025-03-30 12:00:00,20.11,79.13,2.4,0.229,0.182,0.115,0.0,0.258,0.901,0.784
2025-03-30 13:00:00,21.39,79.61,1.9,0.2,0.242,0.089,0.0,0.154,0.0,0.685
2025-03-30 14:00:00,18.97,69.81,1.5,0.64,0.1,0.096,0.0,0.182,0.0,1.018
2025-03-30 15:00:00,22.24,69.98,1.2,0.378,0.168,0.095,0.0,0.336,0.0,0.977
2025-03-30 16:00:00,21.14,81.38,2.1,0.2,0.237,0.084,0.0,0.127,0.0,0.648
2025-03-30 17:00:00,20.35,78.99,3.6,0.2,0.1,0.097,0.0,1.387,0.0,1.784
2025-03-30 18:00:00,18.9,77.41,4.0,0.947,0.179,0.099,0.0,1.438,0.0,2.663
2025-03-30 19:00:00,17.06,80.81,4.0,1.622,0.221,1.216,7.069,1.476,0.0,11.604
2025-03-30 20:00:00,16.75,79.85,4.0,1.417,0.1,1.493,6.973,1.449,0.0,11.431
2025-03-30 21:00:00,15.33,84.18,3.8,2.082,0.145,1.256,7.816,1.471,0.0,12.77
2025-03-30 22:00:00,12.71,81.32,4.0,2.896,0.229,0.116,7.567,1.433,0.0,12.241
2025-03-30 23:00:00,11.35,85.59,3.8,3.48,0.1,0.106,7.486,1.439,0.0,12.611
2025-03-31 00:00:00,11.77,77.64,0.7,2.292,0.148,0.082,7.813,0.191,0.0,10.526
2025-03-31 01:00:00,13.44,82.36,0.6,1.827,0.264,0.113,6.982,0.154,0.0,9.34
2025-03-31 02:00:00,9.09,82.61,0.0,2.389,0.1,0.094,7.387,0.13,0.0,10.101
2025-03-31 03:00:00,8.91,83.92,0.9,2.941,0.133,0.089,0.0,0.242,0.0,3.405
2025-03-31 04:00:00,11.86,80.56,1.6,2.497,0.222,0.09,0.0,0.229,0.0,3.039
2025-03-31 05:00:00,12.49,81.57,1.3,2.256,0.1,0.104,0.0,0.239,0.0,2.699
2025-03-31 06:00:00,13.7,75.43,2.6,2.107,0.142,1.499,0.0,0.67,0.0,4.418
2025-03-31 07:00:00,15.02,84.3,2.2,1.679,0.226,1.482,0.0,0.551,0.742,3.938
2025-03-31 08:00:00,15.61,79.59,2.9,1.757,0.1,1.892,0.0,0.618,1.753,4.367
2025-03-31 09:00:00,19.47,69.92,2.5,0.321,0.156,0.119,0.0,0.207,2.756,0.803
2025-03-31 10:00:00,16.04,72.83,1.6,1.371,0.227,0.099,0.0,0.25,1.008,1.948
2025-03-31 11:00:00,18.24,77.44,0.6,0.787,0.1,0.097,0.0,0.173,1.738,1.156
2025-03-31 12:00:00,20.12,72.09,0.7,0.253,0.16,0.118,0.0,0.18,0.763,0.71
2025-03-31 13:00:00,18.31,70.72,0.7,0.684,0.254,0.09,0.0,0.117,0.0,1.144
2025-03-31 14:00:00,20.68,73.63,0.4,0.2,0.1,0.09,0.0,0.203,0.0,0.593
2025-03-31 15:00:00,23.27,75.92,0.6,0.612,0.186,0.116,0.0,0.212,0.0,1.125
2025-03-31 16:00:00,20.31,67.62,1.0,0.382,0.281,0.106,0.0,0.209,0.0,0.978
2025-03-31 17:00:00,19.83,78.51,2.7,0.304,0.1,0.082,0.0,1.243,0.0,1.728
2025-03-31 18:00:00,16.55,73.0,1.5,1.318,0.141,0.107,0.0,1.085,0.0,2.651
2025-03-31 19:00:00,16.31,78.36,3.4,1.5,0.242,1.692,6.667,1.346,0.0,11.447
2025-03-31 20:00:00,15.38,79.82,2.3,1.64,0.1,1.364,6.683,1.243,0.0,11.03
2025-03-31 21:00:00,14.17,78.92,3.2,2.282,0.133,1.43,7.628,1.353,0.0,12.826
2025-03-31 22:00:00,15.37,77.88,3.0,1.809,0.203,0.088,7.034,1.219,0.0,10.353
2025-03-31 23:00:00,13.25,82.81,3.8,2.729,0.1,0.105,7.479,1.409,0.0,11.821
2025-04-01 00:00:00,10.15,93.32,1.4,2.806,0.125,0.107,0.0,0.208,0.0,3.246
2025-04-01 01:00:00,11.69,78.99,0.8,2.18,0.249,0.083,0.0,0.139,0.0,2.651
2025-04-01 02:00:00,11.9,94.46,0.7,2.13,0.1,0.107,0.0,0.226,0.0,2.563
2025-04-01 03:00:00,13.03,84.5,1.6,2.122,0.156,0.106,0.0,0.1,0.0,2.483
2025-04-01 04:00:00,14.19,85.37,0.4,1.568,0.252,0.081,0.0,0.202,0.0,2.103
2025-04-01 05:00:00,11.09,78.81,1.1,2.636,0.1,0.102,0.0,0.217,0.0,3.055
2025-04-01 06:00:00,12.43,79.14,2.4,2.586,0.143,1.882,0.0,0.496,0.0,5.107
2025-04-01 07:00:00,12.97,79.04,2.4,2.442,0.243,1.75,0.0,0.594,1.136,5.029
2025-04-01 08:00:00,15.8,74.77,2.6,1.612,0.1,2.089,0.0,0.59,1.494,4.391
2025-04-01 09:00:00,18.14,77.4,2.6,0.76,0.175,0.093,0.0,0.298,3.043,1.327
2025-04-01 10:00:00,20.13,74.96,1.2,0.227,0.252,0.083,0.0,0.144,2.939,0.706
2025-04-01 11:00:00,19.57,85.01,1.1,0.378,0.1,0.107,0.0,0.222,1.851,0.806
2025-04-01 12:00:00,20.0,68.97,1.2,0.335,0.117,0.104,0.0,0.235,0.506,0.791
2025-04-01 13:00:00,21.21,74.72,1.0,0.2,0.223,0.12,0.0,0.161,0.0,0.704
2025-04-01 14:00:00,19.9,75.24,0.7,0.2,0.1,0.089,0.0,0.237,0.0,0.626
2025-04-01 15:00:00,24.11,68.85,1.0,1.02,0.162,0.096,0.0,0.159,0.0,1.437
2025-04-01 16:00:00,18.07,78.24,0.7,0.75,0.234,0.098,0.0,0.238,0.0,1.32
2025-04-01 17:00:00,19.96,73.77,2.7,0.303,0.1,0.114,0.0,1.36,0.0,1.878
2025-04-01 18:00:00,21.68,64.54,2.9,0.277,0.166,0.097,0.0,1.305,0.0,1.844
2025-04-01 19:00:00,17.45,81.75,3.0,1.214,0.197,1.663,0.0,1.303,0.0,4.377
2025-04-01 20:00:00,15.86,74.42,3.0,1.595,0.1,1.294,0.0,1.259,0.0,4.248
2025-04-01 21:00:00,14.32,76.31,3.4,2.185,0.152,1.446,0.0,1.432,0.0,5.214
2025-04-01 22:00:00,13.38,86.44,2.8,2.389,0.227,0.086,0.0,1.293,0.0,3.995
2025-04-01 23:00:00,14.67,82.51,3.1,1.913,0.1,0.118,0.0,1.27,0.0,3.401
2025-04-02 00:00:00,8.7,89.79,1.0,3.115,0.142,0.087,7.699,0.256,0.0,11.3
2025-04-02 01:00:00,13.82,91.85,0.8,1.752,0.237,0.097,7.621,0.178,0.0,9.885
2025-04-02 02:00:00,9.22,82.78,1.0,3.156,0.1,0.083,6.827,0.215,0.0,10.381
2025-04-02 03:00:00,11.12,89.76,1.4,2.6,0.165,0.117,0.0,0.172,0.0,3.053
2025-04-02 04:00:00,11.38,81.42,1.1,2.478,0.24,0.105,0.0,0.135,0.0,2.958
2025-04-02 05:00:00,13.7,95.0,1.1,1.961,0.1,0.118,0.0,0.138,0.0,2.317
2025-04-02 06:00:00,11.46,79.54,2.2,2.715,0.122,1.47,0.0,0.558,0.0,4.866
2025-04-02 07:00:00,15.75,86.68,3.3,1.862,0.215,1.566,0.0,0.689,1.193,4.331
2025-04-02 08:00:00,19.39,84.22,2.2,0.65,0.1,1.714,0.0,0.564,1.929,3.028
2025-04-02 09:00:00,15.6,80.03,1.8,1.511,0.161,0.105,0.0,0.165,2.454,1.943
2025-04-02 10:00:00,19.14,73.65,1.3,0.438,0.27,0.093,0.0,0.143,2.541,0.944
2025-04-02 11:00:00,18.9,75.0,1.0,0.692,0.1,0.108,0.0,0.242,2.194,1.142
2025-04-02 12:00:00,21.32,64.04,0.9,0.2,0.176,0.087,0.0,0.17,0.959,0.633
2025-04-02 13:00:00,21.21,75.33,0.8,0.2,0.198,0.104,0.0,0.1,0.0,0.602
2025-04-02 14:00:00,20.39,75.75,1.7,0.312,0.1,0.096,0.0,0.202,0.0,0.71
2025-04-02 15:00:00,21.91,74.87,1.1,0.432,0.155,0.1,0.0,0.163,0.0,0.851
2025-04-02 16:00:00,23.39,59.94,1.2,0.758,0.241,0.103,0.0,0.197,0.0,1.299
2025-04-02 17:00:00,19.6,69.43,3.1,0.474,0.1,0.082,0.0,1.262,0.0,1.918
2025-04-02 18:00:00,19.93,73.26,3.1,0.402,0.152,0.117,0.0,1.362,0.0,2.033
2025-04-02 19:00:00,15.71,79.91,3.6,1.789,0.212,1.672,7.491,1.362,0.0,12.526
2025-04-02 20:00:00,14.92,81.45,2.9,1.781,0.1,1.465,6.623,1.253,0.0,11.222
2025-04-02 21:00:00,15.77,80.7,2.4,1.475,0.155,1.528,7.628,1.171,0.0,11.957
2025-04-02 22:00:00,16.08,86.18,3.3,1.49,0.244,0.081,7.776,1.359,0.0,10.951
2025-04-02 23:00:00,13.35,79.11,3.2,2.54,0.1,0.1,6.885,1.332,0.0,10.956
2025-04-03 00:00:00,11.76,88.25,1.0,2.233,0.143,0.097,0.0,0.162,0.0,2.635
2025-04-03 01:00:00,11.73,88.17,1.2,2.423,0.247,0.095,0.0,0.187,0.0,2.952
2025-04-03 02:00:00,9.68,87.89,0.9,2.991,0.1,0.113,0.0,0.163,0.0,3.367
2025-04-03 03:00:00,12.63,84.89,1.0,2.261,0.122,0.087,0.0,0.223,0.0,2.694
2025-04-03 04:00:00,13.55,94.35,0.9,1.688,0.208,0.087,0.0,0.114,0.0,2.097
2025-04-03 05:00:00,12.34,86.71,0.8,1.995,0.1,0.101,0.0,0.156,0.0,2.351
2025-04-03 06:00:00,13.35,78.16,3.0,2.356,0.143,1.935,0.0,0.628,0.0,5.062
2025-04-03 07:00:00,15.66,82.79,1.9,1.398,0.239,1.456,0.0,0.625,0.748,3.718
2025-04-03 08:00:00,15.9,83.76,3.4,1.535,0.1,1.833,0.0,0.734,2.377,4.203
2025-04-03 09:00:00,17.75,75.51,2.9,1.019,0.162,0.092,0.0,0.255,2.68,1.528
2025-04-03 10:00:00,22.21,82.45,0.3,0.423,0.231,0.11,0.0,0.109,2.448,0.873
2025-04-03 11:00:00,19.72,77.67,0.9,0.415,0.1,0.099,0.0,0.18,1.79,0.794
2025-04-03 12:00:00,20.35,63.09,0.9,0.2,0.134,0.113,0.0,0.272,0.91,0.72
2025-04-03 13:00:00,20.42,75.7,1.2,0.2,0.233,0.096,0.0,0.177,0.0,0.707
2025-04-03 14:00:00,22.67,71.97,0.6,0.547,0.1,0.113,0.0,0.175,0.0,0.934
2025-04-03 15:00:00,21.12,76.89,1.0,0.2,0.149,0.109,0.0,0.19,0.0,0.648
2025-04-03 16:00:00,19.91,79.52,1.0,0.354,0.238,0.113,0.0,0.136,0.0,0.841
2025-04-03 17:00:00,22.07,76.73,2.7,0.466,0.1,0.112,0.0,1.192,0.0,1.871
2025-04-03 18:00:00,21.19,85.33,2.6,0.2,0.154,0.099,0.0,1.183,0.0,1.637
2025-04-03 19:00:00,16.95,77.55,3.4,1.155,0.204,1.421,0.0,1.324,0.0,4.104
2025-04-03 20:00:00,13.76,83.12,2.3,2.298,0.1,1.659,0.0,1.194,0.0,5.251
2025-04-03 21:00:00,16.77,85.58,3.2,1.306,0.127,1.417,0.0,1.319,0.0,4.169
2025-04-03 22:00:00,13.03,82.51,3.3,2.662,0.254,0.084,0.0,1.356,0.0,4.356
2025-04-03 23:00:00,14.21,88.14,2.9,1.955,0.11,0.114,0.0,1.374,0.0,3.553
2025-04-04 00:00:00,9.48,82.22,1.0,2.922,0.132,0.096,6.623,0.31,0.0,10.084
2025-04-04 01:00:00,13.27,83.68,1.5,2.084,0.232,0.085,7.098,0.199,0.0,9.698
2025-04-04 02:00:00,9.95,79.44,0.7,2.709,0.1,0.106,7.707,0.218,0.0,10.839
2025-04-04 03:00:00,13.03,87.0,0.8,2.255,0.154,0.116,0.0,0.206,0.0,2.73
2025-04-04 04:00:00,12.45,86.82,0.8,2.043,0.224,0.114,0.0,0.228,0.0,2.61
2025-04-04 05:00:00,11.8,90.14,1.5,2.552,0.1,0.102,0.0,0.246,0.0,3.0
2025-04-04 06:00:00,13.65,86.96,3.0,2.4,0.163,1.503,0.0,0.615,0.0,4.682
2025-04-04 07:00:00,16.5,80.13,1.9,1.211,0.212,1.942,0.0,0.654,0.649,4.019
2025-04-04 08:00:00,16.92,74.11,2.9,1.368,0.1,1.878,0.0,0.709,2.055,4.056
2025-04-04 09:00:00,18.93,80.61,2.8,0.631,0.114,0.088,0.0,0.283,1.931,1.117
2025-04-04 10:00:00,22.23,82.55,1.6,0.515,0.231,0.116,0.0,0.233,2.254,1.095
2025-04-04 11:00:00,17.95,79.53,1.2,0.983,0.1,0.083,0.0,0.205,1.172,1.371
2025-04-04 12:00:00,23.52,80.23,1.0,0.824,0.145,0.095,0.0,0.19,1.075,1.254
2025-04-04 13:00:00,21.75,73.14,1.5,0.227,0.23,0.084,0.0,0.233,0.0,0.775
2025-04-04 14:00:00,20.41,71.67,1.3,0.259,0.1,0.116,0.0,0.201,0.0,0.676
2025-04-04 15:00:00,19.6,70.52,1.9,0.536,0.145,0.081,0.0,0.226,0.0,0.988
2025-04-04 16:00:00,20.81,74.52,1.4,0.2,0.241,0.097,0.0,0.193,0.0,0.731
2025-04-04 17:00:00,21.68,75.36,3.1,0.233,0.1,0.114,0.0,1.283,0.0,1.73
2025-04-04 18:00:00,19.07,78.03,2.5,0.653,0.152,0.09,0.0,1.301,0.0,2.196
2025-04-04 19:00:00,20.32,77.8,2.8,0.2,0.225,1.263,7.156,1.253,0.0,10.098
2025-04-04 20:00:00,14.59,79.33,2.4,1.829,0.1,1.276,6.998,1.174,0.0,11.377
2025-04-04 21:00:00,15.45,77.67,2.9,1.809,0.181,1.443,7.545,1.281,0.0,12.258
2025-04-04 22:00:00,12.38,87.71,3.4,2.921,0.211,0.097,6.651,1.285,0.0,11.165
2025-04-04 23:00:00,13.77,84.63,3.0,2.272,0.1,0.109,7.247,1.333,0.0,11.061
2025-04-05 00:00:00,13.97,84.32,2.2,2.066,0.141,0.09,0.0,0.223,0.0,2.519
2025-04-05 01:00:00,11.51,82.06,1.9,2.637,0.255,0.108,0.0,0.198,0.0,3.198
2025-04-05 02:00:00,8.06,79.34,1.6,3.436,0.1,0.12,0.0,0.184,0.0,3.84
2025-04-05 03:00:00,12.44,92.34,1.8,2.353,0.151,0.115,0.0,0.132,0.0,2.751
2025-04-05 04:00:00,13.29,87.97,2.0,2.209,0.247,0.105,0.0,0.307,0.0,2.868
2025-04-05 05:00:00,14.04,76.12,1.9,1.81,0.1,0.118,0.0,0.222,0.0,2.25
2025-04-05 06:00:00,16.32,86.82,3.4,1.505,0.184,2.154,0.0,0.766,0.0,4.608
2025-04-05 07:00:00,14.07,86.17,3.0,2.218,0.247,1.851,0.0,0.633,1.019,4.949
2025-04-05 08:00:00,17.99,80.62,3.1,1.093,0.1,1.637,0.0,0.68,1.439,3.509
2025-04-05 09:00:00,20.05,86.44,4.0,0.303,0.146,0.117,0.0,0.313,1.662,0.878
2025-04-05 10:00:00,16.8,78.08,2.3,1.117,0.234,0.114,0.0,0.25,3.053,1.715
2025-04-05 11:00:00,20.98,68.67,1.2,0.2,0.1,0.083,0.0,0.17,1.957,0.554
2025-04-05 12:00:00,20.54,76.63,0.9,0.2,0.164,0.117,0.0,0.1,0.491,0.582
2025-04-05 13:00:00,21.68,75.43,1.8,0.296,0.212,0.095,0.0,0.324,0.0,0.927
2025-04-05 14:00:00,22.49,70.98,2.2,0.518,0.1,0.093,0.0,0.185,0.0,0.896
2025-04-05 15:00:00,21.07,77.07,1.6,0.2,0.159,0.094,0.0,0.331,0.0,0.784
2025-04-05 16:00:00,20.28,66.47,2.2,0.579,0.234,0.093,0.0,0.193,0.0,1.098
2025-04-05 17:00:00,20.56,80.71,3.8,0.2,0.1,0.101,0.0,1.487,0.0,1.888
2025-04-05 18:00:00,17.84,72.61,3.7,1.094,0.148,0.103,0.0,1.433,0.0,2.779
2025-04-05 19:00:00,16.63,73.52,4.0,1.383,0.192,1.455,0.0,1.478,0.0,4.508
2025-04-05 20:00:00,17.99,79.43,3.6,0.873,0.1,1.448,0.0,1.349,0.0,3.77
2025-04-05 21:00:00,13.95,83.72,3.7,2.399,0.169,1.642,0.0,1.376,0.0,5.587
2025-04-05 22:00:00,15.47,83.82,4.0,1.981,0.232,0.08,0.0,1.427,0.0,3.72
2025-04-05 23:00:00,14.13,80.53,3.8,2.441,0.1,0.118,0.0,1.42,0.0,4.079
2025-04-06 00:00:00,10.26,82.67,2.6,3.296,0.15,0.109,7.302,0.223,0.0,11.079
2025-04-06 01:00:00,11.33,80.13,2.1,2.672,0.22,0.108,6.6,0.192,0.0,9.793
2025-04-06 02:00:00,13.97,84.88,2.1,1.773,0.1,0.097,6.519,0.171,0.0,8.66
2025-04-06 03:00:00,10.87,91.17,1.8,2.813,0.157,0.119,0.0,0.168,0.0,3.256
2025-04-06 04:00:00,12.15,85.17,2.1,2.522,0.245,0.08,0.0,0.241,0.0,3.089
2025-04-06 05:00:00,14.33,88.54,1.7,1.708,0.107,0.083,0.0,0.165,0.0,2.064
2025-04-06 06:00:00,15.85,90.28,3.4,1.796,0.14,2.019,0.0,0.618,0.0,4.573
2025-04-06 07:00:00,15.5,78.61,2.9,1.584,0.27,1.972,0.0,0.642,1.287,4.468
2025-04-06 08:00:00,16.28,79.07,3.7,1.68,0.1,1.635,0.0,0.588,1.656,4.003
2025-04-06 09:00:00,20.6,89.3,3.4,0.2,0.16,0.104,0.0,0.252,1.932,0.716
2025-04-06 10:00:00,22.28,84.22,2.6,0.512,0.24,0.101,0.0,0.232,2.213,1.085
2025-04-06 11:00:00,22.18,67.4,2.8,0.56,0.1,0.101,0.0,0.261,1.951,1.022
2025-04-06 12:00:00,21.63,76.74,2.1,0.2,0.15,0.104,0.0,0.23,1.349,0.684
2025-04-06 13:00:00,20.79,74.21,1.8,0.227,0.224,0.12,0.0,0.141,0.0,0.712
2025-04-06 14:00:00,20.93,78.13,1.4,0.211,0.1,0.119,0.0,0.183,0.0,0.614
2025-04-06 15:00:00,22.79,70.48,2.2,0.687,0.133,0.119,0.0,0.247,0.0,1.187
2025-04-06 16:00:00,22.13,70.61,1.9,0.461,0.243,0.102,0.0,0.227,0.0,1.033
2025-04-06 17:00:00,22.81,72.38,4.0,0.918,0.1,0.093,0.0,1.401,0.0,2.512
2025-04-06 18:00:00,20.65,74.14,4.0,0.2,0.178,0.102,0.0,1.461,0.0,1.941
2025-04-06 19:00:00,16.21,82.52,3.5,1.645,0.256,1.574,7.714,1.401,0.0,12.59
2025-04-06 20:00:00,18.75,74.09,3.4,0.697,0.1,1.387,6.957,1.3,0.0,10.44
2025-04-06 21:00:00,14.38,78.44,3.7,2.096,0.137,1.58,7.523,1.295,0.0,12.63
2025-04-06 22:00:00,14.1,74.05,4.0,2.29,0.221,0.105,7.753,1.529,0.0,11.897
2025-04-06 23:00:00,14.01,89.28,4.0,2.697,0.1,0.116,7.758,1.456,0.0,12.127
2025-04-07 00:00:00,16.04,91.55,0.6,1.228,0.125,0.09,7.131,0.146,0.0,8.72
2025-04-07 01:00:00,17.22,84.16,1.3,0.971,0.237,0.108,6.85,0.165,0.0,8.329
2025-04-07 02:00:00,13.29,84.51,0.5,1.955,0.1,0.098,7.352,0.173,0.0,9.678
2025-04-07 03:00:00,12.28,88.06,0.7,2.036,0.174,0.085,0.0,0.222,0.0,2.517
2025-04-07 04:00:00,13.85,92.57,1.0,1.856,0.225,0.093,0.0,0.103,0.0,2.277
2025-04-07 05:00:00,15.18,86.29,0.8,1.439,0.1,0.082,0.0,0.153,0.0,1.774
2025-04-07 06:00:00,14.4,79.51,2.9,2.12,0.145,1.67,0.0,0.711,0.0,4.646
2025-04-07 07:00:00,18.78,73.46,2.6,0.647,0.209,1.49,0.0,0.65,1.186,2.995
2025-04-07 08:00:00,17.73,74.42,3.2,0.97,0.1,2.106,0.0,0.693,2.351,3.87
2025-04-07 09:00:00,19.42,78.81,2.4,0.39,0.164,0.084,0.0,0.242,3.324,0.881
2025-04-07 10:00:00,20.88,73.72,1.0,0.2,0.253,0.113,0.0,0.194,2.14,0.76
2025-04-07 11:00:00,21.55,76.73,1.5,0.2,0.1,0.116,0.0,0.171,2.178,0.587
2025-04-07 12:00:00,22.97,72.04,1.0,0.475,0.135,0.099,0.0,0.151,1.35,0.86
2025-04-07 13:00:00,21.28,68.91,1.6,0.2,0.222,0.082,0.0,0.238,0.0,0.742
2025-04-07 14:00:00,21.54,68.11,1.2,0.2,0.1,0.104,0.0,0.16,0.0,0.563
2025-04-07 15:00:00,20.56,82.02,0.1,0.2,0.181,0.089,0.0,0.166,0.0,0.636
2025-04-07 16:00:00,22.37,79.25,1.5,0.487,0.244,0.087,0.0,0.202,0.0,1.02
2025-04-07 17:00:00,22.08,84.41,3.4,0.452,0.1,0.103,0.0,1.448,0.0,2.103
2025-04-07 18:00:00,20.57,79.7,3.4,0.395,0.139,0.094,0.0,1.333,0.0,1.962
2025-04-07 19:00:00,21.19,76.3,2.2,0.2,0.259,1.638,6.698,1.216,0.0,10.011
2025-04-07 20:00:00,17.37,86.62,2.7,1.088,0.1,1.555,7.41,1.273,0.0,11.425
2025-04-07 21:00:00,17.09,81.39,2.8,1.227,0.155,1.698,7.476,1.236,0.0,11.792
2025-04-07 22:00:00,13.24,84.1,2.7,2.49,0.229,0.082,7.879,1.164,0.0,11.844
2025-04-07 23:00:00,13.26,84.03,3.7,2.641,0.1,0.089,7.136,1.389,0.0,11.355
2025-04-08 00:00:00,14.3,70.46,1.0,1.763,0.168,0.103,0.0,0.225,0.0,2.258
2025-04-08 01:00:00,14.03,93.82,1.0,1.799,0.207,0.115,0.0,0.118,0.0,2.24
2025-04-08 02:00:00,12.15,88.46,1.2,2.276,0.1,0.113,0.0,0.228,0.0,2.716
2025-04-08 03:00:00,12.65,87.44,1.2,2.186,0.198,0.107,0.0,0.254,0.0,2.745
2025-04-08 04:00:00,10.98,84.89,0.0,2.364,0.229,0.103,0.0,0.155,0.0,2.852
2025-04-08 05:00:00,13.52,85.06,0.7,1.854,0.1,0.105,0.0,0.218,0.0,2.277
2025-04-08 06:00:00,16.42,80.01,1.9,1.201,0.175,1.594,0.0,0.562,0.0,3.531
2025-04-08 07:00:00,17.16,84.64,2.7,1.151,0.238,1.869,0.0,0.641,1.092,3.899
2025-04-08 08:00:00,18.34,73.46,2.4,0.584,0.1,1.796,0.0,0.665,2.33,3.145
2025-04-08 09:00:00,18.96,79.38,2.5,0.633,0.188,0.095,0.0,0.147,2.033,1.063
2025-04-08 10:00:00,20.1,79.81,0.2,0.335,0.21,0.116,0.0,0.117,2.9,0.777
2025-04-08 11:00:00,20.13,74.76,0.9,0.2,0.1,0.113,0.0,0.239,1.807,0.652
2025-04-08 12:00:00,22.97,76.66,1.4,0.685,0.158,0.083,0.0,0.265,0.811,1.191
2025-04-08 13:00:00,23.05,69.25,1.6,0.807,0.204,0.119,0.0,0.127,0.0,1.257
2025-04-08 14:00:00,23.32,69.17,1.3,0.886,0.1,0.089,0.0,0.267,0.0,1.342
2025-04-08 15:00:00,21.63,75.39,0.5,0.316,0.142,0.089,0.0,0.1,0.0,0.647
2025-04-08 16:00:00,18.69,78.2,1.5,0.437,0.256,0.118,0.0,0.226,0.0,1.037
2025-04-08 17:00:00,22.77,66.38,3.3,0.79,0.1,0.098,0.0,1.337,0.0,2.325
2025-04-08 18:00:00,19.37,79.61,3.0,0.367,0.116,0.112,0.0,1.236,0.0,1.832
2025-04-08 19:00:00,17.59,75.73,2.2,0.898,0.223,1.373,0.0,1.117,0.0,3.61
2025-04-08 20:00:00,18.63,79.04,3.4,0.869,0.1,1.724,0.0,1.309,0.0,4.002
2025-04-08 21:00:00,15.7,74.86,2.8,1.664,0.146,1.699,0.0,1.232,0.0,4.741
2025-04-08 22:00:00,16.68,78.74,3.1,1.471,0.215,0.101,0.0,1.401,0.0,3.188
2025-04-08 23:00:00,14.98,89.07,3.0,1.834,0.1,0.108,0.0,1.326,0.0,3.368
2025-04-09 00:00:00,14.49,85.36,1.6,1.927,0.136,0.119,6.948,0.27,0.0,9.4
2025-04-09 01:00:00,10.91,83.88,0.9,2.604,0.248,0.098,7.267,0.162,0.0,10.379
2025-04-09 02:00:00,14.61,85.42,1.0,1.704,0.1,0.1,6.979,0.191,0.0,9.074
2025-04-09 03:00:00,13.36,88.24,1.6,1.985,0.131,0.109,0.0,0.145,0.0,2.37
2025-04-09 04:00:00,12.91,87.4,0.7,2.094,0.264,0.095,0.0,0.158,0.0,2.612
2025-04-09 05:00:00,14.47,83.87,1.3,1.69,0.1,0.118,0.0,0.162,0.0,2.07
2025-04-09 06:00:00,12.63,88.46,2.4,2.449,0.156,1.469,0.0,0.618,0.0,4.692
2025-04-09 07:00:00,17.11,86.41,2.1,1.187,0.232,1.73,0.0,0.533,1.119,3.682
2025-04-09 08:00:00,16.25,82.07,2.5,1.495,0.1,1.954,0.0,0.558,2.589,4.108
2025-04-09 09:00:00,17.06,78.72,2.8,1.144,0.171,0.097,0.0,0.253,2.926,1.665
2025-04-09 10:00:00,18.01,80.29,1.5,1.016,0.253,0.09,0.0,0.194,2.242,1.553
2025-04-09 11:00:00,23.0,77.33,1.6,0.874,0.1,0.097,0.0,0.163,1.928,1.234
2025-04-09 12:00:00,21.18,80.11,0.9,0.2,0.136,0.115,0.0,0.134,1.309,0.586
2025-04-09 13:00:00,24.92,78.7,0.6,1.241,0.246,0.102,0.0,0.133,0.0,1.722
2025-04-09 14:00:00,21.99,68.91,0.9,0.346,0.1,0.093,0.0,0.217,0.0,0.757
2025-04-09 15:00:00,20.06,68.77,0.5,0.2,0.137,0.107,0.0,0.187,0.0,0.631
2025-04-09 16:00:00,20.45,71.3,0.9,0.2,0.216,0.104,0.0,0.14,0.0,0.66
2025-04-09 17:00:00,23.18,80.64,2.9,0.884,0.1,0.102,0.0,1.222,0.0,2.308
2025-04-09 18:00:00,20.06,69.12,3.3,0.251,0.136,0.096,0.0,1.269,0.0,1.752
2025-04-09 19:00:00,18.27,80.42,2.1,0.762,0.255,1.243,7.414,1.119,0.0,10.793
2025-04-09 20:00:00,18.03,81.81,2.7,0.679,0.1,1.572,7.139,1.239,0.0,10.73
2025-04-09 21:00:00,17.25,87.37,2.7,1.05,0.159,1.452,6.871,1.19,0.0,10.721
2025-04-09 22:00:00,16.97,83.9,3.5,1.441,0.242,0.097,6.562,1.465,0.0,9.808
2025-04-09 23:00:00,16.43,77.53,2.6,1.564,0.1,0.089,7.609,1.24,0.0,10.602
2025-04-10 00:00:00,13.13,80.4,1.1,1.92,0.155,0.09,0.0,0.181,0.0,2.346
2025-04-10 01:00:00,11.18,79.89,0.9,2.486,0.229,0.111,0.0,0.183,0.0,3.009
2025-04-10 02:00:00,12.38,83.31,1.4,2.409,0.1,0.099,0.0,0.123,0.0,2.732
2025-04-10 03:00:00,13.56,84.88,1.2,1.889,0.17,0.084,0.0,0.127,0.0,2.27
2025-04-10 04:00:00,12.22,79.37,1.0,2.302,0.247,0.082,0.0,0.248,0.0,2.878
2025-04-10 05:00:00,13.03,91.6,0.8,1.955,0.1,0.089,0.0,0.255,0.0,2.399
2025-04-10 06:00:00,16.02,76.37,1.8,1.505,0.168,1.791,0.0,0.43,0.0,3.894
2025-04-10 07:00:00,16.63,88.28,2.6,1.207,0.228,1.884,0.0,0.631,1.053,3.951
2025-04-10 08:00:00,18.05,85.93,2.7,0.803,0.1,1.543,0.0,0.686,2.065,3.132
2025-04-10 09:00:00,18.16,82.94,1.9,0.829,0.138,0.097,0.0,0.189,2.055,1.253
2025-04-10 10:00:00,20.15,73.53,0.5,0.21,0.247,0.083,0.0,0.241,1.914,0.781
2025-04-10 11:00:00,20.15,77.47,1.1,0.212,0.1,0.082,0.0,0.221,1.006,0.615
2025-04-10 12:00:00,23.67,68.42,1.1,0.931,0.144,0.115,0.0,0.207,0.893,1.396
2025-04-10 13:00:00,24.38,78.76,0.6,0.94,0.224,0.106,0.0,0.156,0.0,1.426
2025-04-10 14:00:00,20.23,73.63,0.8,0.2,0.1,0.111,0.0,0.178,0.0,0.589
2025-04-10 15:00:00,21.44,72.16,0.3,0.2,0.158,0.087,0.0,0.136,0.0,0.581
2025-04-10 16:00:00,20.09,68.69,1.6,0.209,0.215,0.093,0.0,0.211,0.0,0.728
2025-04-10 17:00:00,20.56,63.37,2.5,0.2,0.1,0.098,0.0,1.209,0.0,1.607
2025-04-10 18:00:00,20.37,71.81,3.2,0.331,0.12,0.106,0.0,1.293,0.0,1.851
2025-04-10 19:00:00,17.12,84.01,3.0,1.313,0.28,1.521,0.0,1.18,0.0,4.295
2025-04-10 20:00:00,16.62,77.99,3.5,1.526,0.1,1.531,0.0,1.353,0.0,4.51
2025-04-10 21:00:00,15.2,80.71,2.7,1.812,0.171,1.294,0.0,1.178,0.0,4.455
2025-04-10 22:00:00,15.81,86.28,3.0,1.616,0.241,0.099,0.0,1.228,0.0,3.184
2025-04-10 23:00:00,14.57,93.27,2.3,1.822,0.1,0.113,0.0,1.137,0.0,3.172
2025-04-11 00:00:00,12.79,91.82,0.2,1.746,0.127,0.1,7.584,0.198,0.0,9.755
2025-04-11 01:00:00,13.64,80.93,1.2,1.85,0.253,0.088,7.321,0.132,0.0,9.644
2025-04-11 02:00:00,12.39,76.29,0.3,1.972,0.1,0.097,7.559,0.114,0.0,9.842
2025-04-11 03:00:00,12.97,95.0,0.9,1.892,0.159,0.11,0.0,0.213,0.0,2.374
2025-04-11 04:00:00,16.39,95.0,1.4,1.246,0.235,0.085,0.0,0.154,0.0,1.72
2025-04-11 05:00:00,16.68,85.18,1.3,1.116,0.1,0.103,0.0,0.133,0.0,1.451
2025-04-11 06:00:00,13.76,76.65,2.2,2.088,0.132,2.135,0.0,0.619,0.0,4.974
2025-04-11 07:00:00,18.16,86.37,1.9,0.917,0.234,1.714,0.0,0.543,1.136,3.407
2025-04-11 08:00:00,19.42,79.46,2.7,0.241,0.1,1.471,0.0,0.62,2.157,2.432
2025-04-11 09:00:00,17.78,77.88,3.0,0.993,0.136,0.105,0.0,0.23,3.259,1.464
2025-04-11 10:00:00,21.93,81.47,0.7,0.2,0.239,0.082,0.0,0.193,3.234,0.714
2025-04-11 11:00:00,24.05,77.43,0.7,0.964,0.1,0.088,0.0,0.205,1.89,1.357
2025-04-11 12:00:00,20.85,68.87,0.8,0.2,0.155,0.082,0.0,0.168,1.071,0.605
2025-04-11 13:00:00,21.66,72.58,1.2,0.2,0.235,0.087,0.0,0.112,0.0,0.633
2025-04-11 14:00:00,24.73,77.31,1.5,1.157,0.1,0.114,0.0,0.21,0.0,1.581
2025-04-11 15:00:00,23.44,76.76,0.5,0.566,0.155,0.109,0.0,0.148,0.0,0.978
2025-04-11 16:00:00,23.36,76.11,0.4,0.708,0.239,0.094,0.0,0.205,0.0,1.245
2025-04-11 17:00:00,22.25,80.42,3.9,0.524,0.1,0.116,0.0,1.385,0.0,2.125
2025-04-11 18:00:00,21.29,75.19,2.9,0.2,0.174,0.107,0.0,1.253,0.0,1.733
2025-04-11 19:00:00,17.51,79.34,3.1,1.088,0.213,1.469,6.657,1.222,0.0,10.648
2025-04-11 20:00:00,19.78,63.12,2.7,0.281,0.1,1.241,7.912,1.275,0.0,10.809
2025-04-11 21:00:00,18.67,79.3,3.2,0.873,0.157,1.638,7.457,1.373,0.0,11.497
2025-04-11 22:00:00,15.36,86.82,3.4,1.897,0.205,0.095,7.792,1.317,0.0,11.306
2025-04-11 23:00:00,14.61,82.29,3.1,1.947,0.1,0.092,7.687,1.289,0.0,11.115
2025-04-12 00:00:00,11.79,82.87,2.5,2.716,0.155,0.092,0.0,0.184,0.0,3.147
2025-04-12 01:00:00,14.35,80.59,1.7,1.741,0.256,0.08,0.0,0.164,0.0,2.241
2025-04-12 02:00:00,14.27,91.02,1.7,1.997,0.1,0.11,0.0,0.236,0.0,2.443
2025-04-12 03:00:00,13.49,88.54,1.9,2.192,0.158,0.086,0.0,0.182,0.0,2.618
2025-04-12 04:00:00,15.77,89.32,2.0,1.481,0.192,0.101,0.0,0.233,0.0,2.007
2025-04-12 05:00:00,14.38,75.61,1.9,2.041,0.1,0.081,0.0,0.206,0.0,2.428
2025-04-12 06:00:00,16.76,82.2,2.8,1.468,0.154,1.892,0.0,0.66,0.0,4.175
2025-04-12 07:00:00,15.59,80.15,3.4,1.779,0.215,1.706,0.0,0.654,1.451,4.354
2025-04-12 08:00:00,18.38,78.6,3.2,0.808,0.1,1.894,0.0,0.706,2.37,3.509
2025-04-12 09:00:00,19.45,75.37,3.1,0.463,0.159,0.084,0.0,0.336,3.022,1.042
2025-04-12 10:00:00,21.25,75.27,1.8,0.2,0.212,0.091,0.0,0.119,1.538,0.622
2025-04-12 11:00:00,21.39,80.01,1.4,0.307,0.105,0.084,0.0,0.188,0.731,0.684
2025-04-12 12:00:00,22.55,65.24,1.3,0.42,0.155,0.106,0.0,0.186,1.383,0.866
2025-04-12 13:00:00,24.48,83.09,0.8,1.172,0.264,0.084,0.0,0.137,0.0,1.657
2025-04-12 14:00:00,22.76,76.42,2.5,0.746,0.1,0.105,0.0,0.245,0.0,1.196
2025-04-12 15:00:00,20.83,73.99,2.0,0.2,0.165,0.085,0.0,0.267,0.0,0.717
2025-04-12 16:00:00,25.37,79.34,1.8,1.726,0.238,0.118,0.0,0.104,0.0,2.185
2025-04-12 17:00:00,24.02,68.5,3.5,1.138,0.1,0.097,0.0,1.263,0.0,2.598
2025-04-12 18:00:00,18.97,73.68,2.6,0.615,0.109,0.085,0.0,1.307,0.0,2.116
2025-04-12 19:00:00,20.74,77.84,3.5,0.2,0.254,1.225,0.0,1.349,0.0,3.029
2025-04-12 20:00:00,17.66,86.83,4.0,1.272,0.1,1.398,0.0,1.444,0.0,4.214
2025-04-12 21:00:00,17.51,81.32,4.0,1.262,0.147,1.735,0.0,1.387,0.0,4.531
2025-04-12 22:00:00,16.35,85.25,4.0,1.463,0.228,0.086,0.0,1.442,0.0,3.219
2025-04-12 23:00:00,14.53,81.29,3.9,2.374,0.1,0.112,0.0,1.487,0.0,4.072
2025-04-13 00:00:00,13.11,87.63,2.3,2.388,0.156,0.097,6.758,0.244,0.0,9.643
2025-04-13 01:00:00,12.75,94.18,1.7,2.165,0.261,0.112,7.175,0.21,0.0,9.923
2025-04-13 02:00:00,12.25,90.98,2.2,2.537,0.1,0.115,6.82,0.129,0.0,9.7
2025-04-13 03:00:00,12.54,85.39,1.6,2.19,0.116,0.12,0.0,0.237,0.0,2.663
2025-04-13 04:00:00,14.19,88.57,1.4,1.807,0.286,0.083,0.0,0.194,0.0,2.37
2025-04-13 05:00:00,14.01,87.13,1.4,1.875,0.1,0.112,0.0,0.162,0.0,2.249
2025-04-13 06:00:00,17.14,85.53,2.9,1.181,0.142,1.49,0.0,0.662,0.0,3.475
2025-04-13 07:00:00,19.56,87.11,3.6,0.442,0.26,1.667,0.0,0.643,1.125,3.012
2025-04-13 08:00:00,17.75,85.52,3.0,0.876,0.1,1.905,0.0,0.668,1.898,3.55
2025-04-13 09:00:00,20.27,77.81,2.9,0.263,0.16,0.098,0.0,0.297,2.852,0.818
2025-04-13 10:00:00,21.87,80.21,2.1,0.2,0.227,0.103,0.0,0.22,3.291,0.75
2025-04-13 11:00:00,22.86,73.84,1.9,0.676,0.1,0.119,0.0,0.187,0.892,1.081
2025-04-13 12:00:00,23.06,70.19,2.2,0.587,0.172,0.113,0.0,0.187,1.465,1.059
2025-04-13 13:00:00,24.56,72.86,2.0,1.303,0.202,0.095,0.0,0.229,0.0,1.829
2025-04-13 14:00:00,24.34,73.62,1.5,1.146,0.1,0.104,0.0,0.173,0.0,1.523
2025-04-13 15:00:00,21.59,65.9,1.8,0.252,0.156,0.082,0.0,0.323,0.0,0.813
2025-04-13 16:00:00,24.25,79.11,1.9,1.25,0.242,0.098,0.0,0.135,0.0,1.725
2025-04-13 17:00:00,23.49,61.92,3.4,1.159,0.1,0.104,0.0,1.343,0.0,2.706
2025-04-13 18:00:00,19.97,90.57,3.4,0.2,0.174,0.109,0.0,1.351,0.0,1.833
2025-04-13 19:00:00,19.97,85.96,3.5,0.341,0.232,1.741,7.74,1.372,0.0,11.426
2025-04-13 20:00:00,19.64,78.69,4.0,0.678,0.1,1.37,6.536,1.412,0.0,10.096
2025-04-13 21:00:00,17.01,81.6,3.6,1.368,0.156,1.741,7.42,1.443,0.0,12.128
2025-04-13 22:00:00,17.73,84.51,4.0,1.068,0.233,0.106,7.296,1.473,0.0,10.177
2025-04-13 23:00:00,18.63,81.3,3.6,0.796,0.1,0.083,7.265,1.415,0.0,9.659
2025-04-14 00:00:00,13.32,86.16,1.4,1.996,0.154,0.095,7.206,0.157,0.0,9.609
2025-04-14 01:00:00,11.92,85.08,1.4,2.287,0.241,0.099,7.626,0.171,0.0,10.424
2025-04-14 02:00:00,14.28,85.53,1.4,1.871,0.1,0.094,7.874,0.216,0.0,10.155
2025-04-14 03:00:00,15.08,86.7,1.2,1.587,0.147,0.085,0.0,0.13,0.0,1.949
2025-04-14 04:00:00,14.15,78.63,1.6,1.724,0.173,0.102,0.0,0.23,0.0,2.229
2025-04-14 05:00:00,17.47,84.44,1.2,0.901,0.1,0.085,0.0,0.179,0.0,1.266
2025-04-14 06:00:00,14.32,83.82,3.2,2.116,0.168,2.099,0.0,0.708,0.0,5.091
2025-04-14 07:00:00,18.57,82.2,1.9,0.523,0.21,2.063,0.0,0.527,0.871,3.322
2025-04-14 08:00:00,17.92,78.92,2.6,0.805,0.1,1.782,0.0,0.702,2.27,3.389
2025-04-14 09:00:00,22.7,84.14,2.6,0.536,0.179,0.083,0.0,0.249,2.204,1.046
2025-04-14 10:00:00,24.31,75.23,0.6,1.009,0.214,0.102,0.0,0.195,3.088,1.52
2025-04-14 11:00:00,21.21,76.89,1.2,0.2,0.1,0.104,0.0,0.152,2.58,0.556
2025-04-14 12:00:00,22.33,81.29,0.4,0.299,0.14,0.116,0.0,0.175,1.403,0.73
2025-04-14 13:00:00,24.94,73.81,0.7,1.188,0.245,0.083,0.0,0.145,0.0,1.66
2025-04-14 14:00:00,23.24,75.07,0.2,0.722,0.1,0.108,0.0,0.1,0.0,1.03
2025-04-14 15:00:00,23.59,73.72,1.6,0.936,0.144,0.103,0.0,0.189,0.0,1.372
2025-04-14 16:00:00,23.19,80.99,0.9,0.798,0.244,0.087,0.0,0.235,0.0,1.365
2025-04-14 17:00:00,19.48,74.47,3.9,0.505,0.1,0.085,0.0,1.415,0.0,2.105
2025-04-14 18:00:00,21.3,83.42,3.3,0.288,0.114,0.108,0.0,1.317,0.0,1.827
2025-04-14 19:00:00,19.09,77.93,3.2,0.657,0.218,1.404,7.053,1.293,0.0,10.626
2025-04-14 20:00:00,18.09,75.7,2.8,0.858,0.1,1.8,6.703,1.355,0.0,10.815
2025-04-14 21:00:00,19.7,84.95,2.6,0.407,0.118,1.736,6.976,1.243,0.0,10.48
2025-04-14 22:00:00,14.44,81.48,3.2,2.013,0.244,0.103,7.826,1.234,0.0,11.419
2025-04-14 23:00:00,16.51,87.35,3.0,1.397,0.1,0.106,7.716,1.248,0.0,10.568
2025-04-15 00:00:00,14.28,71.55,0.5,1.624,0.157,0.086,0.0,0.144,0.0,2.011
2025-04-15 01:00:00,13.78,85.82,0.4,1.743,0.247,0.116,0.0,0.126,0.0,2.231
2025-04-15 02:00:00,15.22,83.7,0.6,1.349,0.1,0.098,0.0,0.172,0.0,1.719
2025-04-15 03:00:00,14.71,80.48,1.7,2.015,0.158,0.101,0.0,0.173,0.0,2.448
2025-04-15 04:00:00,15.56,82.43,1.9,1.519,0.217,0.115,0.0,0.181,0.0,2.032
2025-04-15 05:00:00,16.95,81.37,1.1,0.868,0.1,0.08,0.0,0.19,0.0,1.239
2025-04-15 06:00:00,16.03,82.76,2.6,1.633,0.154,1.796,0.0,0.528,0.0,4.111
2025-04-15 07:00:00,16.82,74.72,2.4,1.307,0.28,1.891,0.0,0.482,0.866,3.96
2025-04-15 08:00:00,17.4,81.58,2.1,1.067,0.1,1.555,0.0,0.632,2.378,3.354
2025-04-15 09:00:00,19.09,85.28,3.1,0.567,0.158,0.083,0.0,0.283,2.942,1.09
2025-04-15 10:00:00,25.96,78.4,1.7,1.791,0.235,0.101,0.0,0.221,3.163,2.348
2025-04-15 11:00:00,24.43,79.8,0.6,1.216,0.1,0.102,0.0,0.185,2.541,1.603
2025-04-15 12:00:00,21.34,80.28,1.0,0.2,0.15,0.093,0.0,0.17,1.479,0.612
2025-04-15 13:00:00,21.88,80.39,0.8,0.2,0.228,0.115,0.0,0.325,0.0,0.869
2025-04-15 14:00:00,24.75,83.35,0.8,0.837,0.1,0.092,0.0,0.185,0.0,1.214
2025-04-15 15:00:00,24.68,71.71,1.5,1.297,0.162,0.101,0.0,0.325,0.0,1.885
2025-04-15 16:00:00,24.19,71.21,0.5,0.857,0.228,0.087,0.0,0.267,0.0,1.44
2025-04-15 17:00:00,22.18,79.67,3.2,0.48,0.1,0.08,0.0,1.333,0.0,1.994
2025-04-15 18:00:00,21.34,80.54,3.3,0.2,0.164,0.097,0.0,1.316,0.0,1.777
2025-04-15 19:00:00,20.82,82.33,2.9,0.2,0.219,1.516,0.0,1.272,0.0,3.207
2025-04-15 20:00:00,19.16,89.45,3.4,0.532,0.1,1.659,0.0,1.317,0.0,3.608
2025-04-15 21:00:00,14.41,81.61,3.1,2.048,0.159,1.469,0.0,1.312,0.0,4.989
2025-04-15 22:00:00,16.19,85.13,3.5,1.69,0.225,0.091,0.0,1.392,0.0,3.398
2025-04-15 23:00:00,14.22,79.34,2.4,2.084,0.1,0.104,0.0,1.121,0.0,3.41
2025-04-16 00:00:00,15.17,95.0,0.9,1.327,0.184,0.095,6.901,0.307,0.0,8.815
2025-04-16 01:00:00,18.89,84.11,1.0,0.426,0.217,0.089,7.338,0.14,0.0,8.211
2025-04-16 02:00:00,14.79,84.46,0.0,1.404,0.1,0.116,7.304,0.1,0.0,9.024
2025-04-16 03:00:00,13.94,84.06,0.6,1.791,0.134,0.101,0.0,0.163,0.0,2.19
2025-04-16 04:00:00,16.29,81.97,0.7,1.245,0.241,0.088,0.0,0.113,0.0,1.687
2025-04-16 05:00:00,16.43,80.6,1.4,1.114,0.1,0.107,0.0,0.189,0.0,1.51
2025-04-16 06:00:00,17.37,80.38,2.2,1.164,0.188,2.018,0.0,0.581,0.0,3.951
2025-04-16 07:00:00,18.85,74.72,2.2,0.449,0.221,1.986,0.0,0.596,1.099,3.252
2025-04-16 08:00:00,22.32,76.07,2.8,0.507,0.1,1.872,0.0,0.676,2.682,3.155
2025-04-16 09:00:00,18.83,88.19,1.9,0.657,0.173,0.101,0.0,0.155,2.475,1.086
2025-04-16 10:00:00,22.45,80.68,0.2,0.208,0.223,0.111,0.0,0.137,3.534,0.679
2025-04-16 11:00:00,21.38,80.39,0.9,0.33,0.1,0.108,0.0,0.21,2.844,0.748
2025-04-16 12:00:00,24.4,80.69,0.4,1.145,0.113,0.103,0.0,0.13,0.829,1.491
2025-04-16 13:00:00,22.69,83.38,0.4,0.569,0.272,0.106,0.0,0.1,0.0,1.047
2025-04-16 14:00:00,23.61,65.14,1.2,0.769,0.1,0.087,0.0,0.218,0.0,1.174
2025-04-16 15:00:00,23.62,68.06,1.4,0.877,0.136,0.081,0.0,0.162,0.0,1.256
2025-04-16 16:00:00,25.03,70.79,1.3,1.43,0.253,0.117,0.0,0.158,0.0,1.959
2025-04-16 17:00:00,24.15,73.41,3.4,1.225,0.1,0.117,0.0,1.357,0.0,2.8
2025-04-16 18:00:00,19.87,75.5,3.5,0.361,0.124,0.112,0.0,1.36,0.0,1.957
2025-04-16 19:00:00,20.61,76.21,2.1,0.203,0.225,1.423,7.881,1.194,0.0,10.926
2025-04-16 20:00:00,18.17,81.1,3.2,0.769,0.1,1.29,7.326,1.246,0.0,10.732
2025-04-16 21:00:00,16.06,81.73,2.8,1.576,0.151,1.414,7.678,1.359,0.0,12.179
2025-04-16 22:00:00,16.41,79.39,2.7,1.243,0.245,0.109,6.546,1.161,0.0,9.305
2025-04-16 23:00:00,15.24,73.36,3.2,1.786,0.1,0.093,6.483,1.296,0.0,9.759
2025-04-17 00:00:00,18.75,80.23,0.3,0.467,0.168,0.112,0.0,0.116,0.0,0.862
2025-04-17 01:00:00,15.26,83.05,0.3,1.37,0.247,0.107,0.0,0.162,0.0,1.886
2025-04-17 02:00:00,12.38,84.76,1.3,2.184,0.1,0.105,0.0,0.189,0.0,2.578
2025-04-17 03:00:00,13.77,80.15,1.2,1.889,0.108,0.117,0.0,0.194,0.0,2.309
2025-04-17 04:00:00,16.64,82.74,1.1,1.041,0.249,0.116,0.0,0.195,0.0,1.601
2025-04-17 05:00:00,19.04,78.59,0.6,0.42,0.1,0.108,0.0,0.235,0.0,0.863
2025-04-17 06:00:00,14.56,82.37,2.8,2.135,0.125,1.583,0.0,0.632,0.0,4.476
2025-04-17 07:00:00,15.33,76.19,2.8,1.652,0.213,2.116,0.0,0.691,1.562,4.672
2025-04-17 08:00:00,22.25,75.76,2.5,0.559,0.1,1.604,0.0,0.515,2.34,2.777
2025-04-17 09:00:00,21.32,71.9,2.0,0.2,0.154,0.095,0.0,0.102,2.031,0.55
2025-04-17 10:00:00,20.64,76.23,0.8,0.2,0.197,0.113,0.0,0.181,2.522,0.691
2025-04-17 11:00:00,23.78,71.43,1.3,0.813,0.1,0.088,0.0,0.206,1.995,1.207
2025-04-17 12:00:00,19.82,79.34,1.5,0.205,0.156,0.106,0.0,0.169,1.363,0.636
2025-04-17 13:00:00,24.28,76.23,0.9,0.963,0.25,0.098,0.0,0.176,0.0,1.487
2025-04-17 14:00:00,24.93,73.65,0.9,1.235,0.1,0.105,0.0,0.231,0.0,1.671
2025-04-17 15:00:00,25.66,70.22,0.9,1.548,0.147,0.118,0.0,0.212,0.0,2.025
2025-04-17 16:00:00,22.25,76.71,1.1,0.379,0.219,0.112,0.0,0.167,0.0,0.877
2025-04-17 17:00:00,23.11,79.21,2.8,0.811,0.1,0.092,0.0,1.253,0.0,2.256
2025-04-17 18:00:00,20.55,77.71,1.8,0.2,0.153,0.082,0.0,1.133,0.0,1.568
2025-04-17 19:00:00,21.12,86.47,3.5,0.2,0.223,1.78,0.0,1.295,0.0,3.498
2025-04-17 20:00:00,18.1,82.3,3.7,1.058,0.1,1.551,0.0,1.355,0.0,4.064
2025-04-17 21:00:00,17.54,86.12,2.8,0.938,0.125,1.304,0.0,1.287,0.0,3.654
2025-04-17 22:00:00,15.45,83.67,2.6,1.664,0.273,0.105,0.0,1.125,0.0,3.168
2025-04-17 23:00:00,16.88,87.62,2.9,1.428,0.1,0.082,0.0,1.217,0.0,2.827
2025-04-18 00:00:00,16.6,81.21,0.9,0.969,0.142,0.088,6.955,0.117,0.0,8.271
2025-04-18 01:00:00,14.47,83.5,1.4,1.746,0.232,0.105,6.756,0.238,0.0,9.078
2025-04-18 02:00:00,14.7,87.75,1.0,1.58,0.1,0.096,7.594,0.126,0.0,9.497
2025-04-18 03:00:00,12.64,87.51,0.7,1.97,0.148,0.093,0.0,0.21,0.0,2.421
2025-04-18 04:00:00,14.87,87.73,0.5,1.604,0.237,0.106,0.0,0.147,0.0,2.094
2025-04-18 05:00:00,16.04,89.74,1.3,1.316,0.1,0.115,0.0,0.279,0.0,1.81
2025-04-18 06:00:00,21.08,75.88,2.7,0.2,0.125,1.929,0.0,0.626,0.0,2.879
2025-04-18 07:00:00,16.69,76.68,2.9,1.366,0.254,1.774,0.0,0.687,1.325,4.082
2025-04-18 08:00:00,21.84,81.15,2.1,0.357,0.1,1.914,0.0,0.592,2.844,2.964
2025-04-18 09:00:00,22.44,74.83,3.2,0.54,0.137,0.108,0.0,0.225,3.033,1.009
2025-04-18 10:00:00,22.57,93.89,0.3,0.402,0.223,0.111,0.0,0.158,2.807,0.894
2025-04-18 11:00:00,25.82,78.34,1.3,1.651,0.1,0.092,0.0,0.189,2.239,2.032
2025-04-18 12:00:00,24.54,74.41,0.2,1.068,0.155,0.085,0.0,0.134,1.253,1.442
2025-04-18 13:00:00,25.06,71.63,0.7,1.313,0.255,0.107,0.0,0.215,0.0,1.89
2025-04-18 14:00:00,24.57,71.6,1.6,1.28,0.1,0.085,0.0,0.324,0.0,1.789
2025-04-18 15:00:00,26.31,74.36,1.3,1.651,0.113,0.098,0.0,0.196,0.0,2.059
2025-04-18 16:00:00,25.62,75.36,0.8,1.365,0.216,0.089,0.0,0.209,0.0,1.88
2025-04-18 17:00:00,22.24,73.47,2.8,0.579,0.1,0.093,0.0,1.273,0.0,2.046
2025-04-18 18:00:00,20.17,75.63,3.0,0.2,0.125,0.099,0.0,1.156,0.0,1.58
2025-04-18 19:00:00,20.64,85.17,3.2,0.2,0.225,1.738,7.067,1.337,0.0,10.567
2025-04-18 20:00:00,18.45,86.92,3.5,0.845,0.1,1.608,7.114,1.382,0.0,11.049
2025-04-18 21:00:00,18.26,82.81,2.8,0.943,0.15,1.303,7.699,1.188,0.0,11.283
2025-04-18 22:00:00,19.0,76.29,2.4,0.636,0.208,0.115,7.082,1.087,0.0,9.128
2025-04-18 23:00:00,15.43,86.94,3.1,1.723,0.1,0.1,6.915,1.311,0.0,10.15
2025-04-19 00:00:00,15.46,92.97,1.6,1.444,0.183,0.088,0.0,0.281,0.0,1.996
2025-04-19 01:00:00,15.11,92.64,1.3,1.492,0.265,0.101,0.0,0.17,0.0,2.029
2025-04-19 02:00:00,16.12,89.67,1.9,1.439,0.1,0.088,0.0,0.191,0.0,1.818
2025-04-19 03:00:00,11.65,92.91,1.7,2.355,0.163,0.095,0.0,0.317,0.0,2.93
2025-04-19 04:00:00,14.61,85.46,1.9,1.827,0.248,0.112,0.0,0.252,0.0,2.439
2025-04-19 05:00:00,16.63,87.38,1.4,1.08,0.1,0.106,0.0,0.133,0.0,1.419
2025-04-19 06:00:00,19.15,79.6,3.5,0.639,0.154,1.784,0.0,0.644,0.0,3.22
2025-04-19 07:00:00,17.82,83.01,2.8,1.025,0.25,1.603,0.0,0.731,0.823,3.609
2025-04-19 08:00:00,17.04,86.65,3.0,1.094,0.1,1.643,0.0,0.604,1.628,3.441
2025-04-19 09:00:00,22.08,75.5,3.2,0.423,0.134,0.119,0.0,0.219,2.785,0.895
2025-04-19 10:00:00,21.4,72.69,2.5,0.2,0.252,0.094,0.0,0.258,2.461,0.804
2025-04-19 11:00:00,21.6,76.24,2.1,0.231,0.1,0.105,0.0,0.2,2.571,0.636
2025-04-19 12:00:00,23.25,73.67,2.2,0.827,0.168,0.1,0.0,0.239,1.598,1.334
2025-04-19 13:00:00,24.4,77.45,2.4,1.17,0.267,0.081,0.0,0.235,0.0,1.753
2025-04-19 14:00:00,23.94,71.73,3.2,1.118,0.1,0.118,0.0,0.24,0.0,1.576
2025-04-19 15:00:00,21.37,82.8,1.8,0.2,0.162,0.084,0.0,0.265,0.0,0.71
2025-04-19 16:00:00,25.53,68.36,2.4,1.773,0.242,0.106,0.0,0.157,0.0,2.279
2025-04-19 17:00:00,25.3,82.03,4.0,1.915,0.1,0.112,0.0,1.446,0.0,3.573
2025-04-19 18:00:00,23.33,73.18,4.0,1.038,0.127,0.11,0.0,1.411,0.0,2.687
2025-04-19 19:00:00,19.44,69.47,4.0,0.379,0.226,1.686,0.0,1.522,0.0,3.813
2025-04-19 20:00:00,19.55,81.19,3.6,0.49,0.1,1.644,0.0,1.372,0.0,3.606
2025-04-19 21:00:00,18.55,80.28,3.6,0.894,0.129,1.467,0.0,1.472,0.0,3.963
2025-04-19 22:00:00,18.25,77.45,3.9,0.777,0.241,0.116,0.0,1.407,0.0,2.542
2025-04-19 23:00:00,17.32,75.84,3.7,1.209,0.1,0.116,0.0,1.402,0.0,2.827
2025-04-20 00:00:00,14.62,85.15,1.9,1.651,0.146,0.097,7.606,0.262,0.0,9.763
2025-04-20 01:00:00,15.35,90.67,2.4,1.653,0.248,0.099,7.265,0.175,0.0,9.441
2025-04-20 02:00:00,15.74,88.92,1.6,1.346,0.1,0.099,7.099,0.274,0.0,8.918
2025-04-20 03:00:00,17.41,86.08,1.7,1.027,0.134,0.091,0.0,0.202,0.0,1.454
2025-04-20 04:00:00,16.78,87.59,1.9,1.205,0.234,0.085,0.0,0.227,0.0,1.75
2025-04-20 05:00:00,17.7,84.11,1.7,1.04,0.1,0.09,0.0,0.229,0.0,1.459
2025-04-20 06:00:00,17.68,75.85,2.5,1.002,0.175,2.048,0.0,0.599,0.0,3.824
2025-04-20 07:00:00,20.88,74.45,3.1,0.2,0.221,1.831,0.0,0.605,1.017,2.857
2025-04-20 08:00:00,20.67,78.98,3.6,0.2,0.1,2.052,0.0,0.691,1.523,3.043
2025-04-20 09:00:00,20.06,77.64,3.9,0.217,0.132,0.11,0.0,0.166,2.053,0.625
2025-04-20 10:00:00,24.66,81.25,1.3,1.314,0.251,0.094,0.0,0.125,1.74,1.783
2025-04-20 11:00:00,24.64,79.54,1.3,1.347,0.1,0.087,0.0,0.183,1.165,1.718
2025-04-20 12:00:00,23.72,77.83,1.8,1.04,0.178,0.103,0.0,0.282,0.897,1.602
2025-04-20 13:00:00,24.17,72.8,1.0,1.029,0.259,0.117,0.0,0.255,0.0,1.66
2025-04-20 14:00:00,25.5,67.1,1.6,1.469,0.1,0.114,0.0,0.248,0.0,1.93
2025-04-20 15:00:00,25.58,76.26,1.1,1.609,0.133,0.111,0.0,0.106,0.0,1.959
2025-04-20 16:00:00,24.68,77.43,2.3,1.452,0.246,0.111,0.0,0.235,0.0,2.044
2025-04-20 17:00:00,24.06,63.81,3.5,1.507,0.1,0.101,0.0,1.316,0.0,3.024
2025-04-20 18:00:00,25.11,72.83,4.0,1.724,0.151,0.087,0.0,1.437,0.0,3.398
2025-04-20 19:00:00,22.96,74.99,4.0,0.963,0.22,1.371,7.393,1.488,0.0,11.435
2025-04-20 20:00:00,20.34,80.59,3.5,0.277,0.1,1.547,7.274,1.4,0.0,10.597
2025-04-20 21:00:00,20.17,77.54,3.4,0.24,0.137,1.39,7.288,1.404,0.0,10.458
2025-04-20 22:00:00,16.01,82.81,3.7,1.848,0.221,0.111,7.755,1.325,0.0,11.26
2025-04-20 23:00:00,17.12,83.19,3.8,1.376,0.1,0.095,6.781,1.35,0.0,9.703
2025-04-21 00:00:00,18.64,84.4,1.1,0.514,0.166,0.085,7.112,0.259,0.0,8.135
2025-04-21 01:00:00,15.1,82.21,0.7,1.42,0.207,0.111,7.358,0.247,0.0,9.343
2025-04-21 02:00:00,13.99,82.81,1.3,1.748,0.1,0.108,7.582,0.188,0.0,9.727
2025-04-21 03:00:00,14.45,80.39,1.1,1.633,0.167,0.09,0.0,0.182,0.0,2.072
2025-04-21 04:00:00,14.29,87.1,0.9,1.737,0.256,0.119,0.0,0.235,0.0,2.347
2025-04-21 05:00:00,15.55,87.1,0.7,1.428,0.1,0.096,0.0,0.198,0.0,1.822
2025-04-21 06:00:00,17.2,79.15,2.4,1.161,0.164,1.93,0.0,0.624,0.0,3.88
2025-04-21 07:00:00,16.86,89.16,2.2,1.134,0.242,2.096,0.0,0.528,1.372,3.999
2025-04-21 08:00:00,20.28,78.43,2.5,0.256,0.1,1.552,0.0,0.659,1.966,2.568
2025-04-21 09:00:00,22.91,86.1,2.5,0.809,0.142,0.115,0.0,0.216,2.932,1.282
2025-04-21 10:00:00,21.4,73.79,1.1,0.2,0.234,0.108,0.0,0.114,2.881,0.656
2025-04-21 11:00:00,26.07,65.62,1.7,1.796,0.1,0.087,0.0,0.162,2.907,2.145
2025-04-21 12:00:00,25.36,76.81,0.9,1.374,0.124,0.107,0.0,0.149,1.428,1.752
2025-04-21 13:00:00,26.63,75.45,1.4,2.005,0.221,0.115,0.0,0.266,0.0,2.607
2025-04-21 14:00:00,24.27,74.17,1.1,1.105,0.1,0.112,0.0,0.148,0.0,1.465
2025-04-21 15:00:00,26.37,70.99,0.9,1.756,0.139,0.11,0.0,0.196,0.0,2.202
2025-04-21 16:00:00,22.95,74.63,1.0,0.576,0.226,0.086,0.0,0.1,0.0,0.989
2025-04-21 17:00:00,25.13,73.2,3.0,1.673,0.1,0.088,0.0,1.323,0.0,3.183
2025-04-21 18:00:00,23.02,75.49,3.1,0.923,0.156,0.102,0.0,1.258,0.0,2.439
2025-04-21 19:00:00,22.38,82.66,2.6,0.533,0.272,1.548,6.514,1.238,0.0,10.105
2025-04-21 20:00:00,18.5,80.92,2.4,0.768,0.1,1.766,6.773,1.206,0.0,10.613
2025-04-21 21:00:00,17.62,84.6,3.3,0.953,0.176,1.481,6.892,1.354,0.0,10.856
2025-04-21 22:00:00,18.65,81.84,3.4,0.769,0.227,0.092,7.006,1.354,0.0,9.449
2025-04-21 23:00:00,15.3,82.53,3.3,1.673,0.1,0.088,7.311,1.423,0.0,10.595
2025-04-22 00:00:00,16.83,79.43,1.1,1.013,0.166,0.082,0.0,0.192,0.0,1.453
2025-04-22 01:00:00,13.58,83.95,1.3,1.959,0.236,0.083,0.0,0.302,0.0,2.579
2025-04-22 02:00:00,16.73,69.39,1.3,1.196,0.1,0.103,0.0,0.22,0.0,1.62
2025-04-22 03:00:00,13.78,82.84,1.3,1.801,0.132,0.087,0.0,0.203,0.0,2.224
2025-04-22 04:00:00,16.96,84.79,0.7,1.014,0.25,0.114,0.0,0.214,0.0,1.592
2025-04-22 05:00:00,17.86,87.06,0.6,0.895,0.1,0.104,0.0,0.177,0.0,1.275
2025-04-22 06:00:00,16.92,81.66,2.3,1.15,0.141,2.063,0.0,0.61,0.0,3.964
2025-04-22 07:00:00,20.04,83.29,2.5,0.2,0.229,1.748,0.0,0.617,1.218,2.794
2025-04-22 08:00:00,20.85,69.1,2.4,0.2,0.1,1.869,0.0,0.605,2.289,2.774
2025-04-22 09:00:00,20.95,78.16,1.7,0.2,0.165,0.101,0.0,0.308,2.944,0.775
2025-04-22 10:00:00,21.45,68.6,1.7,0.2,0.229,0.119,0.0,0.314,2.922,0.863
2025-04-22 11:00:00,21.05,69.72,0.9,0.2,0.1,0.112,0.0,0.193,2.477,0.605
2025-04-22 12:00:00,25.32,73.87,1.1,1.59,0.157,0.104,0.0,0.245,1.299,2.096
2025-04-22 13:00:00,22.94,80.59,1.5,0.566,0.251,0.104,0.0,0.255,0.0,1.177
2025-04-22 14:00:00,25.6,75.86,0.1,1.227,0.1,0.09,0.0,0.206,0.0,1.624
2025-04-22 15:00:00,24.9,74.3,0.8,1.177,0.186,0.109,0.0,0.201,0.0,1.674
2025-04-22 16:00:00,25.81,74.71,0.8,1.463,0.227,0.119,0.0,0.209,0.0,2.018
2025-04-22 17:00:00,23.54,72.19,2.9,1.212,0.1,0.085,0.0,1.287,0.0,2.684
2025-04-22 18:00:00,22.47,74.28,2.9,0.538,0.152,0.105,0.0,1.233,0.0,2.029
2025-04-22 19:00:00,22.85,80.58,3.6,0.759,0.215,1.511,0.0,1.369,0.0,3.853
2025-04-22 20:00:00,20.96,73.07,3.3,0.2,0.1,1.71,0.0,1.263,0.0,3.274
2025-04-22 21:00:00,19.64,84.52,3.4,0.508,0.159,1.2,0.0,1.37,0.0,3.238
2025-04-22 22:00:00,18.67,81.06,3.0,0.845,0.251,0.085,0.0,1.305,0.0,2.486
2025-04-22 23:00:00,14.62,88.37,2.4,1.826,0.1,0.081,0.0,1.225,0.0,3.233
2025-04-23 00:00:00,17.47,90.0,0.2,0.744,0.135,0.087,7.742,0.116,0.0,8.823
2025-04-23 01:00:00,16.75,77.43,0.4,0.885,0.226,0.108,6.622,0.21,0.0,8.052
2025-04-23 02:00:00,14.14,83.09,1.1,1.849,0.1,0.086,7.354,0.208,0.0,9.597
2025-04-23 03:00:00,15.47,81.52,1.0,1.525,0.112,0.105,0.0,0.292,0.0,2.034
2025-04-23 04:00:00,16.27,76.13,0.9,1.123,0.192,0.115,0.0,0.218,0.0,1.647
2025-04-23 05:00:00,16.93,79.08,0.9,0.975,0.1,0.081,0.0,0.146,0.0,1.302
2025-04-23 06:00:00,18.66,95.0,3.3,0.737,0.155,1.459,0.0,0.597,0.0,2.948
2025-04-23 07:00:00,21.52,84.6,2.2,0.2,0.25,2.153,0.0,0.585,1.153,3.187
2025-04-23 08:00:00,22.29,89.59,2.9,0.448,0.1,1.925,0.0,0.578,2.417,3.051
2025-04-23 09:00:00,19.99,82.59,2.5,0.383,0.123,0.086,0.0,0.188,3.482,0.78
2025-04-23 10:00:00,24.1,73.29,1.0,0.906,0.226,0.092,0.0,0.131,2.741,1.356
2025-04-23 11:00:00,26.19,73.85,1.5,1.784,0.1,0.119,0.0,0.165,1.519,2.168
2025-04-23 12:00:00,25.57,77.75,1.6,1.454,0.17,0.089,0.0,0.27,0.746,1.984
2025-04-23 13:00:00,27.13,76.39,0.9,1.935,0.251,0.11,0.0,0.129,0.0,2.424
2025-04-23 14:00:00,28.68,71.11,1.3,2.52,0.1,0.09,0.0,0.168,0.0,2.878
2025-04-23 15:00:00,27.03,66.65,1.1,1.856,0.157,0.096,0.0,0.113,0.0,2.222
2025-04-23 16:00:00,25.37,91.24,1.0,1.486,0.22,0.115,0.0,0.1,0.0,1.921
2025-04-23 17:00:00,25.77,75.05,3.1,2.036,0.1,0.081,0.0,1.279,0.0,3.496
2025-04-23 18:00:00,23.38,75.37,2.7,0.842,0.149,0.092,0.0,1.246,0.0,2.329
2025-04-23 19:00:00,21.99,79.01,2.9,0.376,0.265,1.492,7.028,1.203,0.0,10.365
2025-04-23 20:00:00,20.14,78.79,2.8,0.273,0.1,1.575,7.056,1.167,0.0,10.171
2025-04-23 21:00:00,21.71,82.17,3.4,0.2,0.135,1.217,7.076,1.244,0.0,9.871
2025-04-23 22:00:00,16.94,89.43,3.0,1.152,0.221,0.096,7.15,1.281,0.0,9.901
2025-04-23 23:00:00,19.43,83.62,2.5,0.604,0.1,0.094,7.218,1.244,0.0,9.26
2025-04-24 00:00:00,17.28,79.38,0.7,0.798,0.119,0.081,0.0,0.1,0.0,1.098
2025-04-24 01:00:00,13.94,84.99,0.0,1.68,0.232,0.094,0.0,0.118,0.0,2.124
2025-04-24 02:00:00,16.42,83.68,0.8,0.995,0.1,0.117,0.0,0.228,0.0,1.441
2025-04-24 03:00:00,12.88,92.92,1.0,2.123,0.159,0.091,0.0,0.17,0.0,2.543
2025-04-24 04:00:00,17.47,91.05,0.9,0.855,0.249,0.103,0.0,0.173,0.0,1.381
2025-04-24 05:00:00,18.66,84.78,1.8,0.637,0.1,0.092,0.0,0.223,0.0,1.052
2025-04-24 06:00:00,17.48,76.61,2.7,1.278,0.117,1.517,0.0,0.596,0.0,3.509
2025-04-24 07:00:00,19.76,75.42,2.7,0.26,0.212,1.649,0.0,0.578,1.4,2.699
2025-04-24 08:00:00,23.8,80.08,1.8,1.059,0.1,1.779,0.0,0.563,2.563,3.5
2025-04-24 09:00:00,21.4,80.13,2.4,0.207,0.163,0.092,0.0,0.152,3.223,0.613
2025-04-24 10:00:00,21.78,75.13,0.8,0.579,0.249,0.105,0.0,0.1,2.419,1.033
2025-04-24 11:00:00,26.62,73.36,0.7,1.628,0.1,0.118,0.0,0.136,0.642,1.982
2025-04-24 12:00:00,28.14,71.84,0.7,2.14,0.197,0.083,0.0,0.206,1.015,2.626
2025-04-24 13:00:00,25.7,74.09,0.3,1.452,0.268,0.109,0.0,0.216,0.0,2.045
2025-04-24 14:00:00,27.38,62.09,0.5,1.898,0.1,0.08,0.0,0.141,0.0,2.219
2025-04-24 15:00:00,27.71,68.7,1.3,2.211,0.164,0.08,0.0,0.232,0.0,2.688
2025-04-24 16:00:00,24.08,71.67,0.9,1.08,0.246,0.085,0.0,0.247,0.0,1.659
2025-04-24 17:00:00,23.67,81.79,2.8,1.035,0.1,0.099,0.0,1.249,0.0,2.484
2025-04-24 18:00:00,25.21,72.93,3.0,1.62,0.114,0.082,0.0,1.311,0.0,3.127
2025-04-24 19:00:00,24.69,79.35,3.5,1.641,0.216,1.633,0.0,1.448,0.0,4.938
2025-04-24 20:00:00,21.71,81.13,3.0,0.325,0.1,1.218,0.0,1.245,0.0,2.888
2025-04-24 21:00:00,18.25,88.04,3.2,0.865,0.153,1.497,0.0,1.303,0.0,3.818
2025-04-24 22:00:00,21.34,89.31,2.7,0.2,0.234,0.107,0.0,1.306,0.0,1.847
2025-04-24 23:00:00,16.53,83.96,2.8,1.297,0.1,0.09,0.0,1.193,0.0,2.68
2025-04-25 00:00:00,16.23,82.82,1.1,1.301,0.108,0.103,7.432,0.192,0.0,9.136
2025-04-25 01:00:00,16.75,82.48,1.8,1.146,0.247,0.09,7.272,0.171,0.0,8.927
2025-04-25 02:00:00,18.4,84.79,1.6,0.631,0.1,0.089,7.668,0.265,0.0,8.753
2025-04-25 03:00:00,17.52,83.63,1.2,0.78,0.146,0.113,0.0,0.128,0.0,1.167
2025-04-25 04:00:00,17.36,87.96,1.1,0.968,0.255,0.093,0.0,0.178,0.0,1.495
2025-04-25 05:00:00,18.22,86.34,1.6,0.703,0.1,0.113,0.0,0.144,0.0,1.06
2025-04-25 06:00:00,18.63,85.96,2.8,0.541,0.145,1.596,0.0,0.552,0.0,2.834
2025-04-25 07:00:00,20.61,87.85,1.6,0.2,0.242,1.696,0.0,0.432,1.706,2.57
2025-04-25 08:00:00,17.27,89.31,2.1,1.053,0.1,1.514,0.0,0.558,2.316,3.225
2025-04-25 09:00:00,21.91,79.07,2.6,0.336,0.11,0.1,0.0,0.253,1.325,0.799
2025-04-25 10:00:00,23.93,82.5,0.3,0.83,0.214,0.095,0.0,0.159,3.877,1.298
2025-04-25 11:00:00,22.87,74.0,0.6,0.537,0.1,0.08,0.0,0.181,1.992,0.898
2025-04-25 12:00:00,25.97,80.73,0.7,1.396,0.145,0.099,0.0,0.15,1.146,1.789
2025-04-25 13:00:00,25.59,79.51,0.9,1.37,0.236,0.083,0.0,0.226,0.0,1.915
2025-04-25 14:00:00,28.7,79.04,0.9,2.56,0.1,0.113,0.0,0.213,0.0,2.986
2025-04-25 15:00:00,28.25,74.67,0.9,2.404,0.124,0.1,0.0,0.183,0.0,2.81
2025-04-25 16:00:00,24.7,71.46,1.3,1.299,0.239,0.108,0.0,0.2,0.0,1.846
2025-04-25 17:00:00,24.37,68.78,2.9,1.404,0.1,0.113,0.0,1.24,0.0,2.856
2025-04-25 18:00:00,23.45,76.8,2.8,1.071,0.163,0.082,0.0,1.353,0.0,2.668
2025-04-25 19:00:00,21.68,86.11,2.5,0.2,0.222,1.402,7.204,1.234,0.0,10.262
2025-04-25 20:00:00,21.36,78.45,3.4,0.2,0.1,1.215,6.491,1.34,0.0,9.347
2025-04-25 21:00:00,18.63,85.48,2.7,0.622,0.1,1.23,6.574,1.228,0.0,9.754
2025-04-25 22:00:00,16.87,87.22,2.6,1.148,0.229,0.082,6.87,1.191,0.0,9.52
2025-04-25 23:00:00,18.46,82.82,3.1,0.853,0.1,0.099,6.68,1.279,0.0,9.012
2025-04-26 00:00:00,17.88,91.78,1.5,0.935,0.145,0.098,0.0,0.207,0.0,1.386
2025-04-26 01:00:00,15.23,71.25,1.6,1.553,0.225,0.082,0.0,0.112,0.0,1.974
2025-04-26 02:00:00,17.61,79.89,1.9,1.125,0.1,0.09,0.0,0.195,0.0,1.51
2025-04-26 03:00:00,15.49,81.22,1.7,1.538,0.112,0.09,0.0,0.194,0.0,1.933
2025-04-26 04:00:00,17.31,81.1,2.7,1.065,0.244,0.092,0.0,0.231,0.0,1.632
2025-04-26 05:00:00,18.96,85.92,1.8,0.46,0.1,0.106,0.0,0.212,0.0,0.877
2025-04-26 06:00:00,18.71,84.45,3.5,0.873,0.143,1.942,0.0,0.685,0.0,3.643
2025-04-26 07:00:00,20.65,83.52,2.5,0.2,0.206,1.684,0.0,0.622,0.868,2.712
2025-04-26 08:00:00,20.49,82.98,3.0,0.23,0.1,2.008,0.0,0.63,2.522,2.967
2025-04-26 09:00:00,22.26,73.7,2.9,0.24,0.151,0.097,0.0,0.285,2.777,0.773
2025-04-26 10:00:00,23.45,70.91,1.4,0.858,0.242,0.101,0.0,0.225,2.716,1.427
2025-04-26 11:00:00,23.68,77.74,2.0,0.92,0.1,0.086,0.0,0.321,2.504,1.427
2025-04-26 12:00:00,25.33,71.65,2.2,1.475,0.178,0.089,0.0,0.252,1.438,1.994
2025-04-26 13:00:00,23.77,66.35,1.9,0.995,0.225,0.109,0.0,0.171,0.0,1.5
2025-04-26 14:00:00,25.53,78.86,1.7,1.702,0.1,0.119,0.0,0.193,0.0,2.114
2025-04-26 15:00:00,25.67,81.18,1.5,1.836,0.154,0.108,0.0,0.171,0.0,2.27
2025-04-26 16:00:00,25.21,82.59,2.2,1.6,0.239,0.082,0.0,0.218,0.0,2.139
2025-04-26 17:00:00,24.44,76.69,4.0,1.469,0.1,0.086,0.0,1.495,0.0,3.149
2025-04-26 18:00:00,23.67,80.13,3.9,1.103,0.138,0.098,0.0,1.4,0.0,2.739
2025-04-26 19:00:00,23.28,85.3,4.0,1.116,0.23,1.64,0.0,1.412,0.0,4.397
2025-04-26 20:00:00,22.58,76.79,3.9,0.602,0.1,1.3,0.0,1.456,0.0,3.457
2025-04-26 21:00:00,18.99,87.11,4.0,0.768,0.169,1.65,0.0,1.399,0.0,3.987
2025-04-26 22:00:00,16.96,84.38,3.3,1.363,0.243,0.102,0.0,1.29,0.0,2.998
2025-04-26 23:00:00,16.16,88.81,3.6,1.657,0.1,0.111,0.0,1.396,0.0,3.264
2025-04-27 00:00:00,16.4,86.13,2.0,1.152,0.154,0.102,7.403,0.119,0.0,8.931
2025-04-27 01:00:00,16.1,92.28,2.3,1.411,0.259,0.104,6.683,0.194,0.0,8.65
2025-04-27 02:00:00,15.31,87.12,1.5,1.383,0.1,0.09,6.852,0.237,0.0,8.662
2025-04-27 03:00:00,14.69,78.38,1.0,1.535,0.17,0.109,0.0,0.1,0.0,1.914
2025-04-27 04:00:00,16.45,92.46,1.6,1.334,0.229,0.114,0.0,0.11,0.0,1.786
2025-04-27 05:00:00,18.2,79.5,2.2,0.943,0.1,0.115,0.0,0.144,0.0,1.303
2025-04-27 06:00:00,19.85,89.27,2.7,0.374,0.165,1.461,0.0,0.477,0.0,2.477
2025-04-27 07:00:00,19.33,81.1,2.8,0.466,0.283,1.89,0.0,0.721,1.405,3.36
2025-04-27 08:00:00,20.84,85.88,3.4,0.211,0.1,2.152,0.0,0.675,2.448,3.138
2025-04-27 09:00:00,21.37,84.12,3.3,0.2,0.168,0.103,0.0,0.214,3.22,0.686
2025-04-27 10:00:00,23.91,79.15,2.0,0.952,0.226,0.087,0.0,0.147,2.679,1.411
2025-04-27 11:00:00,23.72,78.3,1.3,0.982,0.1,0.115,0.0,0.299,2.597,1.497
2025-04-27 12:00:00,26.65,76.92,1.7,2.025,0.148,0.091,0.0,0.233,1.131,2.496
2025-04-27 13:00:00,23.61,64.14,2.3,0.927,0.265,0.082,0.0,0.212,0.0,1.486
2025-04-27 14:00:00,25.92,74.59,1.3,1.662,0.1,0.097,0.0,0.251,0.0,2.11
2025-04-27 15:00:00,26.74,68.62,2.4,2.229,0.177,0.084,0.0,0.241,0.0,2.731
2025-04-27 16:00:00,26.07,75.66,1.4,1.732,0.211,0.085,0.0,0.166,0.0,2.193
2025-04-27 17:00:00,29.04,70.04,4.0,3.646,0.1,0.099,0.0,1.41,0.0,5.255
2025-04-27 18:00:00,24.49,71.08,3.7,1.46,0.133,0.105,0.0,1.355,0.0,3.052
2025-04-27 19:00:00,21.25,86.47,3.3,0.2,0.254,1.743,6.712,1.284,0.0,10.193
2025-04-27 20:00:00,21.32,85.35,3.6,0.2,0.1,1.623,7.426,1.432,0.0,10.781
2025-04-27 21:00:00,17.5,81.53,4.0,1.184,0.162,1.706,7.648,1.414,0.0,12.114
2025-04-27 22:00:00,18.84,83.92,3.8,0.721,0.217,0.096,7.155,1.475,0.0,9.665
2025-04-27 23:00:00,16.68,83.0,4.0,1.512,0.1,0.093,6.949,1.399,0.0,10.052
2025-04-28 00:00:00,18.7,88.05,1.6,0.48,0.167,0.104,6.965,0.167,0.0,7.883
2025-04-28 01:00:00,16.01,82.42,0.5,1.122,0.225,0.108,7.341,0.143,0.0,8.938
2025-04-28 02:00:00,16.48,90.97,0.5,1.074,0.1,0.103,7.153,0.12,0.0,8.55
2025-04-28 03:00:00,15.88,84.53,0.5,1.073,0.169,0.091,0.0,0.135,0.0,1.468
2025-04-28 04:00:00,19.94,83.1,0.6,0.2,0.218,0.095,0.0,0.197,0.0,0.71
2025-04-28 05:00:00,17.64,84.35,1.4,1.137,0.1,0.098,0.0,0.253,0.0,1.588
2025-04-28 06:00:00,21.91,80.04,2.7,0.245,0.129,1.45,0.0,0.633,0.0,2.457
2025-04-28 07:00:00,21.59,83.2,2.3,0.2,0.212,2.073,0.0,0.523,1.477,3.009
2025-04-28 08:00:00,22.38,77.31,2.5,0.449,0.1,1.808,0.0,0.57,2.492,2.926
2025-04-28 09:00:00,23.51,80.79,3.1,1.012,0.168,0.11,0.0,0.213,2.664,1.504
2025-04-28 10:00:00,24.75,83.08,1.8,1.246,0.248,0.087,0.0,0.288,2.692,1.869
2025-04-28 11:00:00,22.3,72.16,1.1,0.401,0.1,0.102,0.0,0.232,1.702,0.836
2025-04-28 12:00:00,25.57,74.15,0.0,1.208,0.14,0.117,0.0,0.211,1.508,1.676
2025-04-28 13:00:00,27.76,76.51,1.1,2.315,0.213,0.089,0.0,0.148,0.0,2.765
2025-04-28 14:00:00,26.59,71.82,1.4,1.894,0.1,0.094,0.0,0.128,0.0,2.216
2025-04-28 15:00:00,24.38,76.53,1.1,1.001,0.141,0.096,0.0,0.211,0.0,1.449
2025-04-28 16:00:00,25.91,77.58,1.3,1.725,0.206,0.095,0.0,0.166,0.0,2.192
2025-04-28 17:00:00,27.75,81.17,3.1,2.685,0.1,0.104,0.0,1.317,0.0,4.207
2025-04-28 18:00:00,26.03,73.97,2.5,1.781,0.162,0.096,0.0,1.222,0.0,3.261
2025-04-28 19:00:00,22.86,73.73,2.6,0.727,0.218,1.604,7.429,1.204,0.0,11.181
2025-04-28 20:00:00,23.09,78.46,2.9,1.026,0.1,1.491,7.486,1.31,0.0,11.413
2025-04-28 21:00:00,19.82,76.71,3.4,0.212,0.132,1.295,6.985,1.275,0.0,9.899
2025-04-28 22:00:00,16.6,85.82,2.7,1.225,0.261,0.118,7.439,1.236,0.0,10.28
2025-04-28 23:00:00,16.74,78.43,3.2,1.461,0.1,0.09,7.097,1.343,0.0,10.091
2025-04-29 00:00:00,19.87,95.0,1.1,0.226,0.136,0.102,0.0,0.269,0.0,0.733
2025-04-29 01:00:00,16.61,92.28,1.6,1.263,0.236,0.082,0.0,0.206,0.0,1.786
2025-04-29 02:00:00,16.49,86.06,1.0,1.055,0.1,0.117,0.0,0.242,0.0,1.514
2025-04-29 03:00:00,16.58,90.13,0.3,1.031,0.164,0.117,0.0,0.219,0.0,1.53
2025-04-29 04:00:00,20.38,77.01,1.3,0.336,0.261,0.095,0.0,0.305,0.0,0.996
2025-04-29 05:00:00,20.76,95.0,1.9,0.2,0.1,0.085,0.0,0.222,0.0,0.607
2025-04-29 06:00:00,22.68,80.05,2.8,0.771,0.142,1.994,0.0,0.725,0.0,3.633
2025-04-29 07:00:00,20.32,80.95,2.2,0.266,0.243,1.629,0.0,0.615,0.698,2.753
2025-04-29 08:00:00,22.3,70.72,2.1,0.327,0.1,1.944,0.0,0.489,2.066,2.861
2025-04-29 09:00:00,20.87,80.88,2.1,0.2,0.181,0.117,0.0,0.215,2.753,0.712
2025-04-29 10:00:00,26.57,71.47,1.8,1.989,0.219,0.104,0.0,0.158,3.482,2.469
2025-04-29 11:00:00,23.64,76.27,0.9,0.844,0.1,0.114,0.0,0.253,1.887,1.311
2025-04-29 12:00:00,26.51,72.08,0.7,1.747,0.158,0.089,0.0,0.18,1.133,2.175
2025-04-29 13:00:00,25.04,68.82,0.9,1.255,0.255,0.116,0.0,0.112,0.0,1.738
2025-04-29 14:00:00,25.97,69.98,0.9,1.582,0.1,0.089,0.0,0.22,0.0,1.991
2025-04-29 15:00:00,25.43,75.33,1.6,1.567,0.129,0.089,0.0,0.265,0.0,2.05
2025-04-29 16:00:00,25.27,68.4,0.6,1.378,0.223,0.115,0.0,0.148,0.0,1.864
2025-04-29 17:00:00,24.58,72.01,3.5,1.373,0.1,0.102,0.0,1.333,0.0,2.908
2025-04-29 18:00:00,23.53,80.32,3.0,1.163,0.153,0.112,0.0,1.298,0.0,2.725
2025-04-29 19:00:00,24.4,91.46,3.5,1.334,0.192,1.681,0.0,1.267,0.0,4.474
2025-04-29 20:00:00,20.2,82.39,3.6,0.349,0.1,1.588,0.0,1.417,0.0,3.454
2025-04-29 21:00:00,20.89,76.97,3.0,0.2,0.163,1.313,0.0,1.37,0.0,3.047
2025-04-29 22:00:00,21.18,81.16,2.9,0.2,0.253,0.108,0.0,1.227,0.0,1.788
2025-04-29 23:00:00,17.55,84.4,3.0,1.156,0.1,0.083,0.0,1.376,0.0,2.715
2025-04-30 00:00:00,16.64,83.45,1.0,1.002,0.172,0.088,7.789,0.229,0.0,9.28
2025-04-30 01:00:00,16.87,90.31,0.3,1.06,0.233,0.106,7.199,0.156,0.0,8.754
2025-04-30 02:00:00,18.82,87.09,1.6,0.525,0.1,0.116,6.536,0.23,0.0,7.508
2025-04-30 03:00:00,17.51,90.33,1.1,0.744,0.139,0.111,0.0,0.263,0.0,1.257
2025-04-30 04:00:00,16.92,83.62,0.5,1.122,0.212,0.093,0.0,0.173,0.0,1.601
2025-04-30 05:00:00,19.24,90.87,0.2,0.415,0.1,0.113,0.0,0.175,0.0,0.803
2025-04-30 06:00:00,17.9,82.17,1.6,0.93,0.113,2.136,0.0,0.499,0.0,3.677
2025-04-30 07:00:00,21.78,76.7,2.8,0.225,0.235,1.679,0.0,0.619,1.202,2.757
2025-04-30 08:00:00,22.66,90.89,2.3,0.434,0.1,1.575,0.0,0.615,1.881,2.724
2025-04-30 09:00:00,22.88,69.32,2.3,0.878,0.123,0.088,0.0,0.211,3.629,1.299
2025-04-30 10:00:00,23.29,73.31,1.2,0.756,0.237,0.096,0.0,0.161,3.393,1.25
2025-04-30 11:00:00,24.26,72.62,0.8,1.069,0.1,0.082,0.0,0.231,2.301,1.483
2025-04-30 12:00:00,27.18,87.35,1.2,2.113,0.163,0.1,0.0,0.211,1.049,2.587
2025-04-30 13:00:00,28.72,83.24,1.0,2.466,0.19,0.109,0.0,0.157,0.0,2.922
2025-04-30 14:00:00,26.09,81.47,1.0,1.656,0.1,0.101,0.0,0.267,0.0,2.124
2025-04-30 15:00:00,27.57,72.55,0.4,2.101,0.114,0.119,0.0,0.267,0.0,2.6
2025-04-30 16:00:00,23.25,86.93,0.7,0.69,0.232,0.098,0.0,0.221,0.0,1.242
2025-04-30 17:00:00,24.71,77.6,3.2,1.638,0.1,0.081,0.0,1.259,0.0,3.077
2025-04-30 18:00:00,24.5,81.89,2.7,1.183,0.143,0.099,0.0,1.257,0.0,2.682
2025-04-30 19:00:00,21.98,79.35,3.5,0.53,0.206,1.758,7.87,1.387,0.0,11.75
2025-04-30 20:00:00,20.65,79.75,3.9,0.2,0.1,1.258,7.164,1.351,0.0,10.073
2025-04-30 21:00:00,19.75,80.29,3.3,0.509,0.124,1.334,7.816,1.382,0.0,11.165
2025-04-30 22:00:00,19.99,81.95,3.6,0.382,0.212,0.109,6.523,1.386,0.0,8.612
2025-04-30 23:00:00,18.23,87.29,3.3,0.899,0.1,0.092,6.629,1.382,0.0,9.102
2025-05-01 00:00:00,14.56,87.03,0.8,1.575,0.156,0.111,0.0,0.158,0.0,2.0
2025-05-01 01:00:00,14.23,85.64,1.1,1.705,0.212,0.097,0.0,0.207,0.0,2.219
2025-05-01 02:00:00,16.33,93.55,1.8,1.222,0.1,0.112,0.0,0.231,0.0,1.665
2025-05-01 03:00:00,18.1,70.96,0.8,0.693,0.145,0.102,0.0,0.183,0.0,1.123
2025-05-01 04:00:00,13.79,87.75,0.6,1.945,0.203,0.083,0.0,0.192,0.0,2.424
2025-05-01 05:00:00,17.96,87.83,0.5,0.854,0.1,0.095,0.0,0.16,0.0,1.209
2025-05-01 06:00:00,18.95,88.73,2.4,0.526,0.149,1.68,0.0,0.534,0.0,2.889
2025-05-01 07:00:00,23.03,81.23,2.1,0.775,0.262,2.023,0.0,0.466,1.247,3.526
2025-05-01 08:00:00,21.67,81.04,3.2,0.285,0.1,1.89,0.0,0.623,2.915,2.898
2025-05-01 09:00:00,24.11,83.38,2.6,1.195,0.148,0.111,0.0,0.267,1.579,1.721
2025-05-01 10:00:00,24.96,84.46,1.4,1.238,0.22,0.095,0.0,0.14,3.996,1.693
2025-05-01 11:00:00,22.58,74.25,0.9,0.547,0.1,0.108,0.0,0.229,3.196,0.984
2025-05-01 12:00:00,27.73,76.14,0.5,2.122,0.168,0.083,0.0,0.236,1.525,2.608
2025-05-01 13:00:00,27.4,82.6,0.5,1.836,0.252,0.081,0.0,0.188,0.0,2.357
2025-05-01 14:00:00,28.01,63.38,0.6,2.345,0.1,0.091,0.0,0.161,0.0,2.697
2025-05-01 15:00:00,32.96,70.75,1.1,4.074,0.118,0.111,0.0,0.235,0.0,4.539
2025-05-01 16:00:00,23.45,82.13,1.2,0.864,0.258,0.101,0.0,0.244,0.0,1.468
2025-05-01 17:00:00,28.37,81.22,3.2,2.942,0.1,0.096,0.0,1.307,0.0,4.446
2025-05-01 18:00:00,24.31,79.61,2.4,1.302,0.144,0.116,0.0,1.189,0.0,2.751
2025-05-01 19:00:00,23.97,76.2,3.0,1.234,0.246,1.498,0.0,1.239,0.0,4.217
2025-05-01 20:00:00,22.18,75.59,2.6,0.508,0.1,1.568,0.0,1.229,0.0,3.405
2025-05-01 21:00:00,20.31,78.6,3.2,0.382,0.129,1.791,0.0,1.202,0.0,3.504
2025-05-01 22:00:00,18.89,90.74,3.2,0.669,0.23,0.101,0.0,1.296,0.0,2.296
2025-05-01 23:00:00,19.2,81.1,2.5,0.75,0.1,0.111,0.0,1.162,0.0,2.124
2025-05-02 00:00:00,15.83,85.7,1.4,1.415,0.152,0.097,7.704,0.187,0.0,9.554
2025-05-02 01:00:00,18.73,82.03,1.9,0.615,0.263,0.081,6.705,0.168,0.0,7.832
2025-05-02 02:00:00,16.81,90.21,1.3,1.346,0.1,0.113,7.481,0.1,0.0,9.14
2025-05-02 03:00:00,15.91,83.1,0.9,1.359,0.153,0.118,0.0,0.145,0.0,1.775
2025-05-02 04:00:00,17.43,84.71,0.9,0.842,0.25,0.097,0.0,0.152,0.0,1.342
2025-05-02 05:00:00,20.79,75.83,0.9,0.2,0.1,0.1,0.0,0.231,0.0,0.631
2025-05-02 06:00:00,19.13,74.93,2.2,0.609,0.135,1.745,0.0,0.544,0.0,3.033
2025-05-02 07:00:00,21.68,81.59,2.6,0.25,0.215,2.158,0.0,0.566,1.259,3.188
2025-05-02 08:00:00,21.34,73.37,2.0,0.2,0.1,2.09,0.0,0.504,2.839,2.894
2025-05-02 09:00:00,24.87,88.97,1.7,1.285,0.174,0.082,0.0,0.259,2.959,1.799
2025-05-02 10:00:00,25.96,66.69,1.1,1.449,0.202,0.111,0.0,0.171,1.905,1.934
2025-05-02 11:00:00,28.75,71.76,1.0,2.507,0.1,0.104,0.0,0.194,2.558,2.905
2025-05-02 12:00:00,26.5,74.89,0.8,1.733,0.141,0.081,0.0,0.1,1.429,2.055
2025-05-02 13:00:00,28.27,72.38,0.5,2.237,0.217,0.098,0.0,0.1,0.0,2.652
2025-05-02 14:00:00,27.58,68.48,1.1,2.094,0.1,0.086,0.0,0.138,0.0,2.419
2025-05-02 15:00:00,29.21,69.41,0.6,2.373,0.178,0.115,0.0,0.249,0.0,2.916
2025-05-02 16:00:00,25.69,69.85,0.9,1.402,0.213,0.081,0.0,0.124,0.0,1.819
2025-05-02 17:00:00,27.09,74.32,3.7,2.759,0.1,0.115,0.0,1.362,0.0,4.335
2025-05-02 18:00:00,24.64,86.76,3.3,1.453,0.15,0.118,0.0,1.322,0.0,3.043
2025-05-02 19:00:00,23.63,78.84,2.5,0.965,0.23,1.244,7.853,1.161,0.0,11.452
2025-05-02 20:00:00,22.57,85.91,2.5,0.574,0.1,1.632,6.744,1.222,0.0,10.273
2025-05-02 21:00:00,21.52,84.09,3.1,0.2,0.137,1.529,6.496,1.248,0.0,9.611
2025-05-02 22:00:00,19.76,88.57,2.4,0.303,0.224,0.118,6.762,1.137,0.0,8.544
2025-05-02 23:00:00,19.22,70.24,2.2,0.433,0.1,0.112,6.622,1.288,0.0,8.554
2025-05-03 00:00:00,20.67,83.67,2.0,0.236,0.158,0.108,0.0,0.164,0.0,0.666
2025-05-03 01:00:00,19.28,92.33,1.9,0.557,0.206,0.117,0.0,0.248,0.0,1.127
2025-05-03 02:00:00,18.93,83.14,2.0,0.715,0.1,0.086,0.0,0.162,0.0,1.064
2025-05-03 03:00:00,17.12,94.61,1.9,1.244,0.14,0.095,0.0,0.13,0.0,1.609
2025-05-03 04:00:00,16.96,92.62,1.8,0.889,0.276,0.114,0.0,0.199,0.0,1.477
2025-05-03 05:00:00,20.53,81.9,1.5,0.2,0.1,0.084,0.0,0.129,0.0,0.513
2025-05-03 06:00:00,21.44,80.48,3.5,0.2,0.128,2.114,0.0,0.661,0.0,3.103
2025-05-03 07:00:00,23.54,76.48,3.9,1.241,0.221,1.977,0.0,0.673,0.708,4.112
2025-05-03 08:00:00,21.72,76.85,3.1,0.222,0.1,1.756,0.0,0.711,2.327,2.789
2025-05-03 09:00:00,23.58,72.28,2.9,0.929,0.157,0.094,0.0,0.16,3.972,1.34
2025-05-03 10:00:00,22.67,79.14,1.3,0.418,0.246,0.086,0.0,0.224,3.158,0.975
2025-05-03 11:00:00,25.57,68.48,1.5,1.53,0.1,0.084,0.0,0.208,2.608,1.922
2025-05-03 12:00:00,28.45,77.82,1.9,2.767,0.146,0.097,0.0,0.195,1.531,3.205
2025-05-03 13:00:00,26.76,77.34,0.9,1.866,0.234,0.114,0.0,0.14,0.0,2.354
2025-05-03 14:00:00,28.59,65.69,2.0,2.634,0.1,0.101,0.0,0.218,0.0,3.053
2025-05-03 15:00:00,27.17,81.95,2.1,2.477,0.114,0.098,0.0,0.223,0.0,2.912
2025-05-03 16:00:00,27.44,77.37,1.1,2.162,0.235,0.093,0.0,0.202,0.0,2.692
2025-05-03 17:00:00,24.44,79.51,3.4,1.534,0.1,0.086,0.0,1.332,0.0,3.052
2025-05-03 18:00:00,25.26,73.21,3.8,2.005,0.117,0.12,0.0,1.356,0.0,3.597
2025-05-03 19:00:00,19.44,81.56,3.7,0.373,0.285,1.215,0.0,1.443,0.0,3.317
2025-05-03 20:00:00,22.35,85.63,4.0,0.513,0.1,1.387,0.0,1.44,0.0,3.44
2025-05-03 21:00:00,18.89,81.06,3.7,0.808,0.15,1.662,0.0,1.368,0.0,3.988
2025-05-03 22:00:00,21.94,93.01,4.0,0.339,0.229,0.101,0.0,1.39,0.0,2.059
2025-05-03 23:00:00,20.26,84.46,3.7,0.225,0.1,0.093,0.0,1.434,0.0,1.852
2025-05-04 00:00:00,19.19,90.9,1.4,0.475,0.127,0.12,7.178,0.261,0.0,8.161
2025-05-04 01:00:00,20.27,87.26,1.4,0.2,0.23,0.105,7.212,0.22,0.0,7.967
2025-05-04 02:00:00,16.39,88.93,2.1,1.295,0.1,0.092,7.357,0.245,0.0,9.089
2025-05-04 03:00:00,20.61,77.44,1.8,0.201,0.164,0.114,0.0,0.263,0.0,0.742
2025-05-04 04:00:00,19.89,87.05,2.1,0.394,0.22,0.086,0.0,0.194,0.0,0.893
2025-05-04 05:00:00,18.93,80.57,2.0,0.707,0.1,0.099,0.0,0.318,0.0,1.224
2025-05-04 06:00:00,22.02,78.77,2.5,0.494,0.148,2.045,0.0,0.546,0.0,3.233
2025-05-04 07:00:00,19.86,90.27,2.8,0.397,0.252,2.148,0.0,0.615,1.56,3.413
2025-05-04 08:00:00,21.58,78.93,2.9,0.266,0.1,1.716,0.0,0.593,1.432,2.675
2025-05-04 09:00:00,23.2,73.43,3.0,0.916,0.171,0.086,0.0,0.242,2.254,1.415
2025-05-04 10:00:00,24.52,75.2,1.6,1.166,0.218,0.103,0.0,0.286,2.406,1.772
2025-05-04 11:00:00,24.77,69.26,2.2,1.3,0.1,0.118,0.0,0.204,1.535,1.722
2025-05-04 12:00:00,28.98,81.97,2.3,2.93,0.113,0.107,0.0,0.239,1.429,3.389
2025-05-04 13:00:00,27.26,70.73,1.7,2.162,0.237,0.104,0.0,0.1,0.0,2.604
2025-05-04 14:00:00,28.35,76.65,1.7,2.516,0.1,0.092,0.0,0.222,0.0,2.931
2025-05-04 15:00:00,26.79,80.98,1.5,2.032,0.122,0.104,0.0,0.245,0.0,2.504
2025-05-04 16:00:00,24.42,72.3,1.8,1.24,0.219,0.115,0.0,0.211,0.0,1.786
2025-05-04 17:00:00,26.76,78.42,3.9,2.582,0.1,0.095,0.0,1.368,0.0,4.145
2025-05-04 18:00:00,22.45,71.85,4.0,0.685,0.146,0.09,0.0,1.38,0.0,2.3
2025-05-04 19:00:00,24.01,90.68,4.0,1.468,0.226,1.489,7.792,1.412,0.0,12.386
2025-05-04 20:00:00,20.77,84.68,2.9,0.2,0.1,1.426,7.667,1.2,0.0,10.593
2025-05-04 21:00:00,24.5,80.59,3.7,1.633,0.133,1.482,6.587,1.477,0.0,11.312
2025-05-04 22:00:00,21.68,79.14,4.0,0.358,0.227,0.084,7.591,1.463,0.0,9.723
2025-05-04 23:00:00,19.44,83.67,3.6,0.642,0.1,0.093,7.2,1.452,0.0,9.488
2025-05-05 00:00:00,20.57,83.5,1.5,0.276,0.154,0.113,7.887,0.179,0.0,8.609
2025-05-05 01:00:00,16.91,95.0,0.9,1.077,0.254,0.096,7.14,0.138,0.0,8.704
2025-05-05 02:00:00,18.82,79.87,1.1,0.567,0.1,0.119,6.576,0.147,0.0,7.509
2025-05-05 03:00:00,18.48,86.47,0.5,0.61,0.155,0.108,0.0,0.143,0.0,1.017
2025-05-05 04:00:00,19.07,85.1,0.6,0.413,0.245,0.095,0.0,0.142,0.0,0.895
2025-05-05 05:00:00,21.38,83.66,1.3,0.2,0.1,0.09,0.0,0.25,0.0,0.64
2025-05-05 06:00:00,21.61,82.46,2.9,0.332,0.144,1.933,0.0,0.674,0.0,3.083
2025-05-05 07:00:00,22.15,80.97,2.5,0.345,0.255,1.658,0.0,0.614,1.462,2.872
2025-05-05 08:00:00,20.52,84.37,2.0,0.298,0.1,2.107,0.0,0.478,1.402,2.983
2025-05-05 09:00:00,22.86,81.49,2.5,0.702,0.109,0.085,0.0,0.24,3.91,1.136
2025-05-05 10:00:00,25.32,79.09,1.5,1.769,0.216,0.081,0.0,0.18,4.091,2.246
2025-05-05 11:00:00,26.68,60.59,1.7,1.927,0.1,0.089,0.0,0.271,2.032,2.387
2025-05-05 12:00:00,25.64,76.3,0.9,1.495,0.144,0.104,0.0,0.221,1.811,1.964
2025-05-05 13:00:00,31.45,65.93,0.3,3.039,0.242,0.113,0.0,0.167,0.0,3.562
2025-05-05 14:00:00,30.28,77.23,1.3,3.04,0.1,0.087,0.0,0.1,0.0,3.327
2025-05-05 15:00:00,28.74,81.58,0.9,2.562,0.161,0.103,0.0,0.17,0.0,2.997
2025-05-05 16:00:00,27.44,70.17,1.4,2.067,0.238,0.086,0.0,0.159,0.0,2.549
2025-05-05 17:00:00,26.22,74.45,3.1,2.078,0.1,0.103,0.0,1.318,0.0,3.599
2025-05-05 18:00:00,24.08,74.0,2.6,1.263,0.162,0.081,0.0,1.166,0.0,2.672
2025-05-05 19:00:00,24.42,84.62,3.0,1.465,0.227,1.535,6.688,1.297,0.0,11.211
2025-05-05 20:00:00,23.39,80.48,3.5,0.885,0.1,1.513,6.94,1.253,0.0,10.691
2025-05-05 21:00:00,19.85,90.19,2.9,0.423,0.147,1.226,7.119,1.201,0.0,10.115
2025-05-05 22:00:00,21.01,85.07,2.6,0.2,0.234,0.108,7.113,1.17,0.0,8.824
2025-05-05 23:00:00,19.24,85.45,2.4,0.433,0.1,0.103,7.542,1.151,0.0,9.329
2025-05-06 00:00:00,16.0,85.54,0.7,1.135,0.146,0.105,0.0,0.19,0.0,1.576
2025-05-06 01:00:00,17.07,89.89,0.8,0.769,0.226,0.101,0.0,0.1,0.0,1.196
2025-05-06 02:00:00,17.57,77.31,1.3,1.076,0.1,0.109,0.0,0.158,0.0,1.443
2025-05-06 03:00:00,21.2,86.22,0.6,0.2,0.116,0.101,0.0,0.136,0.0,0.553
2025-05-06 04:00:00,19.7,84.85,1.6,0.227,0.254,0.117,0.0,0.233,0.0,0.832
2025-05-06 05:00:00,17.65,87.87,0.5,0.867,0.1,0.118,0.0,0.154,0.0,1.239
2025-05-06 06:00:00,21.42,82.06,3.4,0.2,0.161,1.963,0.0,0.626,0.0,2.95
2025-05-06 07:00:00,19.58,76.36,3.2,0.554,0.22,2.096,0.0,0.601,1.78,3.472
2025-05-06 08:00:00,24.82,80.04,2.6,1.429,0.1,2.105,0.0,0.577,2.604,4.211
2025-05-06 09:00:00,23.78,73.03,1.8,0.957,0.148,0.09,0.0,0.123,3.696,1.318
2025-05-06 10:00:00,25.55,67.37,1.0,1.433,0.208,0.12,0.0,0.261,2.496,2.021
2025-05-06 11:00:00,28.72,79.39,0.8,2.369,0.1,0.091,0.0,0.175,2.371,2.735
2025-05-06 12:00:00,25.59,77.7,0.5,1.52,0.166,0.081,0.0,0.119,1.421,1.886
2025-05-06 13:00:00,25.93,76.54,1.1,1.701,0.247,0.118,0.0,0.131,0.0,2.196
2025-05-06 14:00:00,27.32,80.51,0.7,1.958,0.1,0.089,0.0,0.11,0.0,2.257
2025-05-06 15:00:00,29.58,70.88,0.7,2.762,0.166,0.103,0.0,0.19,0.0,3.222
2025-05-06 16:00:00,25.24,67.65,0.9,1.189,0.211,0.119,0.0,0.1,0.0,1.619
2025-05-06 17:00:00,22.48,75.41,2.8,0.464,0.1,0.082,0.0,1.234,0.0,1.88
2025-05-06 18:00:00,25.02,75.26,3.8,1.818,0.119,0.091,0.0,1.442,0.0,3.47
2025-05-06 19:00:00,25.32,74.24,2.8,1.787,0.218,1.565,0.0,1.216,0.0,4.786
2025-05-06 20:00:00,24.99,79.6,3.2,1.679,0.1,1.658,0.0,1.258,0.0,4.694
2025-05-06 21:00:00,21.2,78.49,3.1,0.2,0.141,1.684,0.0,1.331,0.0,3.357
2025-05-06 22:00:00,20.08,73.82,3.1,0.2,0.229,0.115,0.0,1.246,0.0,1.79
2025-05-06 23:00:00,21.39,82.04,3.2,0.202,0.1,0.087,0.0,1.294,0.0,1.683
2025-05-07 00:00:00,16.24,79.51,1.4,1.501,0.108,0.095,7.743,0.196,0.0,9.643
2025-05-07 01:00:00,17.97,86.95,1.1,0.9,0.24,0.109,6.731,0.153,0.0,8.133
2025-05-07 02:00:00,18.66,82.72,1.1,0.756,0.1,0.109,7.378,0.123,0.0,8.465
2025-05-07 03:00:00,19.22,91.35,1.0,0.485,0.136,0.092,0.0,0.153,0.0,0.866
2025-05-07 04:00:00,18.28,93.22,0.9,0.715,0.265,0.092,0.0,0.195,0.0,1.268
2025-05-07 05:00:00,19.89,87.64,0.6,0.2,0.1,0.093,0.0,0.133,0.0,0.525
2025-05-07 06:00:00,17.15,75.24,2.5,1.258,0.151,2.082,0.0,0.621,0.0,4.112
2025-05-07 07:00:00,21.1,89.08,2.6,0.2,0.253,2.095,0.0,0.595,1.594,3.142
2025-05-07 08:00:00,24.06,87.88,2.7,1.268,0.1,1.451,0.0,0.583,2.618,3.401
2025-05-07 09:00:00,23.2,78.54,2.6,0.857,0.15,0.093,0.0,0.191,3.645,1.29
2025-05-07 10:00:00,25.97,83.61,0.9,1.608,0.252,0.096,0.0,0.189,3.717,2.145
2025-05-07 11:00:00,27.58,73.0,1.0,2.105,0.1,0.119,0.0,0.236,1.5,2.56
2025-05-07 12:00:00,27.2,65.47,0.8,1.96,0.124,0.118,0.0,0.179,1.7,2.381
2025-05-07 13:00:00,28.46,70.4,1.1,2.543,0.227,0.105,0.0,0.136,0.0,3.01
2025-05-07 14:00:00,26.93,82.65,0.9,1.762,0.1,0.082,0.0,0.232,0.0,2.176
2025-05-07 15:00:00,27.9,66.75,1.1,2.093,0.108,0.088,0.0,0.138,0.0,2.426
2025-05-07 16:00:00,28.62,74.8,1.4,2.626,0.21,0.097,0.0,0.278,0.0,3.211
2025-05-07 17:00:00,27.15,75.93,2.7,2.568,0.103,0.118,0.0,1.227,0.0,4.015
2025-05-07 18:00:00,25.0,74.44,3.2,1.833,0.16,0.084,0.0,1.274,0.0,3.351
2025-05-07 19:00:00,25.01,76.23,3.0,1.508,0.266,1.675,7.245,1.31,0.0,12.003
2025-05-07 20:00:00,24.45,80.36,3.8,1.478,0.1,1.315,6.515,1.394,0.0,10.801
2025-05-07 21:00:00,19.01,78.74,2.9,0.481,0.158,1.505,7.547,1.288,0.0,10.979
2025-05-07 22:00:00,22.62,75.89,3.3,0.62,0.23,0.111,7.232,1.329,0.0,9.523
2025-05-07 23:00:00,19.34,85.32,3.0,0.643,0.1,0.108,7.843,1.212,0.0,9.906
2025-05-08 00:00:00,19.87,90.56,0.4,0.264,0.179,0.111,0.0,0.16,0.0,0.714
2025-05-08 01:00:00,20.53,90.14,0.8,0.2,0.253,0.113,0.0,0.199,0.0,0.764
2025-05-08 02:00:00,16.51,81.95,1.4,1.244,0.1,0.092,0.0,0.196,0.0,1.632
2025-05-08 03:00:00,17.67,79.54,0.8,0.744,0.147,0.095,0.0,0.238,0.0,1.223
2025-05-08 04:00:00,18.8,83.78,0.1,0.651,0.247,0.113,0.0,0.169,0.0,1.18
2025-05-08 05:00:00,18.85,92.08,1.0,0.543,0.1,0.082,0.0,0.168,0.0,0.892
2025-05-08 06:00:00,23.67,86.23,2.1,0.937,0.16,1.81,0.0,0.576,0.0,3.483
2025-05-08 07:00:00,20.98,85.07,2.6,0.2,0.223,2.103,0.0,0.58,1.262,3.105
2025-05-08 08:00:00,22.73,84.45,3.1,0.805,0.1,2.077,0.0,0.668,1.357,3.65
2025-05-08 09:00:00,25.16,80.55,2.8,1.816,0.129,0.112,0.0,0.252,3.341,2.31
2025-05-08 10:00:00,24.26,77.6,1.6,1.113,0.228,0.081,0.0,0.137,3.468,1.558
2025-05-08 11:00:00,26.5,79.07,0.8,1.829,0.1,0.116,0.0,0.212,2.669,2.257
2025-05-08 12:00:00,28.37,72.07,0.9,2.365,0.184,0.116,0.0,0.29,1.853,2.955
2025-05-08 13:00:00,27.89,67.13,0.6,2.037,0.219,0.107,0.0,0.195,0.0,2.557
2025-05-08 14:00:00,28.42,77.61,0.7,2.227,0.1,0.092,0.0,0.1,0.0,2.519
2025-05-08 15:00:00,27.6,80.39,0.6,1.912,0.131,0.1,0.0,0.148,0.0,2.29
2025-05-08 16:00:00,25.62,69.21,0.5,1.312,0.238,0.111,0.0,0.1,0.0,1.761
2025-05-08 17:00:00,27.58,79.87,3.5,2.934,0.1,0.113,0.0,1.353,0.0,4.5
2025-05-08 18:00:00,28.7,85.4,2.2,2.924,0.113,0.094,0.0,1.18,0.0,4.312
2025-05-08 19:00:00,24.88,78.44,3.5,1.542,0.209,1.396,0.0,1.332,0.0,4.478
2025-05-08 20:00:00,23.9,75.91,3.5,1.064,0.1,1.642,0.0,1.454,0.0,4.259
2025-05-08 21:00:00,23.31,82.17,3.2,0.845,0.124,1.612,0.0,1.168,0.0,3.749
2025-05-08 22:00:00,19.16,80.25,2.6,0.483,0.238,0.101,0.0,1.196,0.0,2.018
2025-05-08 23:00:00,22.58,81.16,2.4,0.569,0.1,0.097,0.0,1.198,0.0,1.964
2025-05-09 00:00:00,19.72,87.36,0.8,0.432,0.129,0.106,7.327,0.112,0.0,8.107
2025-05-09 01:00:00,21.36,77.78,1.3,0.2,0.239,0.081,6.724,0.133,0.0,7.378
2025-05-09 02:00:00,17.65,78.78,1.0,1.017,0.1,0.083,6.587,0.218,0.0,8.005
2025-05-09 03:00:00,21.64,85.89,0.6,0.2,0.148,0.103,0.0,0.264,0.0,0.715
2025-05-09 04:00:00,20.58,85.08,1.5,0.2,0.224,0.088,0.0,0.296,0.0,0.809
2025-05-09 05:00:00,21.04,85.96,1.7,0.2,0.1,0.111,0.0,0.183,0.0,0.594
2025-05-09 06:00:00,21.6,92.38,2.4,0.312,0.183,1.996,0.0,0.66,0.0,3.151
2025-05-09 07:00:00,22.08,82.08,2.5,0.383,0.252,1.951,0.0,0.6,1.668,3.187
2025-05-09 08:00:00,25.55,82.99,1.9,1.735,0.1,2.091,0.0,0.598,2.659,4.523
2025-05-09 09:00:00,25.25,73.57,2.3,1.688,0.122,0.086,0.0,0.209,3.497,2.105
2025-05-09 10:00:00,23.29,80.84,1.2,0.69,0.223,0.09,0.0,0.129,3.872,1.133
2025-05-09 11:00:00,25.6,73.13,1.1,1.542,0.1,0.09,0.0,0.264,2.661,1.996
2025-05-09 12:00:00,27.8,75.16,0.8,2.201,0.18,0.111,0.0,0.267,1.759,2.759
2025-05-09 13:00:00,29.04,73.66,0.9,2.491,0.25,0.101,0.0,0.156,0.0,2.997
2025-05-09 14:00:00,28.66,79.16,0.8,2.578,0.1,0.09,0.0,0.221,0.0,2.99
2025-05-09 15:00:00,30.4,67.65,0.9,2.9,0.141,0.085,0.0,0.169,0.0,3.296
2025-05-09 16:00:00,25.15,63.39,1.2,1.38,0.243,0.116,0.0,0.294,0.0,2.033
2025-05-09 17:00:00,27.5,74.69,2.2,2.298,0.1,0.108,0.0,1.079,0.0,3.585
2025-05-09 18:00:00,23.52,79.34,3.0,1.029,0.134,0.101,0.0,1.266,0.0,2.531
2025-05-09 19:00:00,26.18,79.21,3.1,2.026,0.231,1.779,7.116,1.23,0.0,12.382
2025-05-09 20:00:00,23.6,86.16,2.8,1.003,0.1,1.71,7.484,1.164,0.0,11.461
2025-05-09 21:00:00,23.08,83.74,2.8,0.669,0.128,1.307,6.93,1.244,0.0,10.278
2025-05-09 22:00:00,19.95,80.18,2.8,0.409,0.256,0.1,6.518,1.229,0.0,8.513
2025-05-09 23:00:00,22.13,72.62,2.8,0.485,0.1,0.099,7.498,1.199,0.0,9.381
2025-05-10 00:00:00,21.16,84.01,1.8,0.2,0.149,0.114,0.0,0.246,0.0,0.708
2025-05-10 01:00:00,19.97,90.94,1.9,0.254,0.257,0.086,0.0,0.27,0.0,0.868
2025-05-10 02:00:00,18.73,84.04,1.0,0.684,0.1,0.098,0.0,0.204,0.0,1.087
2025-05-10 03:00:00,19.97,85.94,2.1,0.302,0.17,0.105,0.0,0.118,0.0,0.695
2025-05-10 04:00:00,18.53,87.3,1.7,0.691,0.216,0.118,0.0,0.217,0.0,1.242
2025-05-10 05:00:00,21.67,79.17,2.6,0.473,0.1,0.116,0.0,0.244,0.0,0.932
2025-05-10 06:00:00,23.9,86.12,2.8,1.107,0.167,1.824,0.0,0.584,0.0,3.682
2025-05-10 07:00:00,24.24,89.74,3.0,1.431,0.22,1.877,0.0,0.654,0.944,4.181
2025-05-10 08:00:00,22.83,79.14,3.2,0.808,0.1,2.054,0.0,0.632,3.142,3.594
2025-05-10 09:00:00,25.76,72.8,3.5,1.969,0.147,0.11,0.0,0.213,4.028,2.439
2025-05-10 10:00:00,24.49,76.67,1.0,0.994,0.241,0.115,0.0,0.121,3.498,1.471
2025-05-10 11:00:00,28.32,64.64,1.5,2.398,0.1,0.116,0.0,0.236,1.475,2.849
2025-05-10 12:00:00,28.93,76.49,2.0,3.012,0.132,0.113,0.0,0.276,1.278,3.533
2025-05-10 13:00:00,25.95,76.47,1.4,1.855,0.235,0.08,0.0,0.186,0.0,2.356
2025-05-10 14:00:00,27.18,82.38,2.3,2.35,0.1,0.092,0.0,0.27,0.0,2.812
2025-05-10 15:00:00,28.33,73.23,1.6,2.565,0.171,0.096,0.0,0.275,0.0,3.107
2025-05-10 16:00:00,27.8,76.85,1.4,2.394,0.252,0.107,0.0,0.2,0.0,2.954
2025-05-10 17:00:00,25.65,71.45,4.0,2.089,0.1,0.092,0.0,1.436,0.0,3.717
2025-05-10 18:00:00,27.01,75.22,4.0,2.802,0.193,0.093,0.0,1.463,0.0,4.551
2025-05-10 19:00:00,25.6,70.82,4.0,2.082,0.257,1.44,0.0,1.393,0.0,5.172
2025-05-10 20:00:00,23.63,79.03,4.0,1.194,0.1,1.773,0.0,1.467,0.0,4.534
2025-05-10 21:00:00,21.5,80.03,4.0,0.2,0.154,1.462,0.0,1.448,0.0,3.264
2025-05-10 22:00:00,23.0,84.5,3.4,0.753,0.227,0.086,0.0,1.284,0.0,2.35
2025-05-10 23:00:00,22.87,81.12,4.0,0.523,0.1,0.08,0.0,1.375,0.0,2.079
2025-05-11 00:00:00,19.05,85.61,1.2,0.629,0.162,0.089,6.529,0.136,0.0,7.546
2025-05-11 01:00:00,18.36,84.13,2.0,0.739,0.251,0.118,7.881,0.235,0.0,9.223
2025-05-11 02:00:00,19.84,84.34,1.8,0.283,0.1,0.118,6.936,0.186,0.0,7.623
2025-05-11 03:00:00,18.74,86.2,2.3,0.474,0.121,0.101,0.0,0.218,0.0,0.913
2025-05-11 04:00:00,19.56,85.4,2.3,0.359,0.241,0.106,0.0,0.286,0.0,0.993
2025-05-11 05:00:00,21.68,88.05,2.0,0.2,0.1,0.112,0.0,0.233,0.0,0.645
2025-05-11 06:00:00,18.74,82.4,3.4,0.673,0.13,1.48,0.0,0.641,0.0,2.925
2025-05-11 07:00:00,24.79,79.8,3.5,1.651,0.235,1.71,0.0,0.631,1.555,4.226
2025-05-11 08:00:00,24.21,79.1,3.3,1.361,0.1,1.902,0.0,0.681,2.653,4.044
2025-05-11 09:00:00,24.78,74.87,3.3,1.443,0.126,0.116,0.0,0.2,3.478,1.884
2025-05-11 10:00:00,26.47,75.2,2.4,1.948,0.231,0.109,0.0,0.284,3.468,2.572
2025-05-11 11:00:00,27.58,85.91,2.4,2.384,0.1,0.094,0.0,0.235,3.424,2.813
2025-05-11 12:00:00,25.84,70.24,1.7,1.89,0.153,0.116,0.0,0.209,1.3,2.368
2025-05-11 13:00:00,31.18,72.81,1.9,3.809,0.226,0.107,0.0,0.159,0.0,4.3
2025-05-11 14:00:00,29.17,72.06,1.8,2.83,0.1,0.113,0.0,0.236,0.0,3.279
2025-05-11 15:00:00,29.6,72.97,1.2,2.627,0.167,0.095,0.0,0.241,0.0,3.13
2025-05-11 16:00:00,29.86,73.15,1.7,3.114,0.233,0.08,0.0,0.193,0.0,3.62
2025-05-11 17:00:00,26.11,77.15,4.0,2.293,0.1,0.087,0.0,1.486,0.0,3.966
2025-05-11 18:00:00,27.31,68.45,3.5,2.728,0.155,0.117,0.0,1.34,0.0,4.339
2025-05-11 19:00:00,25.0,83.63,4.0,1.865,0.243,1.22,7.812,1.437,0.0,12.577
2025-05-11 20:00:00,25.37,83.16,4.0,2.005,0.1,1.558,7.568,1.544,0.0,12.774
2025-05-11 21:00:00,19.62,75.34,4.0,0.373,0.144,1.445,7.032,1.415,0.0,10.409
2025-05-11 22:00:00,21.46,71.65,4.0,0.233,0.218,0.097,6.812,1.467,0.0,8.827
2025-05-11 23:00:00,19.66,79.36,3.4,0.531,0.1,0.096,7.429,1.33,0.0,9.485
2025-05-12 00:00:00,20.6,83.98,0.9,0.2,0.147,0.083,7.643,0.191,0.0,8.264
2025-05-12 01:00:00,20.16,95.0,1.6,0.259,0.228,0.085,7.72,0.232,0.0,8.524
2025-05-12 02:00:00,18.22,88.72,0.8,0.626,0.1,0.083,7.293,0.128,0.0,8.228
2025-05-12 03:00:00,18.38,76.76,1.4,0.898,0.176,0.082,0.0,0.157,0.0,1.314
2025-05-12 04:00:00,19.78,81.75,0.4,0.2,0.234,0.083,0.0,0.192,0.0,0.709
2025-05-12 05:00:00,19.4,83.98,0.5,0.495,0.1,0.108,0.0,0.174,0.0,0.877
2025-05-12 06:00:00,23.04,84.27,3.3,0.685,0.126,1.522,0.0,0.719,0.0,3.053
2025-05-12 07:00:00,22.43,74.98,2.5,0.731,0.232,1.628,0.0,0.613,1.036,3.204
2025-05-12 08:00:00,19.92,79.33,2.3,0.205,0.1,1.913,0.0,0.676,2.418,2.893
2025-05-12 09:00:00,25.01,74.86,3.0,1.656,0.15,0.084,0.0,0.276,2.769,2.166
2025-05-12 10:00:00,25.22,71.48,1.5,1.285,0.229,0.116,0.0,0.289,3.846,1.92
2025-05-12 11:00:00,25.37,77.06,1.4,1.34,0.1,0.099,0.0,0.276,2.585,1.814
2025-05-12 12:00:00,26.75,78.67,0.8,1.888,0.151,0.119,0.0,0.141,1.371,2.299
2025-05-12 13:00:00,29.27,78.41,0.9,2.727,0.288,0.088,0.0,0.251,0.0,3.354
2025-05-12 14:00:00,31.27,76.87,1.1,3.386,0.1,0.081,0.0,0.231,0.0,3.798
2025-05-12 15:00:00,29.58,71.72,1.3,2.937,0.1,0.104,0.0,0.232,0.0,3.373
2025-05-12 16:00:00,27.7,78.38,0.8,2.205,0.214,0.093,0.0,0.233,0.0,2.746
2025-05-12 17:00:00,28.5,77.3,3.1,2.998,0.1,0.103,0.0,1.275,0.0,4.477
2025-05-12 18:00:00,26.09,77.67,3.1,1.95,0.137,0.099,0.0,1.314,0.0,3.5
2025-05-12 19:00:00,24.53,75.39,3.5,1.509,0.225,1.474,6.954,1.341,0.0,11.504
2025-05-12 20:00:00,22.55,77.52,3.3,0.591,0.1,1.711,7.444,1.444,0.0,11.289
2025-05-12 21:00:00,20.36,81.92,2.4,0.231,0.14,1.315,7.852,1.146,0.0,10.684
2025-05-12 22:00:00,21.2,95.0,2.9,0.2,0.24,0.1,6.867,1.202,0.0,8.61
2025-05-12 23:00:00,20.98,85.75,2.6,0.2,0.1,0.097,7.857,1.18,0.0,9.433
2025-05-13 00:00:00,19.98,82.14,1.2,0.336,0.13,0.107,0.0,0.184,0.0,0.756
2025-05-13 01:00:00,19.0,81.63,1.4,0.595,0.253,0.082,0.0,0.188,0.0,1.118
2025-05-13 02:00:00,18.04,83.54,1.0,0.826,0.1,0.101,0.0,0.226,0.0,1.253
2025-05-13 03:00:00,20.54,95.0,0.9,0.2,0.159,0.099,0.0,0.178,0.0,0.636
2025-05-13 04:00:00,18.15,83.2,1.0,0.802,0.243,0.119,0.0,0.156,0.0,1.32
2025-05-13 05:00:00,22.08,88.78,1.1,0.405,0.1,0.11,0.0,0.207,0.0,0.822
2025-05-13 06:00:00,20.45,81.12,2.2,0.225,0.129,1.552,0.0,0.638,0.0,2.543
2025-05-13 07:00:00,22.03,82.86,2.0,0.544,0.244,1.807,0.0,0.571,1.431,3.167
2025-05-13 08:00:00,22.26,83.96,1.7,0.473,0.1,2.004,0.0,0.578,1.969,3.155
2025-05-13 09:00:00,25.0,75.59,3.0,1.564,0.146,0.101,0.0,0.244,2.962,2.055
2025-05-13 10:00:00,28.42,73.79,1.2,2.34,0.25,0.094,0.0,0.173,3.835,2.857
2025-05-13 11:00:00,28.77,84.05,1.1,2.66,0.1,0.095,0.0,0.219,3.536,3.075
2025-05-13 12:00:00,30.25,79.73,1.5,3.212,0.132,0.095,0.0,0.207,1.183,3.645
2025-05-13 13:00:00,30.07,78.16,0.5,2.896,0.236,0.081,0.0,0.215,0.0,3.427
2025-05-13 14:00:00,27.8,77.94,0.3,1.789,0.1,0.109,0.0,0.236,0.0,2.234
2025-05-13 15:00:00,28.79,76.5,1.2,2.65,0.167,0.104,0.0,0.179,0.0,3.1
2025-05-13 16:00:00,27.62,84.89,1.1,2.137,0.267,0.091,0.0,0.216,0.0,2.711
2025-05-13 17:00:00,29.99,75.98,2.3,3.352,0.1,0.105,0.0,1.223,0.0,4.78
2025-05-13 18:00:00,25.16,79.89,3.1,1.638,0.149,0.092,0.0,1.324,0.0,3.203
2025-05-13 19:00:00,27.09,71.19,2.8,2.522,0.255,1.346,0.0,1.28,0.0,5.403
2025-05-13 20:00:00,25.8,75.88,2.7,1.943,0.1,1.645,0.0,1.236,0.0,4.924
2025-05-13 21:00:00,25.91,75.55,2.9,1.85,0.161,1.685,0.0,1.271,0.0,4.968
2025-05-13 22:00:00,21.34,89.37,2.0,0.2,0.238,0.105,0.0,1.15,0.0,1.692
2025-05-13 23:00:00,21.99,71.48,2.8,0.462,0.1,0.111,0.0,1.212,0.0,1.885
2025-05-14 00:00:00,23.72,83.18,0.7,0.862,0.152,0.095,7.405,0.1,0.0,8.613
2025-05-14 01:00:00,18.87,70.83,1.2,0.665,0.259,0.083,6.973,0.182,0.0,8.162
2025-05-14 02:00:00,17.33,81.84,0.9,0.893,0.1,0.104,7.876,0.17,0.0,9.142
2025-05-14 03:00:00,16.98,83.34,1.3,0.826,0.182,0.09,0.0,0.269,0.0,1.367
2025-05-14 04:00:00,21.37,92.12,0.0,0.2,0.201,0.111,0.0,0.165,0.0,0.677
2025-05-14 05:00:00,18.27,86.23,0.7,0.679,0.1,0.094,0.0,0.198,0.0,1.071
2025-05-14 06:00:00,21.57,78.83,2.7,0.256,0.137,1.923,0.0,0.597,0.0,2.913
2025-05-14 07:00:00,23.99,86.88,2.4,1.247,0.219,1.838,0.0,0.56,1.421,3.864
2025-05-14 08:00:00,24.91,80.09,2.8,1.364,0.1,2.029,0.0,0.585,3.278,4.078
2025-05-14 09:00:00,26.56,78.63,1.8,1.949,0.145,0.113,0.0,0.14,3.365,2.347
2025-05-14 10:00:00,27.46,70.99,1.3,2.068,0.23,0.083,0.0,0.225,3.152,2.605
2025-05-14 11:00:00,30.08,70.81,0.7,2.706,0.1,0.092,0.0,0.188,2.313,3.086
2025-05-14 12:00:00,27.53,70.68,0.7,2.015,0.107,0.115,0.0,0.245,0.593,2.482
2025-05-14 13:00:00,28.44,74.44,1.4,2.591,0.264,0.096,0.0,0.219,0.0,3.17
2025-05-14 14:00:00,28.47,74.39,1.5,2.581,0.101,0.101,0.0,0.206,0.0,2.989
2025-05-14 15:00:00,30.7,81.92,1.4,3.225,0.168,0.087,0.0,0.1,0.0,3.58
2025-05-14 16:00:00,30.31,76.73,1.8,3.302,0.245,0.102,0.0,0.3,0.0,3.949
2025-05-14 17:00:00,28.84,62.22,3.5,3.444,0.1,0.091,0.0,1.363,0.0,4.997
2025-05-14 18:00:00,28.9,78.31,2.7,3.172,0.128,0.113,0.0,1.125,0.0,4.538
2025-05-14 19:00:00,24.16,71.2,3.1,1.234,0.26,1.32,6.982,1.3,0.0,11.097
2025-05-14 20:00:00,27.13,75.17,2.9,2.39,0.1,1.416,7.576,1.216,0.0,12.699
2025-05-14 21:00:00,25.62,77.49,3.8,1.862,0.159,1.257,6.508,1.368,0.0,11.153
2025-05-14 22:00:00,23.23,79.68,3.4,0.905,0.243,0.104,7.377,1.364,0.0,9.993
2025-05-14 23:00:00,23.77,77.37,2.9,0.941,0.1,0.118,7.388,1.239,0.0,9.785
2025-05-15 00:00:00,17.99,86.21,1.4,1.004,0.139,0.087,0.0,0.242,0.0,1.473
2025-05-15 01:00:00,19.18,78.74,0.5,0.344,0.287,0.081,0.0,0.159,0.0,0.871
2025-05-15 02:00:00,18.7,87.78,1.1,0.701,0.1,0.097,0.0,0.203,0.0,1.101
2025-05-15 03:00:00,21.05,95.0,0.6,0.2,0.141,0.11,0.0,0.197,0.0,0.648
2025-05-15 04:00:00,18.9,78.55,0.3,0.507,0.259,0.119,0.0,0.172,0.0,1.058
2025-05-15 05:00:00,22.4,82.82,1.3,0.46,0.1,0.082,0.0,0.2,0.0,0.842
2025-05-15 06:00:00,24.36,70.38,2.9,1.211,0.15,2.006,0.0,0.636,0.0,4.003
2025-05-15 07:00:00,24.55,80.05,2.7,1.343,0.265,1.705,0.0,0.689,1.439,4.003
2025-05-15 08:00:00,25.23,83.21,2.4,1.774,0.1,1.551,0.0,0.636,1.552,4.061
2025-05-15 09:00:00,24.61,82.05,2.0,1.349,0.165,0.088,0.0,0.175,3.22,1.777
2025-05-15 10:00:00,26.03,77.39,0.5,1.524,0.208,0.117,0.0,0.11,2.374,1.96
2025-05-15 11:00:00,30.21,80.2,0.6,2.947,0.1,0.112,0.0,0.129,3.202,3.288
2025-05-15 12:00:00,30.3,87.53,0.9,3.028,0.13,0.092,0.0,0.199,0.942,3.449
2025-05-15 13:00:00,29.57,82.77,1.4,2.9,0.228,0.118,0.0,0.138,0.0,3.383
2025-05-15 14:00:00,29.17,71.39,1.4,2.799,0.1,0.084,0.0,0.16,0.0,3.143
2025-05-15 15:00:00,26.59,66.95,0.3,1.569,0.149,0.093,0.0,0.1,0.0,1.911
2025-05-15 16:00:00,27.52,72.77,0.7,1.969,0.25,0.106,0.0,0.218,0.0,2.543
2025-05-15 17:00:00,31.2,71.02,2.7,3.998,0.1,0.12,0.0,1.267,0.0,5.485
2025-05-15 18:00:00,25.38,79.26,2.0,1.648,0.167,0.099,0.0,1.162,0.0,3.075
2025-05-15 19:00:00,26.38,72.54,3.2,2.11,0.21,1.686,0.0,1.292,0.0,5.299
2025-05-15 20:00:00,26.31,79.64,2.9,2.142,0.111,1.75,0.0,1.176,0.0,5.179
2025-05-15 21:00:00,21.62,85.74,3.0,0.213,0.15,1.206,0.0,1.231,0.0,2.799
2025-05-15 22:00:00,22.58,82.5,3.5,0.586,0.261,0.092,0.0,1.299,0.0,2.237
2025-05-15 23:00:00,22.67,79.51,3.0,0.643,0.1,0.084,0.0,1.218,0.0,2.045
2025-05-16 00:00:00,20.66,91.07,0.8,0.2,0.145,0.111,7.177,0.232,0.0,7.865
2025-05-16 01:00:00,24.44,76.4,1.2,1.066,0.207,0.103,6.699,0.175,0.0,8.25
2025-05-16 02:00:00,17.47,84.36,1.4,0.833,0.1,0.084,7.094,0.207,0.0,8.319
2025-05-16 03:00:00,21.73,85.59,1.1,0.21,0.151,0.097,0.0,0.239,0.0,0.697
2025-05-16 04:00:00,20.38,85.28,1.3,0.2,0.23,0.101,0.0,0.137,0.0,0.668
2025-05-16 05:00:00,22.59,85.15,0.9,0.528,0.1,0.108,0.0,0.209,0.0,0.945
2025-05-16 06:00:00,23.13,86.05,2.5,0.909,0.185,2.001,0.0,0.525,0.0,3.62
2025-05-16 07:00:00,22.58,81.38,2.5,0.598,0.217,1.503,0.0,0.616,1.42,2.935
2025-05-16 08:00:00,25.31,78.16,2.2,1.656,0.1,1.791,0.0,0.629,2.523,4.176
2025-05-16 09:00:00,23.48,76.41,2.3,0.879,0.129,0.086,0.0,0.161,3.389,1.256
2025-05-16 10:00:00,28.37,73.94,1.6,2.39,0.26,0.11,0.0,0.238,3.829,2.998
2025-05-16 11:00:00,28.95,79.7,1.8,2.829,0.1,0.106,0.0,0.215,2.912,3.251
2025-05-16 12:00:00,30.26,71.57,1.6,3.297,0.151,0.109,0.0,0.176,1.581,3.733
2025-05-16 13:00:00,31.39,78.44,0.5,2.981,0.243,0.083,0.0,0.104,0.0,3.411
2025-05-16 14:00:00,30.52,74.09,0.4,2.792,0.1,0.1,0.0,0.175,0.0,3.168
2025-05-16 15:00:00,30.02,71.6,0.5,2.7,0.133,0.114,0.0,0.19,0.0,3.137
2025-05-16 16:00:00,27.98,77.9,1.1,2.548,0.238,0.109,0.0,0.166,0.0,3.06
2025-05-16 17:00:00,27.44,72.12,1.9,2.332,0.1,0.114,0.0,1.051,0.0,3.598
2025-05-16 18:00:00,29.25,80.19,2.8,3.077,0.157,0.088,0.0,1.28,0.0,4.603
2025-05-16 19:00:00,28.42,79.51,3.6,2.972,0.204,1.372,7.228,1.429,0.0,13.205
2025-05-16 20:00:00,24.61,77.02,3.4,1.599,0.1,1.465,6.585,1.391,0.0,11.139
2025-05-16 21:00:00,23.74,84.2,2.8,1.339,0.136,1.514,7.454,1.327,0.0,11.771
2025-05-16 22:00:00,21.11,85.73,2.8,0.2,0.24,0.09,7.422,1.22,0.0,9.171
2025-05-16 23:00:00,23.19,90.03,3.2,0.877,0.1,0.095,7.742,1.246,0.0,10.06
2025-05-17 00:00:00,21.8,90.03,2.2,0.342,0.139,0.107,0.0,0.236,0.0,0.824
2025-05-17 01:00:00,23.22,88.25,1.6,0.689,0.261,0.106,0.0,0.177,0.0,1.233
2025-05-17 02:00:00,18.82,80.36,1.7,0.348,0.1,0.084,0.0,0.251,0.0,0.783
2025-05-17 03:00:00,19.74,95.0,1.6,0.446,0.181,0.119,0.0,0.145,0.0,0.892
2025-05-17 04:00:00,21.15,78.18,1.3,0.2,0.261,0.103,0.0,0.14,0.0,0.704
2025-05-17 05:00:00,22.57,88.99,1.7,0.658,0.1,0.099,0.0,0.205,0.0,1.062
2025-05-17 06:00:00,22.31,85.16,3.2,0.467,0.132,2.136,0.0,0.663,0.0,3.399
2025-05-17 07:00:00,22.53,75.68,2.8,0.621,0.207,1.541,0.0,0.657,1.121,3.027
2025-05-17 08:00:00,26.46,79.38,3.6,2.43,0.1,1.831,0.0,0.68,2.191,5.041
2025-05-17 09:00:00,27.51,78.05,3.5,2.886,0.143,0.112,0.0,0.159,3.933,3.301
2025-05-17 10:00:00,26.26,83.53,2.1,1.956,0.229,0.096,0.0,0.385,3.615,2.666
2025-05-17 11:00:00,30.71,72.19,1.5,3.344,0.1,0.109,0.0,0.196,2.836,3.75
2025-05-17 12:00:00,31.22,73.49,1.0,3.356,0.186,0.116,0.0,0.325,1.732,3.983
2025-05-17 13:00:00,30.17,62.52,2.0,3.378,0.217,0.09,0.0,0.203,0.0,3.889
2025-05-17 14:00:00,30.26,82.67,1.5,3.059,0.1,0.09,0.0,0.143,0.0,3.392
2025-05-17 15:00:00,30.8,68.85,1.4,3.21,0.154,0.094,0.0,0.177,0.0,3.636
2025-05-17 16:00:00,28.17,76.44,1.3,2.189,0.229,0.097,0.0,0.244,0.0,2.758
2025-05-17 17:00:00,28.72,75.25,3.7,3.433,0.1,0.084,0.0,1.421,0.0,5.039
2025-05-17 18:00:00,24.41,76.51,4.0,1.487,0.143,0.089,0.0,1.455,0.0,3.175
2025-05-17 19:00:00,27.75,82.5,3.6,2.99,0.248,1.724,0.0,1.373,0.0,6.334
2025-05-17 20:00:00,22.79,88.36,3.4,0.796,0.1,1.54,0.0,1.345,0.0,3.781
2025-05-17 21:00:00,26.1,82.81,4.0,2.184,0.183,1.361,0.0,1.433,0.0,5.159
2025-05-17 22:00:00,22.14,86.28,3.9,0.493,0.221,0.118,0.0,1.479,0.0,2.311
2025-05-17 23:00:00,21.28,85.89,3.0,0.2,0.1,0.111,0.0,1.318,0.0,1.729
2025-05-18 00:00:00,20.03,90.28,2.1,0.219,0.115,0.094,7.284,0.165,0.0,7.877
2025-05-18 01:00:00,20.04,83.48,2.7,0.387,0.221,0.111,6.585,0.156,0.0,7.459
2025-05-18 02:00:00,22.43,91.38,0.8,0.697,0.1,0.104,7.072,0.111,0.0,8.084
2025-05-18 03:00:00,16.74,91.35,1.3,1.232,0.128,0.107,0.0,0.171,0.0,1.639
2025-05-18 04:00:00,22.89,90.61,0.7,0.578,0.242,0.093,0.0,0.181,0.0,1.094
2025-05-18 05:00:00,22.27,80.94,1.8,0.577,0.1,0.088,0.0,0.2,0.0,0.966
2025-05-18 06:00:00,20.99,82.16,3.7,0.2,0.104,1.623,0.0,0.727,0.0,2.654
2025-05-18 07:00:00,22.39,82.75,3.3,0.447,0.277,1.5,0.0,0.667,1.143,2.89
2025-05-18 08:00:00,27.82,73.15,3.9,3.135,0.1,1.779,0.0,0.788,2.763,5.803
2025-05-18 09:00:00,25.18,86.42,3.6,1.884,0.15,0.096,0.0,0.284,3.818,2.415
2025-05-18 10:00:00,26.07,76.94,2.5,2.067,0.263,0.08,0.0,0.225,2.138,2.636
2025-05-18 11:00:00,30.54,77.18,2.3,3.661,0.1,0.114,0.0,0.142,1.826,4.018
2025-05-18 12:00:00,30.14,71.92,1.6,3.165,0.144,0.107,0.0,0.217,1.476,3.633
2025-05-18 13:00:00,28.72,67.57,1.8,2.959,0.198,0.098,0.0,0.23,0.0,3.484
2025-05-18 14:00:00,30.63,70.98,1.5,3.317,0.1,0.119,0.0,0.158,0.0,3.693
2025-05-18 15:00:00,28.59,75.3,1.7,2.627,0.131,0.118,0.0,0.143,0.0,3.019
2025-05-18 16:00:00,31.28,78.17,1.8,3.718,0.261,0.084,0.0,0.259,0.0,4.323
2025-05-18 17:00:00,30.43,76.57,3.8,4.229,0.1,0.105,0.0,1.354,0.0,5.788
2025-05-18 18:00:00,28.6,78.73,4.0,3.414,0.141,0.113,0.0,1.448,0.0,5.116
2025-05-18 19:00:00,27.14,76.76,3.7,2.704,0.21,1.304,7.034,1.388,0.0,12.639
2025-05-18 20:00:00,27.94,82.48,3.4,2.952,0.1,1.277,7.389,1.371,0.0,13.089
2025-05-18 21:00:00,24.01,88.97,3.5,1.212,0.148,1.356,6.536,1.304,0.0,10.556
2025-05-18 22:00:00,21.03,86.52,4.0,0.2,0.233,0.091,6.6,1.434,0.0,8.558
2025-05-18 23:00:00,22.44,88.29,3.2,0.459,0.1,0.119,6.488,1.27,0.0,8.435
2025-05-19 00:00:00,24.26,86.67,0.9,1.192,0.191,0.111,6.795,0.181,0.0,8.47
2025-05-19 01:00:00,19.11,78.28,1.5,0.488,0.249,0.082,6.744,0.221,0.0,7.784
2025-05-19 02:00:00,19.92,80.78,1.1,0.2,0.1,0.111,7.705,0.228,0.0,8.345
2025-05-19 03:00:00,21.26,88.07,1.0,0.2,0.1,0.087,0.0,0.254,0.0,0.641
2025-05-19 04:00:00,21.05,85.14,1.0,0.2,0.253,0.094,0.0,0.166,0.0,0.714
2025-05-19 05:00:00,20.46,86.44,0.6,0.2,0.123,0.093,0.0,0.154,0.0,0.57
2025-05-19 06:00:00,24.65,91.38,2.2,1.268,0.146,1.636,0.0,0.636,0.0,3.687
2025-05-19 07:00:00,27.65,85.18,2.4,2.451,0.22,1.662,0.0,0.623,1.748,4.956
2025-05-19 08:00:00,25.76,86.29,2.6,1.78,0.1,1.983,0.0,0.671,2.988,4.533
2025-05-19 09:00:00,25.4,78.92,2.9,1.886,0.121,0.091,0.0,0.334,3.322,2.432
2025-05-19 10:00:00,25.64,72.96,1.0,1.487,0.246,0.112,0.0,0.139,1.804,1.984
2025-05-19 11:00:00,29.39,75.47,1.5,2.849,0.1,0.084,0.0,0.237,1.149,3.269
2025-05-19 12:00:00,31.45,70.78,1.6,3.759,0.137,0.104,0.0,0.169,1.869,4.169
2025-05-19 13:00:00,31.01,82.0,1.3,3.405,0.224,0.115,0.0,0.268,0.0,4.012
2025-05-19 14:00:00,30.46,77.95,1.5,3.067,0.1,0.083,0.0,0.135,0.0,3.386
2025-05-19 15:00:00,29.41,76.81,0.6,2.506,0.14,0.105,0.0,0.214,0.0,2.966
2025-05-19 16:00:00,28.16,80.98,0.5,2.198,0.206,0.1,0.0,0.139,0.0,2.644
2025-05-19 17:00:00,30.25,65.66,3.2,3.744,0.1,0.093,0.0,1.341,0.0,5.278
2025-05-19 18:00:00,29.34,79.94,2.5,3.399,0.138,0.084,0.0,1.258,0.0,4.879
2025-05-19 19:00:00,24.44,71.89,2.9,1.391,0.264,1.606,7.15,1.229,0.0,11.641
2025-05-19 20:00:00,27.85,79.96,3.3,2.794,0.1,1.386,7.585,1.256,0.0,13.121
2025-05-19 21:00:00,25.03,79.99,3.6,1.62,0.178,1.403,6.743,1.358,0.0,11.302
2025-05-19 22:00:00,25.06,86.31,2.9,1.725,0.253,0.109,7.457,1.244,0.0,10.788
2025-05-19 23:00:00,19.92,85.38,2.7,0.272,0.1,0.118,6.681,1.174,0.0,8.345
2025-05-20 00:00:00,19.25,91.92,1.1,0.489,0.133,0.093,0.0,0.1,0.0,0.815
2025-05-20 01:00:00,20.57,82.79,0.6,0.2,0.263,0.11,0.0,0.228,0.0,0.801
2025-05-20 02:00:00,21.38,89.55,0.9,0.2,0.1,0.118,0.0,0.253,0.0,0.671
2025-05-20 03:00:00,23.49,86.61,1.0,0.738,0.125,0.084,0.0,0.15,0.0,1.097
2025-05-20 04:00:00,22.35,77.02,1.0,0.404,0.218,0.101,0.0,0.165,0.0,0.888
2025-05-20 05:00:00,21.73,79.65,1.0,0.2,0.1,0.08,0.0,0.221,0.0,0.602
2025-05-20 06:00:00,21.59,82.25,2.2,0.32,0.109,2.034,0.0,0.614,0.0,3.077
2025-05-20 07:00:00,26.18,87.11,2.2,1.88,0.244,1.647,0.0,0.666,1.35,4.437
2025-05-20 08:00:00,24.18,82.32,2.2,1.169,0.1,1.68,0.0,0.607,1.508,3.556
2025-05-20 09:00:00,29.36,72.61,1.9,2.982,0.135,0.107,0.0,0.154,2.424,3.379
2025-05-20 10:00:00,27.7,76.3,1.1,2.357,0.237,0.112,0.0,0.224,2.976,2.929
2025-05-20 11:00:00,31.55,85.85,1.4,3.644,0.1,0.096,0.0,0.156,2.802,3.995
2025-05-20 12:00:00,30.97,75.36,1.3,3.424,0.136,0.107,0.0,0.186,1.88,3.853
2025-05-20 13:00:00,30.25,72.57,0.9,2.78,0.267,0.118,0.0,0.232,0.0,3.397
2025-05-20 14:00:00,29.85,76.46,0.7,2.662,0.1,0.115,0.0,0.125,0.0,3.003
2025-05-20 15:00:00,29.94,78.02,1.3,3.11,0.12,0.108,0.0,0.185,0.0,3.524
2025-05-20 16:00:00,30.6,72.52,1.3,3.076,0.246,0.118,0.0,0.126,0.0,3.566
2025-05-20 17:00:00,29.28,78.27,3.1,3.399,0.1,0.115,0.0,1.244,0.0,4.858
2025-05-20 18:00:00,27.23,75.36,3.7,2.607,0.137,0.109,0.0,1.364,0.0,4.218
2025-05-20 19:00:00,26.67,82.04,3.0,2.203,0.215,1.75,0.0,1.36,0.0,5.529
2025-05-20 20:00:00,25.74,80.85,2.9,2.073,0.1,1.69,0.0,1.265,0.0,5.129
2025-05-20 21:00:00,21.14,83.96,2.8,0.2,0.155,1.501,0.0,1.387,0.0,3.242
2025-05-20 22:00:00,23.81,79.2,2.4,1.166,0.239,0.1,0.0,1.228,0.0,2.733
2025-05-20 23:00:00,20.62,80.14,3.3,0.203,0.1,0.08,0.0,1.371,0.0,1.755
2025-05-21 00:00:00,19.72,89.92,1.0,0.307,0.135,0.081,7.716,0.124,0.0,8.363
2025-05-21 01:00:00,18.42,85.4,1.2,0.6,0.233,0.11,7.273,0.178,0.0,8.394
2025-05-21 02:00:00,18.09,87.43,1.7,0.766,0.1,0.102,7.809,0.145,0.0,8.922
2025-05-21 03:00:00,18.92,84.26,0.8,0.496,0.181,0.11,0.0,0.16,0.0,0.948
2025-05-21 04:00:00,20.39,89.69,0.1,0.313,0.259,0.118,0.0,0.129,0.0,0.819
2025-05-21 05:00:00,25.18,81.2,1.2,1.245,0.1,0.098,0.0,0.184,0.0,1.627
2025-05-21 06:00:00,22.49,82.32,2.6,0.524,0.17,1.504,0.0,0.647,0.0,2.844
2025-05-21 07:00:00,24.76,85.48,2.2,1.309,0.213,1.891,0.0,0.563,1.499,3.976
2025-05-21 08:00:00,26.38,85.86,2.7,2.215,0.1,1.512,0.0,0.655,3.617,4.481
2025-05-21 09:00:00,27.27,75.83,2.8,2.684,0.16,0.105,0.0,0.161,2.837,3.11
2025-05-21 10:00:00,28.17,86.8,0.6,2.225,0.234,0.101,0.0,0.191,3.701,2.751
2025-05-21 11:00:00,27.53,77.32,0.9,2.107,0.1,0.108,0.0,0.155,2.0,2.471
2025-05-21 12:00:00,32.29,69.59,1.6,3.925,0.17,0.094,0.0,0.21,1.217,4.399
2025-05-21 13:00:00,33.32,76.05,0.7,3.863,0.253,0.086,0.0,0.214,0.0,4.416
2025-05-21 14:00:00,28.26,72.09,1.0,2.423,0.1,0.089,0.0,0.109,0.0,2.721
2025-05-21 15:00:00,29.08,76.37,0.0,2.304,0.15,0.107,0.0,0.223,0.0,2.785
2025-05-21 16:00:00,29.69,74.59,0.4,2.633,0.218,0.099,0.0,0.153,0.0,3.103
2025-05-21 17:00:00,27.87,76.13,3.1,2.886,0.1,0.102,0.0,1.383,0.0,4.471
2025-05-21 18:00:00,29.04,72.44,3.5,3.253,0.116,0.093,0.0,1.362,0.0,4.824
2025-05-21 19:00:00,25.99,83.4,2.5,1.91,0.239,1.702,7.705,1.259,0.0,12.815
2025-05-21 20:00:00,29.03,74.22,3.0,3.301,0.1,1.8,6.805,1.288,0.0,13.294
2025-05-21 21:00:00,26.28,76.01,2.8,2.15,0.158,1.387,7.728,1.269,0.0,12.693
2025-05-21 22:00:00,23.6,84.84,3.4,1.081,0.264,0.109,6.685,1.347,0.0,9.486
2025-05-21 23:00:00,23.79,92.26,2.5,1.091,0.1,0.087,6.924,1.191,0.0,9.393
2025-05-22 00:00:00,23.27,83.43,1.2,0.675,0.151,0.11,0.0,0.172,0.0,1.108
2025-05-22 01:00:00,20.26,89.3,0.7,0.2,0.267,0.097,0.0,0.183,0.0,0.748
2025-05-22 02:00:00,19.72,91.37,1.1,0.427,0.1,0.104,0.0,0.21,0.0,0.841
2025-05-22 03:00:00,21.23,89.87,1.0,0.2,0.133,0.09,0.0,0.193,0.0,0.615
2025-05-22 04:00:00,22.9,83.64,0.9,0.588,0.239,0.114,0.0,0.203,0.0,1.144
2025-05-22 05:00:00,22.61,78.79,1.2,0.457,0.103,0.087,0.0,0.11,0.0,0.757
2025-05-22 06:00:00,21.07,71.96,2.5,0.2,0.128,2.109,0.0,0.647,0.0,3.083
2025-05-22 07:00:00,23.44,80.24,2.4,0.926,0.209,1.484,0.0,0.559,1.736,3.178
2025-05-22 08:00:00,25.83,85.89,2.4,1.799,0.1,1.647,0.0,0.506,2.342,4.053
2025-05-22 09:00:00,27.12,72.83,2.5,2.439,0.146,0.103,0.0,0.318,3.644,3.005
2025-05-22 10:00:00,31.4,80.5,1.1,3.603,0.226,0.114,0.0,0.253,3.214,4.196
2025-05-22 11:00:00,27.4,71.01,0.6,1.994,0.1,0.103,0.0,0.168,3.247,2.365
2025-05-22 12:00:00,31.03,75.33,0.9,3.132,0.111,0.089,0.0,0.229,0.848,3.561
2025-05-22 13:00:00,33.0,77.74,0.6,3.722,0.207,0.114,0.0,0.151,0.0,4.194
2025-05-22 14:00:00,34.35,70.7,1.0,4.131,0.1,0.104,0.0,0.156,0.0,4.491
2025-05-22 15:00:00,30.16,75.06,0.8,2.864,0.15,0.089,0.0,0.143,0.0,3.246
2025-05-22 16:00:00,31.01,72.73,1.3,3.551,0.197,0.102,0.0,0.157,0.0,4.008
2025-05-22 17:00:00,30.33,79.28,3.3,3.909,0.1,0.107,0.0,1.31,0.0,5.426
2025-05-22 18:00:00,28.73,78.18,2.6,3.03,0.175,0.107,0.0,1.185,0.0,4.498
2025-05-22 19:00:00,27.09,78.73,3.0,2.473,0.261,1.634,0.0,1.137,0.0,5.506
2025-05-22 20:00:00,26.59,87.79,3.3,2.291,0.1,1.737,0.0,1.312,0.0,5.441
2025-05-22 21:00:00,20.85,84.86,2.9,0.2,0.145,1.695,0.0,1.22,0.0,3.26
2025-05-22 22:00:00,24.46,79.55,2.7,1.441,0.239,0.104,0.0,1.248,0.0,3.033
2025-05-22 23:00:00,22.59,83.81,2.6,0.584,0.1,0.081,0.0,1.198,0.0,1.964
2025-05-23 00:00:00,21.43,84.82,1.3,0.2,0.139,0.11,7.067,0.222,0.0,7.738
2025-05-23 01:00:00,24.33,86.2,1.4,1.171,0.222,0.119,7.672,0.191,0.0,9.375
2025-05-23 02:00:00,20.08,95.0,0.9,0.443,0.1,0.092,7.487,0.114,0.0,8.237
2025-05-23 03:00:00,20.66,87.65,1.3,0.2,0.174,0.104,0.0,0.126,0.0,0.604
2025-05-23 04:00:00,24.75,75.02,0.0,0.903,0.236,0.111,0.0,0.1,0.0,1.349
2025-05-23 05:00:00,21.31,81.53,1.5,0.2,0.1,0.106,0.0,0.153,0.0,0.558
2025-05-23 06:00:00,22.77,73.34,2.4,0.85,0.152,2.104,0.0,0.56,0.0,3.667
2025-05-23 07:00:00,24.58,79.9,2.6,1.439,0.232,1.781,0.0,0.651,1.658,4.102
2025-05-23 08:00:00,27.35,70.06,2.4,2.585,0.1,1.823,0.0,0.599,2.883,5.107
2025-05-23 09:00:00,27.7,74.09,3.1,2.816,0.127,0.082,0.0,0.149,2.805,3.173
2025-05-23 10:00:00,26.65,69.4,0.6,1.791,0.224,0.116,0.0,0.123,3.855,2.254
2025-05-23 11:00:00,28.83,77.68,1.6,2.664,0.1,0.09,0.0,0.196,2.61,3.05
2025-05-23 12:00:00,29.51,74.81,1.2,2.826,0.156,0.119,0.0,0.135,1.219,3.236
2025-05-23 13:00:00,30.81,75.72,1.2,3.258,0.261,0.088,0.0,0.192,0.0,3.798
2025-05-23 14:00:00,31.73,73.48,0.9,3.39,0.1,0.09,0.0,0.134,0.0,3.714
2025-05-23 15:00:00,31.55,67.23,0.5,3.14,0.132,0.099,0.0,0.158,0.0,3.528
2025-05-23 16:00:00,27.76,77.37,1.4,2.305,0.254,0.106,0.0,0.163,0.0,2.828
2025-05-23 17:00:00,31.22,85.37,3.1,4.075,0.1,0.098,0.0,1.306,0.0,5.578
2025-05-23 18:00:00,28.97,79.05,3.5,3.5,0.16,0.094,0.0,1.439,0.0,5.193
2025-05-23 19:00:00,29.46,76.32,2.9,3.321,0.226,1.524,7.849,1.312,0.0,14.232
2025-05-23 20:00:00,26.76,72.86,2.8,2.273,0.1,1.775,6.581,1.199,0.0,11.928
2025-05-23 21:00:00,26.45,77.01,3.6,2.373,0.173,1.777,7.488,1.494,0.0,13.305
2025-05-23 22:00:00,24.29,85.27,3.8,1.35,0.233,0.093,6.645,1.461,0.0,9.782
2025-05-23 23:00:00,24.58,89.61,3.0,1.256,0.1,0.107,7.773,1.246,0.0,10.483
2025-05-24 00:00:00,22.7,86.5,1.5,0.544,0.172,0.109,0.0,0.152,0.0,0.977
2025-05-24 01:00:00,21.27,89.79,2.1,0.2,0.227,0.106,0.0,0.231,0.0,0.764
2025-05-24 02:00:00,24.65,89.54,1.7,1.355,0.1,0.085,0.0,0.236,0.0,1.775
2025-05-24 03:00:00,22.75,88.33,2.0,0.524,0.152,0.102,0.0,0.3,0.0,1.077
2025-05-24 04:00:00,22.78,81.9,1.7,0.772,0.215,0.111,0.0,0.226,0.0,1.324
2025-05-24 05:00:00,20.79,85.11,2.4,0.2,0.1,0.088,0.0,0.19,0.0,0.578
2025-05-24 06:00:00,21.81,78.76,3.0,0.336,0.17,1.691,0.0,0.616,0.0,2.814
2025-05-24 07:00:00,25.39,81.64,3.5,1.675,0.234,1.587,0.0,0.711,1.512,4.206
2025-05-24 08:00:00,26.46,81.65,3.1,2.256,0.1,2.079,0.0,0.581,3.312,5.016
2025-05-24 09:00:00,26.62,86.84,3.2,2.317,0.178,0.114,0.0,0.32,3.313,2.93
2025-05-24 10:00:00,28.96,70.45,1.6,2.644,0.228,0.087,0.0,0.172,4.393,3.131
2025-05-24 11:00:00,32.16,78.16,2.1,4.117,0.1,0.11,0.0,0.261,3.388,4.588
2025-05-24 12:00:00,31.62,82.21,2.2,3.9,0.139,0.095,0.0,0.275,0.942,4.408
2025-05-24 13:00:00,29.36,78.0,2.0,3.03,0.225,0.107,0.0,0.363,0.0,3.726
2025-05-24 14:00:00,31.08,78.16,1.8,3.568,0.1,0.1,0.0,0.187,0.0,3.955
2025-05-24 15:00:00,29.87,77.14,1.9,3.127,0.155,0.099,0.0,0.192,0.0,3.572
2025-05-24 16:00:00,29.99,81.3,2.2,3.358,0.248,0.115,0.0,0.198,0.0,3.92
2025-05-24 17:00:00,29.16,70.32,4.0,3.647,0.1,0.105,0.0,1.449,0.0,5.301
2025-05-24 18:00:00,28.03,70.07,2.7,2.819,0.159,0.089,0.0,1.204,0.0,4.272
2025-05-24 19:00:00,25.66,78.42,3.7,1.973,0.27,1.266,0.0,1.451,0.0,4.96
2025-05-24 20:00:00,26.05,69.19,3.7,2.096,0.1,1.76,0.0,1.444,0.0,5.4
2025-05-24 21:00:00,24.11,87.71,4.0,1.322,0.157,1.292,0.0,1.427,0.0,4.198
2025-05-24 22:00:00,19.35,89.1,3.8,0.713,0.247,0.109,0.0,1.368,0.0,2.437
2025-05-24 23:00:00,25.79,82.08,4.0,2.241,0.1,0.1,0.0,1.418,0.0,3.859
2025-05-25 00:00:00,23.7,83.34,1.4,1.031,0.147,0.086,7.446,0.168,0.0,8.877
2025-05-25 01:00:00,21.0,85.43,1.9,0.2,0.246,0.111,6.673,0.232,0.0,7.462
2025-05-25 02:00:00,21.42,86.26,2.2,0.2,0.1,0.116,6.66,0.224,0.0,7.301
2025-05-25 03:00:00,19.81,86.43,1.2,0.34,0.166,0.085,0.0,0.227,0.0,0.818
2025-05-25 04:00:00,24.61,87.99,2.8,1.443,0.262,0.083,0.0,0.309,0.0,2.096
2025-05-25 05:00:00,25.7,83.38,2.3,1.833,0.1,0.114,0.0,0.233,0.0,2.28
2025-05-25 06:00:00,24.13,87.72,3.3,1.281,0.11,1.801,0.0,0.694,0.0,3.885
2025-05-25 07:00:00,26.63,83.78,3.0,2.29,0.277,1.926,0.0,0.76,1.246,5.253
2025-05-25 08:00:00,26.66,76.97,3.2,2.358,0.1,1.758,0.0,0.687,0.94,4.903
2025-05-25 09:00:00,25.68,85.12,3.3,2.02,0.154,0.096,0.0,0.226,2.76,2.496
2025-05-25 10:00:00,28.28,70.21,2.0,2.707,0.251,0.092,0.0,0.206,3.293,3.256
2025-05-25 11:00:00,30.13,75.3,2.4,3.485,0.1,0.103,0.0,0.139,2.346,3.826
2025-05-25 12:00:00,30.04,79.64,1.6,3.155,0.186,0.086,0.0,0.226,1.307,3.653
2025-05-25 13:00:00,30.9,70.59,2.0,3.635,0.229,0.109,0.0,0.183,0.0,4.156
2025-05-25 14:00:00,31.26,75.55,1.3,3.589,0.1,0.102,0.0,0.144,0.0,3.935
2025-05-25 15:00:00,31.1,76.92,1.6,3.349,0.154,0.114,0.0,0.156,0.0,3.773
2025-05-25 16:00:00,30.8,70.5,2.0,3.451,0.291,0.117,0.0,0.266,0.0,4.125
2025-05-25 17:00:00,28.34,75.39,4.0,3.355,0.1,0.116,0.0,1.427,0.0,4.998
2025-05-25 18:00:00,27.82,76.22,3.5,2.938,0.146,0.104,0.0,1.398,0.0,4.586
2025-05-25 19:00:00,25.76,75.69,3.6,2.084,0.221,1.391,7.659,1.399,0.0,12.754
2025-05-25 20:00:00,27.86,91.51,4.0,3.14,0.1,1.414,6.612,1.45,0.0,12.716
2025-05-25 21:00:00,21.94,77.74,4.0,0.443,0.163,1.592,6.602,1.421,0.0,10.221
2025-05-25 22:00:00,25.62,88.02,3.9,1.993,0.257,0.108,6.995,1.446,0.0,10.799
2025-05-25 23:00:00,24.94,82.28,2.9,1.646,0.1,0.086,7.495,1.244,0.0,10.571
2025-05-26 00:00:00,21.76,79.76,2.0,0.278,0.103,0.12,6.498,0.218,0.0,7.216
2025-05-26 01:00:00,17.81,86.31,1.0,0.763,0.211,0.084,7.849,0.235,0.0,9.142
2025-05-26 02:00:00,21.0,89.25,0.9,0.2,0.1,0.104,7.237,0.242,0.0,7.883
2025-05-26 03:00:00,21.61,90.4,0.8,0.257,0.186,0.101,0.0,0.152,0.0,0.696
2025-05-26 04:00:00,20.69,93.01,1.2,0.2,0.235,0.104,0.0,0.203,0.0,0.742
2025-05-26 05:00:00,22.23,95.0,1.2,0.576,0.1,0.101,0.0,0.214,0.0,0.991
2025-05-26 06:00:00,26.34,84.25,2.9,2.272,0.129,1.482,0.0,0.642,0.0,4.525
2025-05-26 07:00:00,26.24,78.24,2.1,2.037,0.241,2.157,0.0,0.609,1.071,5.044
2025-05-26 08:00:00,25.15,82.26,2.4,1.834,0.1,2.147,0.0,0.629,3.241,4.709
2025-05-26 09:00:00,25.44,77.12,3.3,1.845,0.174,0.101,0.0,0.341,4.404,2.461
2025-05-26 10:00:00,28.55,81.63,1.1,2.413,0.226,0.088,0.0,0.291,4.327,3.018
2025-05-26 11:00:00,29.76,69.27,0.9,2.88,0.1,0.087,0.0,0.17,2.354,3.237
2025-05-26 12:00:00,31.61,86.65,0.6,3.225,0.144,0.082,0.0,0.252,1.726,3.702
2025-05-26 13:00:00,30.57,78.48,1.2,3.163,0.215,0.104,0.0,0.208,0.0,3.691
2025-05-26 14:00:00,32.31,65.58,1.4,3.738,0.1,0.099,0.0,0.183,0.0,4.121
2025-05-26 15:00:00,34.27,70.66,1.3,4.5,0.138,0.097,0.0,0.221,0.0,4.955
2025-05-26 16:00:00,32.09,78.88,0.9,3.377,0.244,0.101,0.0,0.165,0.0,3.887
2025-05-26 17:00:00,30.0,81.64,3.1,3.7,0.1,0.115,0.0,1.301,0.0,5.216
2025-05-26 18:00:00,28.77,70.64,3.7,3.369,0.134,0.083,0.0,1.332,0.0,4.918
2025-05-26 19:00:00,27.3,82.01,3.4,2.627,0.254,1.526,6.923,1.353,0.0,12.684
2025-05-26 20:00:00,28.31,70.26,2.7,2.696,0.1,1.621,7.409,1.276,0.0,13.103
2025-05-26 21:00:00,24.3,81.11,2.0,1.024,0.141,1.782,7.104,1.153,0.0,11.205
2025-05-26 22:00:00,24.11,88.56,3.1,1.203,0.21,0.11,6.673,1.317,0.0,9.513
2025-05-26 23:00:00,23.08,81.49,3.3,0.927,0.1,0.102,6.489,1.418,0.0,9.035
2025-05-27 00:00:00,21.6,77.66,0.6,0.211,0.155,0.111,0.0,0.274,0.0,0.751
2025-05-27 01:00:00,19.8,86.53,1.0,0.303,0.232,0.12,0.0,0.205,0.0,0.86
2025-05-27 02:00:00,22.17,82.98,0.9,0.283,0.1,0.116,0.0,0.257,0.0,0.755
2025-05-27 03:00:00,21.76,88.94,1.0,0.281,0.174,0.084,0.0,0.199,0.0,0.737
2025-05-27 04:00:00,23.1,80.77,0.8,0.478,0.236,0.103,0.0,0.178,0.0,0.996
2025-05-27 05:00:00,22.35,80.38,1.5,0.224,0.1,0.111,0.0,0.244,0.0,0.679
2025-05-27 06:00:00,26.01,72.89,2.6,1.919,0.164,1.924,0.0,0.601,0.0,4.608
2025-05-27 07:00:00,24.07,82.4,2.1,1.084,0.217,1.74,0.0,0.454,1.683,3.495
2025-05-27 08:00:00,29.25,79.2,2.9,3.405,0.102,1.672,0.0,0.616,1.734,5.796
2025-05-27 09:00:00,25.36,72.51,2.0,1.6,0.156,0.105,0.0,0.135,3.262,1.996
2025-05-27 10:00:00,29.84,77.97,1.5,3.201,0.274,0.096,0.0,0.176,2.289,3.747
2025-05-27 11:00:00,30.93,80.89,1.4,3.309,0.1,0.096,0.0,0.165,3.167,3.669
2025-05-27 12:00:00,29.82,73.73,1.6,3.095,0.155,0.113,0.0,0.17,1.83,3.533
2025-05-27 13:00:00,32.15,75.55,0.9,3.535,0.245,0.093,0.0,0.126,0.0,3.999
2025-05-27 14:00:00,33.6,75.37,0.8,4.091,0.1,0.106,0.0,0.114,0.0,4.411
2025-05-27 15:00:00,28.19,68.18,1.0,2.304,0.175,0.115,0.0,0.149,0.0,2.743
2025-05-27 16:00:00,31.77,85.09,1.0,3.537,0.275,0.105,0.0,0.16,0.0,4.078
2025-05-27 17:00:00,26.48,73.4,2.7,2.057,0.1,0.1,0.0,1.223,0.0,3.48
2025-05-27 18:00:00,27.74,80.28,2.8,2.63,0.166,0.081,0.0,1.258,0.0,4.136
2025-05-27 19:00:00,30.42,82.29,2.9,3.759,0.219,1.609,0.0,1.292,0.0,6.878
2025-05-27 20:00:00,25.81,79.3,2.5,1.985,0.1,1.799,0.0,1.155,0.0,5.038
2025-05-27 21:00:00,23.63,84.59,3.3,0.878,0.16,1.685,0.0,1.28,0.0,4.003
2025-05-27 22:00:00,23.89,84.23,3.0,1.136,0.247,0.105,0.0,1.36,0.0,2.849
2025-05-27 23:00:00,26.25,77.15,2.9,2.068,0.1,0.099,0.0,1.298,0.0,3.565
2025-05-28 00:00:00,19.75,83.53,0.6,0.2,0.157,0.089,7.545,0.128,0.0,8.119
2025-05-28 01:00:00,20.42,82.73,0.5,0.2,0.254,0.108,7.244,0.103,0.0,7.909
2025-05-28 02:00:00,24.07,83.69,1.8,0.935,0.1,0.087,7.412,0.178,0.0,8.712
2025-05-28 03:00:00,24.78,79.28,0.7,0.945,0.155,0.115,0.0,0.16,0.0,1.375
2025-05-28 04:00:00,22.34,90.83,1.2,0.419,0.251,0.094,0.0,0.221,0.0,0.985
2025-05-28 05:00:00,21.43,92.25,1.1,0.2,0.1,0.096,0.0,0.1,0.0,0.496
2025-05-28 06:00:00,27.47,87.89,1.4,2.164,0.151,1.596,0.0,0.463,0.0,4.374
2025-05-28 07:00:00,27.92,87.91,3.2,2.899,0.232,1.787,0.0,0.747,0.955,5.665
2025-05-28 08:00:00,27.84,78.28,2.8,2.625,0.1,1.93,0.0,0.623,0.757,5.278
2025-05-28 09:00:00,26.9,75.27,2.2,2.375,0.126,0.092,0.0,0.219,3.083,2.812
2025-05-28 10:00:00,29.25,73.11,1.0,2.65,0.252,0.108,0.0,0.151,2.612,3.161
2025-05-28 11:00:00,30.12,78.98,0.5,2.889,0.1,0.105,0.0,0.206,2.673,3.3
2025-05-28 12:00:00,31.65,75.94,1.7,3.589,0.158,0.095,0.0,0.112,1.643,3.953
2025-05-28 13:00:00,33.83,73.82,0.6,3.853,0.238,0.093,0.0,0.148,0.0,4.331
2025-05-28 14:00:00,33.14,80.48,0.8,3.872,0.1,0.114,0.0,0.1,0.0,4.187
2025-05-28 15:00:00,30.04,76.23,0.7,2.777,0.12,0.08,0.0,0.17,0.0,3.148
2025-05-28 16:00:00,33.22,70.61,1.0,3.844,0.22,0.109,0.0,0.159,0.0,4.331
2025-05-28 17:00:00,30.83,72.35,3.5,4.034,0.1,0.097,0.0,1.286,0.0,5.516
2025-05-28 18:00:00,30.36,80.41,3.7,4.153,0.18,0.109,0.0,1.445,0.0,5.886
2025-05-28 19:00:00,30.32,83.66,2.8,3.786,0.234,1.505,7.673,1.289,0.0,14.487
2025-05-28 20:00:00,25.16,82.76,3.2,1.739,0.1,1.25,7.411,1.356,0.0,11.856
2025-05-28 21:00:00,25.48,91.04,3.0,1.774,0.175,1.789,7.685,1.21,0.0,12.634
2025-05-28 22:00:00,23.53,91.18,2.6,0.873,0.258,0.083,7.352,1.167,0.0,9.734
2025-05-28 23:00:00,20.94,86.45,4.0,0.2,0.1,0.086,7.647,1.495,0.0,9.528
2025-05-29 00:00:00,23.15,81.0,1.5,0.611,0.136,0.097,0.0,0.237,0.0,1.081
2025-05-29 01:00:00,25.9,79.25,1.1,1.519,0.247,0.118,0.0,0.252,0.0,2.135
2025-05-29 02:00:00,19.2,84.06,1.6,0.618,0.1,0.092,0.0,0.187,0.0,0.997
2025-05-29 03:00:00,22.09,89.56,1.5,0.2,0.186,0.103,0.0,0.189,0.0,0.678
2025-05-29 04:00:00,23.59,94.33,1.0,0.907,0.254,0.101,0.0,0.212,0.0,1.473
2025-05-29 05:00:00,23.61,86.33,1.1,1.005,0.1,0.093,0.0,0.116,0.0,1.315
2025-05-29 06:00:00,24.29,88.84,3.1,1.433,0.16,1.941,0.0,0.658,0.0,4.193
2025-05-29 07:00:00,23.72,80.33,2.1,1.044,0.24,1.801,0.0,0.696,1.812,3.782
2025-05-29 08:00:00,27.31,83.11,3.2,2.562,0.1,1.856,0.0,0.636,2.42,5.154
2025-05-29 09:00:00,27.12,82.56,2.4,2.269,0.16,0.088,0.0,0.142,3.087,2.66
2025-05-29 10:00:00,26.18,67.1,1.6,1.575,0.232,0.117,0.0,0.219,4.305,2.143
2025-05-29 11:00:00,32.29,73.69,1.0,3.638,0.102,0.084,0.0,0.135,3.566,3.96
2025-05-29 12:00:00,32.73,79.55,1.1,3.804,0.136,0.108,0.0,0.179,0.822,4.226
2025-05-29 13:00:00,31.87,75.58,1.0,3.424,0.247,0.115,0.0,0.234,0.0,4.021
2025-05-29 14:00:00,32.31,68.02,0.8,3.538,0.1,0.083,0.0,0.202,0.0,3.923
2025-05-29 15:00:00,33.4,62.05,0.9,3.944,0.134,0.081,0.0,0.152,0.0,4.312
2025-05-29 16:00:00,31.63,72.97,1.6,3.606,0.201,0.093,0.0,0.238,0.0,4.138
2025-05-29 17:00:00,31.86,75.4,2.1,4.147,0.1,0.112,0.0,1.048,0.0,5.407
2025-05-29 18:00:00,29.02,72.58,2.5,3.161,0.139,0.109,0.0,1.211,0.0,4.62
2025-05-29 19:00:00,30.23,79.16,2.7,3.723,0.258,1.693,0.0,1.214,0.0,6.889
2025-05-29 20:00:00,27.44,82.53,2.6,2.49,0.1,1.438,0.0,1.093,0.0,5.121
2025-05-29 21:00:00,25.96,84.91,3.6,2.191,0.153,1.796,0.0,1.316,0.0,5.456
2025-05-29 22:00:00,22.56,71.22,3.5,0.576,0.208,0.095,0.0,1.36,0.0,2.239
2025-05-29 23:00:00,23.86,77.67,3.2,1.256,0.1,0.112,0.0,1.355,0.0,2.823
2025-05-30 00:00:00,21.52,83.67,0.7,0.2,0.137,0.094,6.591,0.173,0.0,7.195
2025-05-30 01:00:00,21.31,88.66,1.5,0.2,0.208,0.089,7.23,0.181,0.0,7.908
2025-05-30 02:00:00,20.88,88.45,0.4,0.2,0.1,0.093,7.155,0.201,0.0,7.749
2025-05-30 03:00:00,20.67,88.15,1.9,0.2,0.125,0.088,0.0,0.219,0.0,0.632
2025-05-30 04:00:00,25.96,83.28,0.7,1.771,0.195,0.085,0.0,0.222,0.0,2.273
2025-05-30 05:00:00,25.56,82.6,0.9,1.492,0.1,0.095,0.0,0.206,0.0,1.892
2025-05-30 06:00:00,27.48,79.36,2.3,2.606,0.139,1.546,0.0,0.551,0.0,4.841
2025-05-30 07:00:00,23.97,85.39,2.1,1.203,0.202,1.802,0.0,0.599,1.487,3.806
2025-05-30 08:00:00,27.21,75.4,3.3,2.594,0.1,1.465,0.0,0.71,2.878,4.869
2025-05-30 09:00:00,26.45,82.7,2.8,2.128,0.136,0.097,0.0,0.304,3.704,2.665
2025-05-30 10:00:00,28.56,78.04,1.5,2.413,0.259,0.118,0.0,0.168,3.002,2.959
2025-05-30 11:00:00,29.26,75.53,0.5,2.402,0.1,0.094,0.0,0.147,2.707,2.744
2025-05-30 12:00:00,33.29,71.52,1.1,4.061,0.123,0.086,0.0,0.226,1.68,4.496
2025-05-30 13:00:00,31.33,67.43,1.2,3.388,0.256,0.092,0.0,0.228,0.0,3.965
2025-05-30 14:00:00,33.7,70.76,1.1,4.185,0.1,0.112,0.0,0.158,0.0,4.555
2025-05-30 15:00:00,32.84,72.55,0.5,3.377,0.155,0.093,0.0,0.132,0.0,3.757
2025-05-30 16:00:00,34.89,62.96,1.4,4.5,0.227,0.095,0.0,0.171,0.0,4.993
2025-05-30 17:00:00,28.42,74.77,3.0,3.136,0.104,0.112,0.0,1.292,0.0,4.643
2025-05-30 18:00:00,31.49,81.62,2.6,3.912,0.124,0.09,0.0,1.174,0.0,5.302
2025-05-30 19:00:00,30.11,81.28,2.3,3.453,0.242,1.487,7.385,1.182,0.0,13.75
2025-05-30 20:00:00,25.64,77.52,3.2,2.065,0.1,1.238,7.746,1.232,0.0,12.382
2025-05-30 21:00:00,27.32,81.79,4.0,2.992,0.143,1.304,6.635,1.395,0.0,12.469
2025-05-30 22:00:00,25.1,80.22,2.6,1.546,0.222,0.088,7.801,1.224,0.0,10.881
2025-05-30 23:00:00,23.22,84.99,3.1,0.987,0.1,0.099,7.659,1.245,0.0,10.089
2025-05-31 00:00:00,21.67,92.9,2.2,0.393,0.17,0.113,0.0,0.196,0.0,0.872
2025-05-31 01:00:00,21.32,90.64,1.3,0.2,0.221,0.094,0.0,0.182,0.0,0.697
2025-05-31 02:00:00,25.31,88.6,1.6,1.626,0.1,0.095,0.0,0.304,0.0,2.125
2025-05-31 03:00:00,22.4,83.33,1.5,0.476,0.151,0.092,0.0,0.128,0.0,0.847
2025-05-31 04:00:00,24.08,88.95,2.2,1.184,0.247,0.093,0.0,0.228,0.0,1.751
2025-05-31 05:00:00,22.51,75.81,2.3,0.509,0.1,0.096,0.0,0.169,0.0,0.874
2025-05-31 06:00:00,23.56,81.74,3.4,1.063,0.165,2.088,0.0,0.616,0.0,3.932
2025-05-31 07:00:00,27.56,84.47,3.0,2.697,0.237,1.458,0.0,0.593,1.876,4.985
2025-05-31 08:00:00,25.21,83.7,3.1,1.661,0.1,1.89,0.0,0.642,3.324,4.292
2025-05-31 09:00:00,27.9,81.8,3.0,2.795,0.204,0.116,0.0,0.313,3.249,3.427
2025-05-31 10:00:00,29.78,78.47,1.4,3.055,0.221,0.097,0.0,0.251,3.112,3.624
2025-05-31 11:00:00,30.94,74.78,1.8,3.721,0.1,0.106,0.0,0.18,3.474,4.107
2025-05-31 12:00:00,31.29,77.49,2.0,3.555,0.16,0.103,0.0,0.198,0.847,4.016
2025-05-31 13:00:00,32.66,69.44,2.0,4.439,0.248,0.094,0.0,0.239,0.0,5.019
2025-05-31 14:00:00,33.27,69.78,1.8,4.336,0.106,0.085,0.0,0.207,0.0,4.735
2025-05-31 15:00:00,33.16,74.51,1.8,4.434,0.151,0.089,0.0,0.173,0.0,4.846
2025-05-31 16:00:00,30.08,75.67,1.8,3.334,0.235,0.082,0.0,0.236,0.0,3.887
2025-05-31 17:00:00,30.34,66.63,3.3,4.06,0.1,0.111,0.0,1.406,0.0,5.676
2025-05-31 18:00:00,31.53,79.28,3.9,4.5,0.147,0.101,0.0,1.471,0.0,6.22
2025-05-31 19:00:00,29.87,82.31,3.6,3.789,0.254,1.671,0.0,1.438,0.0,7.153
2025-05-31 20:00:00,25.17,79.61,3.3,1.735,0.1,1.374,0.0,1.315,0.0,4.524
2025-05-31 21:00:00,26.47,93.43,3.9,2.401,0.168,1.683,0.0,1.378,0.0,5.63
2025-05-31 22:00:00,21.77,79.59,3.6,0.461,0.251,0.092,0.0,1.269,0.0,2.073
2025-05-31 23:00:00,23.77,82.44,3.9,1.22,0.1,0.085,0.0,1.319,0.0,2.723
2025-06-01 00:00:00,25.88,83.22,2.1,1.643,0.113,0.101,6.712,0.204,0.0,8.774
2025-06-01 01:00:00,21.11,85.41,1.4,0.2,0.203,0.118,7.648,0.218,0.0,8.387
2025-06-01 02:00:00,21.11,84.36,1.8,0.2,0.1,0.097,6.525,0.247,0.0,7.169
2025-06-01 03:00:00,23.68,78.76,1.1,0.849,0.148,0.101,0.0,0.194,0.0,1.292
2025-06-01 04:00:00,20.72,82.46,2.4,0.2,0.19,0.098,0.0,0.186,0.0,0.674
2025-06-01 05:00:00,22.88,83.75,1.3,0.56,0.1,0.098,0.0,0.22,0.0,0.978
2025-06-01 06:00:00,25.76,89.14,3.1,1.91,0.153,1.594,0.0,0.588,0.0,4.245
2025-06-01 07:00:00,25.12,92.56,3.8,1.789,0.254,1.744,0.0,0.652,1.306,4.438
2025-06-01 08:00:00,27.01,86.68,3.2,2.506,0.1,1.798,0.0,0.687,3.391,5.091
2025-06-01 09:00:00,29.77,74.57,2.8,3.548,0.168,0.11,0.0,0.173,2.079,3.999
2025-06-01 10:00:00,30.5,73.52,2.1,3.571,0.245,0.086,0.0,0.174,4.407,4.076
2025-06-01 11:00:00,31.3,74.96,2.1,4.007,0.1,0.103,0.0,0.163,1.593,4.374
2025-06-01 12:00:00,31.18,83.73,1.5,3.526,0.148,0.106,0.0,0.205,1.325,3.985
2025-06-01 13:00:00,32.75,73.38,1.6,4.148,0.22,0.095,0.0,0.227,0.0,4.69
2025-06-01 14:00:00,32.18,67.36,1.6,3.734,0.1,0.102,0.0,0.229,0.0,4.166
2025-06-01 15:00:00,32.88,71.7,1.7,4.145,0.118,0.108,0.0,0.173,0.0,4.544
2025-06-01 16:00:00,30.95,78.59,1.0,3.194,0.258,0.099,0.0,0.173,0.0,3.724
2025-06-01 17:00:00,30.63,79.21,3.7,4.1,0.1,0.093,0.0,1.433,0.0,5.727
2025-06-01 18:00:00,28.38,76.0,4.0,3.252,0.153,0.113,0.0,1.413,0.0,4.932
2025-06-01 19:00:00,28.61,81.86,3.4,3.218,0.243,1.793,7.257,1.305,0.0,13.816
2025-06-01 20:00:00,26.15,68.63,3.6,2.162,0.1,1.33,7.269,1.339,0.0,12.2
2025-06-01 21:00:00,24.4,82.07,3.3,1.687,0.116,1.734,7.824,1.302,0.0,12.663
2025-06-01 22:00:00,25.25,87.3,4.0,1.956,0.23,0.102,7.593,1.442,0.0,11.322
2025-06-01 23:00:00,24.15,80.08,4.0,1.61,0.1,0.098,7.55,1.439,0.0,10.797
2025-06-02 00:00:00,24.34,81.01,1.5,1.289,0.185,0.116,7.716,0.186,0.0,9.492
2025-06-02 01:00:00,22.02,76.46,0.5,0.242,0.236,0.116,6.612,0.125,0.0,7.331
2025-06-02 02:00:00,23.1,93.95,1.2,0.699,0.1,0.091,7.526,0.139,0.0,8.555
2025-06-02 03:00:00,23.49,82.19,1.6,0.818,0.191,0.094,0.0,0.23,0.0,1.332
2025-06-02 04:00:00,23.83,86.4,1.2,0.919,0.253,0.114,0.0,0.203,0.0,1.489
2025-06-02 05:00:00,22.72,87.26,1.2,0.469,0.1,0.1,0.0,0.164,0.0,0.833
2025-06-02 06:00:00,25.22,90.56,2.3,1.545,0.126,1.647,0.0,0.582,0.0,3.901
2025-06-02 07:00:00,26.74,80.78,2.6,2.268,0.247,2.133,0.0,0.668,1.78,5.316
2025-06-02 08:00:00,27.5,77.3,3.0,2.672,0.1,1.596,0.0,0.636,2.311,5.004
2025-06-02 09:00:00,25.66,79.31,2.6,1.843,0.124,0.104,0.0,0.229,3.473,2.3
2025-06-02 10:00:00,30.23,83.42,0.5,2.773,0.248,0.097,0.0,0.241,2.742,3.36
2025-06-02 11:00:00,34.35,74.91,0.8,4.281,0.1,0.098,0.0,0.228,2.055,4.707
2025-06-02 12:00:00,31.28,70.03,1.5,3.494,0.14,0.084,0.0,0.162,1.772,3.881
2025-06-02 13:00:00,31.23,66.5,1.1,3.489,0.265,0.09,0.0,0.237,0.0,4.082
2025-06-02 14:00:00,33.05,67.89,1.0,3.72,0.1,0.087,0.0,0.173,0.0,4.079
2025-06-02 15:00:00,32.79,78.53,0.8,3.752,0.145,0.11,0.0,0.121,0.0,4.128
2025-06-02 16:00:00,33.61,73.2,1.5,4.361,0.236,0.108,0.0,0.259,0.0,4.965
2025-06-02 17:00:00,29.14,72.72,3.7,3.465,0.1,0.112,0.0,1.351,0.0,5.027
2025-06-02 18:00:00,31.09,73.42,3.5,4.274,0.176,0.108,0.0,1.335,0.0,5.893
2025-06-02 19:00:00,29.67,78.87,3.6,3.777,0.216,1.277,6.655,1.353,0.0,13.278
2025-06-02 20:00:00,27.28,78.8,2.9,2.603,0.1,1.787,6.825,1.359,0.0,12.673
2025-06-02 21:00:00,26.71,80.19,2.8,2.093,0.126,1.313,6.777,1.2,0.0,11.511
2025-06-02 22:00:00,26.54,89.75,2.9,2.296,0.274,0.094,7.899,1.24,0.0,11.802
2025-06-02 23:00:00,25.26,91.93,3.0,1.688,0.1,0.108,7.029,1.265,0.0,10.191
2025-06-03 00:00:00,21.57,77.15,1.6,0.31,0.135,0.086,0.0,0.224,0.0,0.754
2025-06-03 01:00:00,24.02,87.43,1.5,0.847,0.231,0.087,0.0,0.191,0.0,1.355
2025-06-03 02:00:00,22.52,82.12,1.2,0.747,0.1,0.115,0.0,0.153,0.0,1.116
2025-06-03 03:00:00,22.9,84.55,0.4,0.476,0.163,0.093,0.0,0.194,0.0,0.927
2025-06-03 04:00:00,23.4,86.74,0.3,0.847,0.225,0.107,0.0,0.228,0.0,1.406
2025-06-03 05:00:00,23.86,83.18,1.1,0.924,0.1,0.114,0.0,0.102,0.0,1.24
2025-06-03 06:00:00,26.9,84.15,2.9,2.278,0.121,2.141,0.0,0.594,0.0,5.134
2025-06-03 07:00:00,26.2,84.92,2.5,2.02,0.239,1.591,0.0,0.623,0.598,4.474
2025-06-03 08:00:00,25.94,81.47,3.3,2.162,0.1,1.529,0.0,0.6,3.738,4.391
2025-06-03 09:00:00,28.32,75.21,2.1,2.53,0.138,0.11,0.0,0.204,3.4,2.982
2025-06-03 10:00:00,30.38,73.85,0.5,2.901,0.249,0.088,0.0,0.229,4.6,3.467
2025-06-03 11:00:00,33.0,68.56,0.7,3.728,0.1,0.103,0.0,0.203,2.673,4.134
2025-06-03 12:00:00,32.85,70.53,0.7,3.734,0.128,0.101,0.0,0.198,1.239,4.161
2025-06-03 13:00:00,31.17,84.01,1.2,3.366,0.25,0.102,0.0,0.224,0.0,3.942
2025-06-03 14:00:00,36.34,70.04,0.8,4.5,0.11,0.106,0.0,0.191,0.0,4.908
2025-06-03 15:00:00,32.84,68.24,0.4,3.394,0.161,0.114,0.0,0.145,0.0,3.814
2025-06-03 16:00:00,33.86,76.4,1.4,4.401,0.228,0.091,0.0,0.239,0.0,4.959
2025-06-03 17:00:00,30.92,75.21,2.3,3.803,0.1,0.102,0.0,1.144,0.0,5.148
2025-06-03 18:00:00,30.92,76.02,2.6,3.914,0.188,0.093,0.0,1.203,0.0,5.399
2025-06-03 19:00:00,30.17,85.49,2.4,3.516,0.243,1.391,0.0,1.093,0.0,6.243
2025-06-03 20:00:00,29.44,82.75,3.1,3.552,0.1,1.212,0.0,1.269,0.0,6.134
2025-06-03 21:00:00,27.91,78.9,3.1,2.967,0.149,1.56,0.0,1.296,0.0,5.971
2025-06-03 22:00:00,26.42,80.88,3.8,2.189,0.241,0.119,0.0,1.404,0.0,3.953
2025-06-03 23:00:00,23.61,81.73,3.4,0.865,0.1,0.11,0.0,1.385,0.0,2.46
2025-06-04 00:00:00,22.55,89.57,1.6,0.709,0.18,0.09,7.752,0.175,0.0,8.906
2025-06-04 01:00:00,23.41,84.25,1.1,0.653,0.262,0.109,6.877,0.164,0.0,8.064
2025-06-04 02:00:00,24.14,77.03,0.6,0.85,0.1,0.092,6.844,0.141,0.0,8.028
2025-06-04 03:00:00,22.57,85.55,1.1,0.482,0.149,0.11,0.0,0.194,0.0,0.935
2025-06-04 04:00:00,25.01,77.51,1.2,1.164,0.245,0.114,0.0,0.264,0.0,1.788
2025-06-04 05:00:00,26.38,95.0,1.3,1.758,0.1,0.093,0.0,0.1,0.0,2.052
2025-06-04 06:00:00,23.86,78.17,2.3,0.985,0.17,1.442,0.0,0.56,0.0,3.157
2025-06-04 07:00:00,25.19,80.74,2.7,1.624,0.233,1.66,0.0,0.598,1.699,4.114
2025-06-04 08:00:00,27.53,81.29,2.1,2.439,0.1,1.588,0.0,0.464,2.479,4.591
2025-06-04 09:00:00,29.49,77.0,2.1,3.087,0.184,0.105,0.0,0.206,2.338,3.582
2025-06-04 10:00:00,29.45,75.55,0.6,2.524,0.248,0.092,0.0,0.149,2.401,3.012
2025-06-04 11:00:00,33.3,77.87,1.0,3.992,0.1,0.081,0.0,0.158,3.46,4.332
2025-06-04 12:00:00,32.7,82.43,0.5,3.642,0.14,0.101,0.0,0.111,1.655,3.993
2025-06-04 13:00:00,32.63,78.04,0.8,3.821,0.235,0.115,0.0,0.171,0.0,4.342
2025-06-04 14:00:00,30.58,81.39,1.4,3.21,0.1,0.098,0.0,0.133,0.0,3.54
2025-06-04 15:00:00,30.59,68.97,0.6,3.106,0.161,0.095,0.0,0.126,0.0,3.487
2025-06-04 16:00:00,32.49,76.39,0.8,3.69,0.194,0.087,0.0,0.164,0.0,4.135
2025-06-04 17:00:00,28.08,76.53,3.0,2.758,0.1,0.095,0.0,1.336,0.0,4.289
2025-06-04 18:00:00,31.76,78.76,3.1,4.286,0.165,0.093,0.0,1.316,0.0,5.86
2025-06-04 19:00:00,28.8,85.33,2.8,3.042,0.239,1.797,7.778,1.279,0.0,14.134
2025-06-04 20:00:00,32.6,78.9,3.3,4.5,0.1,1.218,6.935,1.428,0.0,14.182
2025-06-04 21:00:00,29.91,79.53,3.2,3.654,0.15,1.343,7.547,1.34,0.0,14.034
2025-06-04 22:00:00,24.97,85.67,3.5,1.497,0.201,0.083,6.879,1.301,0.0,9.96
2025-06-04 23:00:00,24.04,75.35,3.0,1.209,0.1,0.114,7.237,1.247,0.0,9.907
2025-06-05 00:00:00,25.02,84.01,0.8,1.062,0.147,0.097,0.0,0.131,0.0,1.436
2025-06-05 01:00:00,25.58,85.12,0.7,1.318,0.267,0.112,0.0,0.165,0.0,1.861
2025-06-05 02:00:00,20.4,81.4,1.1,0.2,0.1,0.108,0.0,0.163,0.0,0.571
2025-06-05 03:00:00,20.35,91.08,0.8,0.2,0.155,0.117,0.0,0.128,0.0,0.6
2025-06-05 04:00:00,22.59,79.88,0.8,0.601,0.245,0.081,0.0,0.219,0.0,1.146
2025-06-05 05:00:00,25.2,83.56,0.8,1.389,0.1,0.088,0.0,0.224,0.0,1.802
2025-06-05 06:00:00,26.1,84.47,2.2,1.788,0.141,1.945,0.0,0.587,0.0,4.462
2025-06-05 07:00:00,28.17,88.32,2.6,2.747,0.239,1.861,0.0,0.556,1.228,5.403
2025-06-05 08:00:00,26.06,79.95,1.9,1.835,0.1,1.94,0.0,0.561,3.272,4.436
2025-06-05 09:00:00,25.68,83.13,2.6,1.798,0.138,0.103,0.0,0.198,1.675,2.238
2025-06-05 10:00:00,31.64,80.5,1.3,3.522,0.231,0.103,0.0,0.252,4.304,4.108
2025-06-05 11:00:00,30.15,76.37,0.8,2.685,0.1,0.117,0.0,0.113,2.69,3.016
2025-06-05 12:00:00,29.16,69.36,1.8,2.776,0.196,0.117,0.0,0.236,1.692,3.325
2025-06-05 13:00:00,32.9,67.03,1.0,3.797,0.23,0.082,0.0,0.212,0.0,4.32
2025-06-05 14:00:00,34.05,74.53,0.4,3.55,0.1,0.097,0.0,0.206,0.0,3.952
2025-06-05 15:00:00,32.5,71.49,0.9,3.714,0.147,0.1,0.0,0.186,0.0,4.148
2025-06-05 16:00:00,31.5,79.4,1.0,3.255,0.267,0.094,0.0,0.164,0.0,3.78
2025-06-05 17:00:00,31.15,79.49,3.2,4.268,0.1,0.082,0.0,1.428,0.0,5.878
2025-06-05 18:00:00,29.8,76.08,2.9,3.595,0.189,0.099,0.0,1.22,0.0,5.103
2025-06-05 19:00:00,27.13,72.66,2.6,2.33,0.238,1.785,0.0,1.251,0.0,5.605
2025-06-05 20:00:00,26.79,82.55,2.6,2.343,0.1,1.243,0.0,1.211,0.0,4.897
2025-06-05 21:00:00,27.35,76.46,2.7,2.581,0.129,1.69,0.0,1.255,0.0,5.655
2025-06-05 22:00:00,25.84,79.21,2.8,1.889,0.23,0.088,0.0,1.261,0.0,3.467
2025-06-05 23:00:00,24.57,79.35,2.5,1.341,0.1,0.103,0.0,1.153,0.0,2.697
2025-06-06 00:00:00,22.15,84.5,0.7,0.466,0.159,0.095,7.637,0.104,0.0,8.462
2025-06-06 01:00:00,22.87,91.65,1.3,0.647,0.237,0.094,7.821,0.124,0.0,8.924
2025-06-06 02:00:00,19.71,85.97,1.7,0.459,0.1,0.115,7.114,0.177,0.0,7.966
2025-06-06 03:00:00,23.41,83.58,1.3,0.568,0.133,0.119,0.0,0.201,0.0,1.022
2025-06-06 04:00:00,25.79,77.57,1.5,1.656,0.254,0.095,0.0,0.161,0.0,2.167
2025-06-06 05:00:00,22.23,87.0,1.4,0.258,0.1,0.106,0.0,0.12,0.0,0.583
2025-06-06 06:00:00,24.6,79.1,2.8,1.432,0.145,1.841,0.0,0.673,0.0,4.09
2025-06-06 07:00:00,27.17,82.14,2.4,2.413,0.234,1.495,0.0,0.512,1.692,4.655
2025-06-06 08:00:00,29.85,78.23,2.6,3.603,0.1,1.47,0.0,0.628,2.599,5.802
2025-06-06 09:00:00,28.6,82.64,2.3,2.777,0.158,0.111,0.0,0.182,4.163,3.228
2025-06-06 10:00:00,29.44,76.21,0.9,2.633,0.233,0.096,0.0,0.238,3.624,3.2
2025-06-06 11:00:00,28.56,75.46,1.0,2.432,0.1,0.092,0.0,0.155,3.046,2.779
2025-06-06 12:00:00,32.46,77.23,1.3,3.73,0.19,0.119,0.0,0.101,1.06,4.14
2025-06-06 13:00:00,35.87,84.74,1.2,4.5,0.243,0.083,0.0,0.183,0.0,5.01
2025-06-06 14:00:00,33.39,78.44,0.9,3.949,0.1,0.091,0.0,0.136,0.0,4.276
2025-06-06 15:00:00,32.77,73.76,1.0,3.813,0.178,0.114,0.0,0.221,0.0,4.326
2025-06-06 16:00:00,32.79,74.82,1.2,3.943,0.246,0.097,0.0,0.202,0.0,4.488
2025-06-06 17:00:00,31.49,73.13,3.3,4.371,0.1,0.103,0.0,1.291,0.0,5.865
2025-06-06 18:00:00,29.25,72.25,2.4,3.059,0.117,0.082,0.0,1.133,0.0,4.391
2025-06-06 19:00:00,30.5,75.68,2.6,3.68,0.244,1.752,6.528,1.156,0.0,13.36
2025-06-06 20:00:00,28.31,76.14,3.4,3.019,0.1,1.282,6.874,1.322,0.0,12.597
2025-06-06 21:00:00,26.71,84.82,3.0,2.322,0.176,1.328,7.376,1.344,0.0,12.546
2025-06-06 22:00:00,24.01,77.64,2.8,1.301,0.227,0.086,7.183,1.246,0.0,10.042
2025-06-06 23:00:00,26.39,90.91,2.9,2.048,0.1,0.1,6.905,1.31,0.0,10.464
2025-06-07 00:00:00,24.75,88.96,1.7,1.165,0.127,0.113,0.0,0.127,0.0,1.531
2025-06-07 01:00:00,22.43,85.9,2.0,0.526,0.23,0.091,0.0,0.115,0.0,0.961
2025-06-07 02:00:00,24.59,86.0,1.4,1.133,0.1,0.086,0.0,0.143,0.0,1.462
2025-06-07 03:00:00,22.51,83.01,1.8,0.541,0.133,0.096,0.0,0.237,0.0,1.008
2025-06-07 04:00:00,22.58,86.55,1.9,0.602,0.236,0.119,0.0,0.193,0.0,1.149
2025-06-07 05:00:00,23.41,89.68,2.0,0.66,0.1,0.08,0.0,0.253,0.0,1.093
2025-06-07 06:00:00,22.93,79.48,3.4,0.884,0.203,1.803,0.0,0.734,0.0,3.624
2025-06-07 07:00:00,27.5,73.89,3.5,2.661,0.253,1.922,0.0,0.633,1.725,5.468
2025-06-07 08:00:00,25.34,83.52,3.1,1.773,0.1,2.021,0.0,0.687,2.234,4.581
2025-06-07 09:00:00,27.54,80.07,2.9,2.568,0.148,0.11,0.0,0.307,3.222,3.132
2025-06-07 10:00:00,27.47,71.4,2.8,2.514,0.239,0.083,0.0,0.285,2.811,3.121
2025-06-07 11:00:00,31.49,72.09,1.7,3.848,0.1,0.098,0.0,0.121,2.757,4.167
2025-06-07 12:00:00,32.19,70.51,1.7,3.977,0.202,0.083,0.0,0.109,1.898,4.372
2025-06-07 13:00:00,32.43,70.58,2.1,4.284,0.234,0.105,0.0,0.19,0.0,4.813
2025-06-07 14:00:00,31.52,72.38,2.4,4.039,0.1,0.083,0.0,0.203,0.0,4.425
2025-06-07 15:00:00,31.16,72.87,1.6,3.582,0.135,0.082,0.0,0.24,0.0,4.038
2025-06-07 16:00:00,33.11,71.55,1.4,4.146,0.243,0.092,0.0,0.144,0.0,4.625
2025-06-07 17:00:00,30.8,71.97,3.3,4.128,0.1,0.118,0.0,1.349,0.0,5.695
2025-06-07 18:00:00,31.06,75.86,4.0,4.5,0.172,0.108,0.0,1.386,0.0,6.166
2025-06-07 19:00:00,28.05,79.29,3.4,2.993,0.221,1.202,0.0,1.359,0.0,5.776
2025-06-07 20:00:00,28.36,78.42,3.8,3.46,0.1,1.371,0.0,1.383,0.0,6.314
2025-06-07 21:00:00,28.75,87.35,3.4,3.375,0.175,1.21,0.0,1.363,0.0,6.124
2025-06-07 22:00:00,26.47,85.54,3.2,2.156,0.279,0.092,0.0,1.297,0.0,3.824
2025-06-07 23:00:00,23.93,76.29,3.7,1.257,0.1,0.107,0.0,1.279,0.0,2.744
2025-06-08 00:00:00,24.25,87.81,1.4,1.145,0.174,0.11,7.492,0.218,0.0,9.14
2025-06-08 01:00:00,23.01,88.82,1.5,0.695,0.207,0.112,6.669,0.254,0.0,7.937
2025-06-08 02:00:00,23.21,83.83,2.6,0.929,0.1,0.116,6.72,0.186,0.0,8.052
2025-06-08 03:00:00,22.88,78.32,2.0,0.762,0.13,0.095,0.0,0.25,0.0,1.236
2025-06-08 04:00:00,23.62,85.24,2.2,0.837,0.245,0.115,0.0,0.185,0.0,1.381
2025-06-08 05:00:00,24.98,84.2,2.1,1.599,0.1,0.109,0.0,0.146,0.0,1.954
2025-06-08 06:00:00,24.21,77.39,3.3,1.288,0.155,1.827,0.0,0.63,0.0,3.9
2025-06-08 07:00:00,25.38,74.3,3.1,1.741,0.261,2.127,0.0,0.641,1.792,4.771
2025-06-08 08:00:00,26.11,79.56,3.4,2.103,0.1,2.122,0.0,0.606,2.015,4.931
2025-06-08 09:00:00,27.09,77.28,3.4,2.648,0.152,0.116,0.0,0.319,4.109,3.234
2025-06-08 10:00:00,28.87,74.91,1.6,2.697,0.21,0.088,0.0,0.121,3.084,3.116
2025-06-08 11:00:00,31.97,75.34,1.9,3.859,0.1,0.088,0.0,0.178,2.615,4.226
2025-06-08 12:00:00,31.19,69.29,1.5,3.46,0.172,0.116,0.0,0.149,1.49,3.897
2025-06-08 13:00:00,33.8,72.03,1.7,4.335,0.244,0.096,0.0,0.27,0.0,4.944
2025-06-08 14:00:00,33.25,76.67,1.7,4.203,0.1,0.112,0.0,0.125,0.0,4.539
2025-06-08 15:00:00,30.07,72.45,1.3,2.91,0.14,0.107,0.0,0.23,0.0,3.387
2025-06-08 16:00:00,33.51,66.44,0.9,3.928,0.209,0.11,0.0,0.186,0.0,4.432
2025-06-08 17:00:00,32.95,73.39,3.4,4.5,0.1,0.081,0.0,1.286,0.0,5.967
2025-06-08 18:00:00,29.21,71.65,4.0,3.732,0.165,0.097,0.0,1.422,0.0,5.417
2025-06-08 19:00:00,30.12,79.78,3.7,4.088,0.277,1.714,7.405,1.379,0.0,14.864
2025-06-08 20:00:00,26.91,81.59,4.0,2.752,0.1,1.494,6.683,1.469,0.0,12.499
2025-06-08 21:00:00,27.05,73.26,3.0,2.391,0.155,1.614,7.767,1.24,0.0,13.167
2025-06-08 22:00:00,23.8,86.8,3.4,1.186,0.259,0.11,6.688,1.375,0.0,9.618
2025-06-08 23:00:00,21.97,78.68,3.3,0.402,0.1,0.085,7.69,1.324,0.0,9.601
2025-06-09 00:00:00,23.4,92.99,0.9,0.55,0.138,0.086,7.478,0.2,0.0,8.452
2025-06-09 01:00:00,23.29,85.55,2.0,0.709,0.231,0.109,6.971,0.165,0.0,8.185
2025-06-09 02:00:00,22.71,79.77,1.2,0.547,0.1,0.082,6.952,0.173,0.0,7.854
2025-06-09 03:00:00,21.7,80.09,1.7,0.228,0.132,0.094,0.0,0.206,0.0,0.659
2025-06-09 04:00:00,23.38,86.94,0.9,0.806,0.266,0.117,0.0,0.181,0.0,1.37
2025-06-09 05:00:00,25.17,82.29,1.5,1.486,0.1,0.103,0.0,0.194,0.0,1.883
2025-06-09 06:00:00,25.74,82.52,3.3,1.812,0.149,2.096,0.0,0.771,0.0,4.827
2025-06-09 07:00:00,27.28,89.62,2.5,2.46,0.242,1.663,0.0,0.625,1.67,4.99
2025-06-09 08:00:00,27.3,76.5,2.3,2.386,0.1,1.898,0.0,0.619,2.361,5.004
2025-06-09 09:00:00,31.36,78.75,2.0,3.82,0.146,0.091,0.0,0.222,3.711,4.279
2025-06-09 10:00:00,29.04,84.1,0.9,2.654,0.221,0.084,0.0,0.203,3.14,3.163
2025-06-09 11:00:00,32.57,77.11,1.0,3.728,0.1,0.12,0.0,0.191,2.516,4.138
2025-06-09 12:00:00,34.41,66.77,1.8,4.5,0.139,0.087,0.0,0.295,1.769,5.021
2025-06-09 13:00:00,33.86,76.73,0.5,3.771,0.218,0.088,0.0,0.161,0.0,4.238
2025-06-09 14:00:00,33.0,68.18,1.0,3.782,0.1,0.114,0.0,0.222,0.0,4.218
2025-06-09 15:00:00,32.34,81.24,0.3,3.349,0.193,0.112,0.0,0.262,0.0,3.917
2025-06-09 16:00:00,34.19,70.69,0.8,4.116,0.22,0.119,0.0,0.208,0.0,4.662
2025-06-09 17:00:00,29.71,90.6,3.1,3.606,0.1,0.083,0.0,1.286,0.0,5.075
2025-06-09 18:00:00,29.35,84.34,3.2,3.661,0.145,0.084,0.0,1.276,0.0,5.166
2025-06-09 19:00:00,29.0,74.46,3.2,3.368,0.241,1.469,6.823,1.293,0.0,13.195
2025-06-09 20:00:00,30.16,80.1,3.2,3.802,0.1,1.555,7.339,1.325,0.0,14.121
2025-06-09 21:00:00,27.58,85.32,3.2,2.649,0.116,1.223,7.726,1.406,0.0,13.12
2025-06-09 22:00:00,24.35,86.92,3.0,1.194,0.219,0.086,6.908,1.313,0.0,9.72
2025-06-09 23:00:00,24.3,86.45,2.6,1.276,0.1,0.108,7.031,1.194,0.0,9.709
2025-06-10 00:00:00,23.16,91.46,0.3,0.734,0.152,0.107,0.0,0.143,0.0,1.136
2025-06-10 01:00:00,22.52,85.18,0.8,0.442,0.241,0.084,0.0,0.166,0.0,0.932
2025-06-10 02:00:00,24.88,84.17,0.9,1.28,0.1,0.117,0.0,0.111,0.0,1.609
2025-06-10 03:00:00,21.52,84.06,1.5,0.322,0.132,0.09,0.0,0.172,0.0,0.716
2025-06-10 04:00:00,26.49,89.49,1.0,1.899,0.258,0.115,0.0,0.154,0.0,2.426
2025-06-10 05:00:00,26.12,86.07,0.9,1.673,0.1,0.117,0.0,0.317,0.0,2.207
2025-06-10 06:00:00,27.55,84.46,2.7,2.58,0.155,1.793,0.0,0.659,0.0,5.186
2025-06-10 07:00:00,26.42,85.53,2.4,1.911,0.246,1.737,0.0,0.538,1.512,4.431
2025-06-10 08:00:00,28.18,69.74,2.8,2.801,0.1,1.64,0.0,0.547,3.718,5.089
2025-06-10 09:00:00,27.55,80.0,3.3,2.713,0.138,0.112,0.0,0.183,4.212,3.147
2025-06-10 10:00:00,30.12,78.09,1.9,3.188,0.25,0.088,0.0,0.277,3.491,3.803
2025-06-10 11:00:00,32.69,84.1,1.0,3.807,0.1,0.105,0.0,0.114,3.358,4.125
2025-06-10 12:00:00,34.68,67.16,1.1,4.5,0.163,0.103,0.0,0.265,2.102,5.03
2025-06-10 13:00:00,31.58,81.99,1.6,3.839,0.232,0.09,0.0,0.211,0.0,4.372
2025-06-10 14:00:00,32.86,74.38,0.9,3.814,0.11,0.119,0.0,0.166,0.0,4.209
2025-06-10 15:00:00,33.01,76.65,1.3,4.083,0.155,0.114,0.0,0.131,0.0,4.482
2025-06-10 16:00:00,30.65,83.18,0.5,2.849,0.265,0.081,0.0,0.23,0.0,3.424
2025-06-10 17:00:00,32.83,78.56,2.9,4.5,0.1,0.097,0.0,1.287,0.0,5.984
2025-06-10 18:00:00,29.82,79.0,3.5,3.598,0.171,0.094,0.0,1.399,0.0,5.262
2025-06-10 19:00:00,29.41,79.66,2.7,3.404,0.226,1.73,0.0,1.22,0.0,6.58
2025-06-10 20:00:00,27.73,77.58,2.9,2.768,0.1,1.359,0.0,1.305,0.0,5.532
2025-06-10 21:00:00,25.93,81.41,2.4,1.796,0.138,1.799,0.0,1.253,0.0,4.986
2025-06-10 22:00:00,25.9,79.42,3.8,2.133,0.275,0.088,0.0,1.438,0.0,3.934
2025-06-10 23:00:00,24.55,84.02,3.5,1.403,0.1,0.09,0.0,1.308,0.0,2.901
2025-06-11 00:00:00,23.62,73.52,1.1,0.744,0.128,0.107,7.145,0.208,0.0,8.332
2025-06-11 01:00:00,22.59,87.94,1.2,0.366,0.239,0.086,7.183,0.224,0.0,8.098
2025-06-11 02:00:00,23.99,85.39,1.2,1.059,0.1,0.116,7.14,0.269,0.0,8.683
2025-06-11 03:00:00,26.16,84.11,1.6,1.903,0.149,0.084,0.0,0.226,0.0,2.362
2025-06-11 04:00:00,24.39,86.29,0.8,0.846,0.22,0.119,0.0,0.229,0.0,1.414
2025-06-11 05:00:00,26.47,77.07,1.3,2.012,0.1,0.115,0.0,0.22,0.0,2.447
2025-06-11 06:00:00,23.93,92.65,2.9,1.178,0.175,2.045,0.0,0.567,0.0,3.964
2025-06-11 07:00:00,27.45,81.04,3.0,2.645,0.204,1.733,0.0,0.68,1.195,5.262
2025-06-11 08:00:00,26.86,79.27,1.6,1.888,0.1,1.81,0.0,0.534,3.026,4.332
2025-06-11 09:00:00,27.59,73.62,2.3,2.603,0.147,0.098,0.0,0.318,1.858,3.165
2025-06-11 10:00:00,29.9,77.12,0.6,2.734,0.226,0.119,0.0,0.1,3.821,3.179
2025-06-11 11:00:00,33.83,82.69,1.1,4.279,0.1,0.081,0.0,0.125,2.365,4.585
2025-06-11 12:00:00,34.27,79.98,0.2,3.944,0.187,0.095,0.0,0.192,1.515,4.419
2025-06-11 13:00:00,33.7,78.48,0.2,3.788,0.229,0.119,0.0,0.231,0.0,4.367
2025-06-11 14:00:00,31.21,76.73,1.9,3.596,0.1,0.095,0.0,0.2,0.0,3.99
2025-06-11 15:00:00,33.05,72.41,1.2,3.983,0.121,0.096,0.0,0.182,0.0,4.381
2025-06-11 16:00:00,33.29,67.55,1.0,3.922,0.246,0.105,0.0,0.192,0.0,4.465
2025-06-11 17:00:00,32.31,74.75,3.1,4.5,0.1,0.116,0.0,1.279,0.0,5.995
2025-06-11 18:00:00,28.25,75.82,3.1,2.993,0.16,0.092,0.0,1.339,0.0,4.583
2025-06-11 19:00:00,28.47,83.69,3.4,3.265,0.201,1.769,7.158,1.32,0.0,13.713
2025-06-11 20:00:00,28.41,81.55,2.7,3.043,0.1,1.37,7.346,1.275,0.0,13.133
2025-06-11 21:00:00,28.02,89.61,3.1,2.7,0.16,1.689,6.92,1.226,0.0,12.695
2025-06-11 22:00:00,22.72,88.99,3.1,0.839,0.224,0.091,6.485,1.38,0.0,9.019
2025-06-11 23:00:00,24.73,81.96,2.6,1.545,0.1,0.083,6.989,1.107,0.0,9.824
2025-06-12 00:00:00,24.49,76.22,1.5,1.163,0.187,0.112,0.0,0.142,0.0,1.604
2025-06-12 01:00:00,25.05,92.72,0.8,1.31,0.239,0.098,0.0,0.287,0.0,1.935
2025-06-12 02:00:00,24.65,92.8,1.4,1.225,0.1,0.096,0.0,0.197,0.0,1.618
2025-06-12 03:00:00,24.65,78.96,1.0,1.245,0.135,0.097,0.0,0.148,0.0,1.625
2025-06-12 04:00:00,23.08,92.74,1.7,0.689,0.21,0.104,0.0,0.136,0.0,1.139
2025-06-12 05:00:00,22.21,86.15,0.6,0.417,0.1,0.091,0.0,0.146,0.0,0.753
2025-06-12 06:00:00,25.52,83.8,2.1,1.664,0.12,1.611,0.0,0.58,0.0,3.975
2025-06-12 07:00:00,28.82,89.63,2.1,2.847,0.223,1.788,0.0,0.595,0.479,5.454
2025-06-12 08:00:00,30.7,86.72,2.6,3.775,0.1,1.466,0.0,0.62,2.542,5.961
2025-06-12 09:00:00,30.97,81.7,3.1,4.367,0.148,0.106,0.0,0.154,4.172,4.774
2025-06-12 10:00:00,31.75,79.37,1.6,3.682,0.243,0.113,0.0,0.206,3.289,4.244
2025-06-12 11:00:00,32.71,78.84,0.1,3.292,0.1,0.109,0.0,0.169,3.323,3.671
2025-06-12 12:00:00,32.1,72.8,1.1,3.556,0.126,0.099,0.0,0.2,1.673,3.981
2025-06-12 13:00:00,33.24,73.93,0.0,3.372,0.218,0.103,0.0,0.151,0.0,3.844
2025-06-12 14:00:00,36.11,69.49,1.3,4.5,0.1,0.081,0.0,0.128,0.0,4.809
2025-06-12 15:00:00,32.02,72.54,1.4,3.829,0.143,0.116,0.0,0.147,0.0,4.235
2025-06-12 16:00:00,35.36,72.97,1.0,4.5,0.251,0.102,0.0,0.24,0.0,5.094
2025-06-12 17:00:00,31.66,72.58,3.0,4.446,0.1,0.093,0.0,1.247,0.0,5.885
2025-06-12 18:00:00,33.1,77.68,3.0,4.5,0.154,0.092,0.0,1.249,0.0,5.994
2025-06-12 19:00:00,27.79,76.83,2.7,2.652,0.264,1.596,0.0,1.215,0.0,5.727
2025-06-12 20:00:00,29.49,82.51,3.2,3.354,0.1,1.551,0.0,1.247,0.0,6.252
2025-06-12 21:00:00,26.21,73.44,2.9,2.178,0.152,1.313,0.0,1.297,0.0,4.94
2025-06-12 22:00:00,23.99,82.43,3.4,1.276,0.224,0.096,0.0,1.276,0.0,2.873
2025-06-12 23:00:00,25.4,84.9,3.0,1.781,0.1,0.107,0.0,1.327,0.0,3.315
2025-06-13 00:00:00,25.89,83.64,0.7,1.457,0.174,0.092,7.431,0.102,0.0,9.256
2025-06-13 01:00:00,22.61,84.93,0.4,0.55,0.236,0.1,6.488,0.148,0.0,7.522
2025-06-13 02:00:00,21.46,78.07,0.3,0.2,0.1,0.09,7.614,0.175,0.0,8.179
2025-06-13 03:00:00,23.74,87.58,1.5,0.918,0.131,0.083,0.0,0.235,0.0,1.367
2025-06-13 04:00:00,24.24,88.43,0.8,0.897,0.285,0.096,0.0,0.163,0.0,1.441
2025-06-13 05:00:00,25.99,86.71,1.1,1.742,0.1,0.109,0.0,0.149,0.0,2.1
2025-06-13 06:00:00,27.63,88.19,3.2,2.811,0.136,1.594,0.0,0.728,0.0,5.269
2025-06-13 07:00:00,27.32,82.56,2.3,2.399,0.232,1.983,0.0,0.591,1.7,5.206
2025-06-13 08:00:00,31.49,82.39,2.2,3.661,0.1,1.922,0.0,0.571,2.384,6.255
2025-06-13 09:00:00,30.33,79.23,2.4,3.569,0.149,0.1,0.0,0.132,4.024,3.951
2025-06-13 10:00:00,30.68,80.44,1.0,3.099,0.226,0.119,0.0,0.19,2.31,3.634
2025-06-13 11:00:00,29.82,67.87,1.8,3.059,0.1,0.115,0.0,0.202,1.675,3.476
2025-06-13 12:00:00,32.64,70.34,1.6,4.13,0.134,0.103,0.0,0.131,1.191,4.497
2025-06-13 13:00:00,33.03,82.14,1.2,4.07,0.258,0.102,0.0,0.148,0.0,4.579
2025-06-13 14:00:00,35.14,61.7,1.6,4.5,0.1,0.091,0.0,0.202,0.0,4.893
2025-06-13 15:00:00,34.23,73.5,0.9,4.323,0.116,0.117,0.0,0.201,0.0,4.757
2025-06-13 16:00:00,31.26,80.67,1.1,3.255,0.215,0.116,0.0,0.133,0.0,3.719
2025-06-13 17:00:00,32.5,75.29,2.9,4.5,0.1,0.11,0.0,1.21,0.0,5.92
2025-06-13 18:00:00,32.21,74.97,2.5,4.316,0.135,0.085,0.0,1.203,0.0,5.739
2025-06-13 19:00:00,32.29,79.09,3.5,4.5,0.231,1.622,6.943,1.315,0.0,14.611
2025-06-13 20:00:00,30.04,78.23,3.2,3.822,0.1,1.352,6.615,1.304,0.0,13.193
2025-06-13 21:00:00,28.55,81.71,3.0,3.016,0.17,1.313,7.41,1.37,0.0,13.279
2025-06-13 22:00:00,26.29,79.58,3.0,2.279,0.246,0.11,7.844,1.278,0.0,11.757
2025-06-13 23:00:00,25.75,89.79,2.4,1.715,0.108,0.118,7.211,1.235,0.0,10.388
2025-06-14 00:00:00,26.34,92.31,1.4,2.024,0.142,0.084,0.0,0.13,0.0,2.381
2025-06-14 01:00:00,21.97,85.13,1.9,0.552,0.231,0.087,0.0,0.17,0.0,1.039
2025-06-14 02:00:00,23.27,79.07,1.6,0.778,0.1,0.089,0.0,0.158,0.0,1.125
2025-06-14 03:00:00,22.81,83.18,1.7,0.751,0.158,0.119,0.0,0.146,0.0,1.173
2025-06-14 04:00:00,25.03,84.28,1.8,1.387,0.218,0.108,0.0,0.114,0.0,1.827
2025-06-14 05:00:00,27.11,86.77,1.5,2.202,0.1,0.107,0.0,0.205,0.0,2.615
2025-06-14 06:00:00,25.4,77.96,2.9,1.753,0.158,1.804,0.0,0.652,0.0,4.367
2025-06-14 07:00:00,23.92,77.71,2.7,1.013,0.201,1.827,0.0,0.565,1.447,3.606
2025-06-14 08:00:00,28.18,82.55,3.2,2.633,0.1,1.649,0.0,0.622,3.487,5.004
2025-06-14 09:00:00,31.46,83.14,3.5,4.46,0.154,0.086,0.0,0.26,3.995,4.961
2025-06-14 10:00:00,32.1,73.89,1.1,3.669,0.266,0.111,0.0,0.185,3.038,4.231
2025-06-14 11:00:00,32.97,69.09,1.8,4.386,0.1,0.099,0.0,0.255,2.4,4.84
2025-06-14 12:00:00,32.71,91.22,1.9,4.222,0.139,0.09,0.0,0.264,1.292,4.715
2025-06-14 13:00:00,31.71,78.12,1.4,3.73,0.222,0.105,0.0,0.159,0.0,4.216
2025-06-14 14:00:00,34.57,72.66,2.4,4.5,0.1,0.088,0.0,0.218,0.0,4.906
2025-06-14 15:00:00,32.37,78.55,1.6,3.937,0.101,0.1,0.0,0.149,0.0,4.287
2025-06-14 16:00:00,36.4,74.18,1.8,4.5,0.22,0.088,0.0,0.278,0.0,5.086
2025-06-14 17:00:00,33.19,80.09,3.7,4.5,0.1,0.11,0.0,1.411,0.0,6.121
2025-06-14 18:00:00,30.42,77.8,3.1,3.864,0.156,0.093,0.0,1.344,0.0,5.457
2025-06-14 19:00:00,29.17,78.9,4.0,3.621,0.221,1.465,0.0,1.422,0.0,6.73
2025-06-14 20:00:00,28.66,79.43,3.4,3.379,0.1,1.653,0.0,1.398,0.0,6.53
2025-06-14 21:00:00,27.14,74.32,3.7,2.623,0.167,1.596,0.0,1.43,0.0,5.816
2025-06-14 22:00:00,27.97,92.69,4.0,3.175,0.238,0.096,0.0,1.504,0.0,5.013
2025-06-14 23:00:00,25.54,79.53,4.0,2.126,0.1,0.083,0.0,1.373,0.0,3.682
2025-06-15 00:00:00,23.46,78.4,1.4,0.68,0.157,0.117,7.627,0.195,0.0,8.776
2025-06-15 01:00:00,26.89,84.73,1.6,2.036,0.24,0.08,6.854,0.254,0.0,9.464
2025-06-15 02:00:00,23.96,81.19,2.4,1.077,0.1,0.109,7.009,0.174,0.0,8.469
2025-06-15 03:00:00,25.21,85.54,2.0,1.624,0.124,0.118,0.0,0.236,0.0,2.101
2025-06-15 04:00:00,23.64,88.63,2.1,1.037,0.216,0.092,0.0,0.241,0.0,1.586
2025-06-15 05:00:00,25.89,89.22,1.4,1.63,0.1,0.083,0.0,0.226,0.0,2.04
2025-06-15 06:00:00,26.85,87.07,3.1,2.307,0.161,1.62,0.0,0.669,0.0,4.757
2025-06-15 07:00:00,24.76,80.02,3.2,1.665,0.244,1.666,0.0,0.69,1.578,4.265
2025-06-15 08:00:00,31.91,80.25,3.0,4.402,0.1,1.765,0.0,0.658,2.955,6.925
2025-06-15 09:00:00,32.11,80.49,2.6,4.178,0.165,0.101,0.0,0.288,2.058,4.732
2025-06-15 10:00:00,30.79,68.21,1.6,3.244,0.229,0.109,0.0,0.162,4.518,3.744
2025-06-15 11:00:00,30.77,78.61,2.3,3.739,0.1,0.116,0.0,0.237,3.082,4.192
2025-06-15 12:00:00,33.74,67.52,1.8,4.414,0.135,0.099,0.0,0.266,1.351,4.913
2025-06-15 13:00:00,33.84,84.41,2.3,4.5,0.226,0.11,0.0,0.181,0.0,5.017
2025-06-15 14:00:00,34.42,71.98,1.9,4.5,0.1,0.085,0.0,0.172,0.0,4.857
2025-06-15 15:00:00,34.0,73.28,1.5,4.456,0.167,0.093,0.0,0.221,0.0,4.937
2025-06-15 16:00:00,33.97,70.96,2.3,4.5,0.236,0.085,0.0,0.288,0.0,5.109
2025-06-15 17:00:00,34.59,72.61,3.9,4.5,0.1,0.108,0.0,1.415,0.0,6.123
2025-06-15 18:00:00,32.24,88.37,4.0,4.5,0.142,0.116,0.0,1.445,0.0,6.203
2025-06-15 19:00:00,28.6,83.15,3.4,3.225,0.242,1.733,7.628,1.358,0.0,14.186
2025-06-15 20:00:00,30.93,72.25,4.0,4.372,0.1,1.396,6.695,1.416,0.0,13.979
2025-06-15 21:00:00,30.05,89.07,4.0,4.066,0.134,1.341,6.534,1.55,0.0,13.626
2025-06-15 22:00:00,31.11,88.97,3.9,4.482,0.239,0.091,7.76,1.38,0.0,13.953
2025-06-15 23:00:00,23.66,82.84,3.5,1.161,0.1,0.091,7.156,1.361,0.0,9.87
2025-06-16 00:00:00,25.0,86.73,1.0,1.442,0.197,0.083,7.879,0.185,0.0,9.786
2025-06-16 01:00:00,21.02,85.72,1.2,0.2,0.224,0.085,7.247,0.1,0.0,7.857
2025-06-16 02:00:00,24.8,95.0,1.1,1.191,0.1,0.089,7.214,0.141,0.0,8.735
2025-06-16 03:00:00,23.32,81.81,1.2,0.603,0.156,0.08,0.0,0.12,0.0,0.959
2025-06-16 04:00:00,27.52,85.93,1.4,2.192,0.217,0.082,0.0,0.228,0.0,2.719
2025-06-16 05:00:00,24.27,82.1,0.7,1.059,0.1,0.108,0.0,0.1,0.0,1.367
2025-06-16 06:00:00,23.94,75.83,2.0,1.025,0.121,1.886,0.0,0.61,0.0,3.642
2025-06-16 07:00:00,26.97,92.51,2.5,2.336,0.221,2.121,0.0,0.54,1.904,5.217
2025-06-16 08:00:00,26.01,74.09,2.4,1.882,0.1,1.729,0.0,0.638,2.821,4.349
2025-06-16 09:00:00,31.39,79.55,2.8,4.007,0.124,0.098,0.0,0.165,3.742,4.394
2025-06-16 10:00:00,28.37,68.3,0.6,2.272,0.232,0.083,0.0,0.188,3.511,2.774
2025-06-16 11:00:00,32.55,73.76,1.4,3.896,0.1,0.086,0.0,0.239,2.723,4.321
2025-06-16 12:00:00,30.18,76.91,1.5,3.178,0.16,0.108,0.0,0.225,2.045,3.67
2025-06-16 13:00:00,33.32,70.08,1.0,3.91,0.225,0.089,0.0,0.119,0.0,4.344
2025-06-16 14:00:00,36.43,76.93,1.0,4.5,0.1,0.111,0.0,0.237,0.0,4.948
2025-06-16 15:00:00,34.34,72.86,0.7,4.139,0.162,0.108,0.0,0.198,0.0,4.607
2025-06-16 16:00:00,32.0,80.6,0.8,3.42,0.244,0.11,0.0,0.1,0.0,3.874
2025-06-16 17:00:00,32.46,82.57,2.8,4.5,0.1,0.108,0.0,1.259,0.0,5.967
2025-06-16 18:00:00,31.5,74.07,3.6,4.5,0.159,0.108,0.0,1.514,0.0,6.281
2025-06-16 19:00:00,30.97,78.83,3.0,4.091,0.268,1.528,7.717,1.331,0.0,14.935
2025-06-16 20:00:00,26.92,80.92,2.5,2.254,0.1,1.607,6.732,1.17,0.0,11.863
2025-06-16 21:00:00,28.56,84.65,3.1,2.901,0.165,1.516,6.971,1.324,0.0,12.876
2025-06-16 22:00:00,22.41,83.07,3.3,0.513,0.214,0.088,7.464,1.313,0.0,9.593
2025-06-16 23:00:00,24.49,85.19,3.0,1.35,0.1,0.089,7.809,1.329,0.0,10.678
2025-06-17 00:00:00,23.99,83.98,1.6,1.009,0.136,0.096,0.0,0.157,0.0,1.398
2025-06-17 01:00:00,25.17,86.37,1.3,1.395,0.222,0.081,0.0,0.25,0.0,1.946
2025-06-17 02:00:00,24.09,92.49,0.6,1.005,0.1,0.116,0.0,0.213,0.0,1.434
2025-06-17 03:00:00,22.11,89.03,0.8,0.376,0.164,0.091,0.0,0.206,0.0,0.836
2025-06-17 04:00:00,23.24,88.7,1.1,0.847,0.223,0.082,0.0,0.286,0.0,1.438
2025-06-17 05:00:00,25.81,87.86,0.3,1.384,0.1,0.097,0.0,0.21,0.0,1.791
2025-06-17 06:00:00,26.43,82.23,2.6,2.148,0.136,2.027,0.0,0.662,0.0,4.973
2025-06-17 07:00:00,26.89,83.15,1.8,2.127,0.205,1.726,0.0,0.6,1.83,4.658
2025-06-17 08:00:00,28.33,74.57,2.9,2.973,0.1,1.629,0.0,0.668,2.932,5.37
2025-06-17 09:00:00,31.39,84.79,2.9,4.287,0.143,0.102,0.0,0.259,4.14,4.79
2025-06-17 10:00:00,30.78,63.09,1.2,3.311,0.218,0.103,0.0,0.152,2.777,3.784
2025-06-17 11:00:00,32.46,75.32,0.7,3.427,0.1,0.11,0.0,0.139,2.372,3.776
2025-06-17 12:00:00,36.64,80.51,1.1,4.5,0.132,0.112,0.0,0.204,1.36,4.947
2025-06-17 13:00:00,31.75,67.39,0.8,3.366,0.239,0.108,0.0,0.204,0.0,3.918
2025-06-17 14:00:00,31.27,76.0,0.6,3.345,0.1,0.08,0.0,0.169,0.0,3.694
2025-06-17 15:00:00,35.06,70.8,0.9,4.413,0.145,0.08,0.0,0.152,0.0,4.79
2025-06-17 16:00:00,32.36,72.96,1.3,3.694,0.222,0.119,0.0,0.182,0.0,4.217
2025-06-17 17:00:00,32.11,80.49,3.0,4.5,0.1,0.091,0.0,1.28,0.0,5.971
2025-06-17 18:00:00,30.38,77.99,3.6,4.087,0.159,0.091,0.0,1.387,0.0,5.724
2025-06-17 19:00:00,29.96,68.28,3.3,3.744,0.254,1.639,0.0,1.318,0.0,6.955
2025-06-17 20:00:00,31.45,75.12,3.3,4.336,0.101,1.549,0.0,1.38,0.0,7.366
2025-06-17 21:00:00,28.96,86.43,2.4,3.112,0.141,1.478,0.0,1.171,0.0,5.902
2025-06-17 22:00:00,27.84,85.24,2.9,2.661,0.241,0.085,0.0,1.23,0.0,4.216
2025-06-17 23:00:00,23.39,92.98,2.6,0.894,0.1,0.083,0.0,1.208,0.0,2.285
2025-06-18 00:00:00,23.07,93.61,0.9,0.609,0.163,0.108,7.26,0.123,0.0,8.263
2025-06-18 01:00:00,20.04,84.08,0.7,0.343,0.24,0.085,7.364,0.272,0.0,8.305
2025-06-18 02:00:00,22.92,95.0,0.8,0.633,0.1,0.097,6.587,0.208,0.0,7.626
2025-06-18 03:00:00,25.74,85.92,1.4,1.503,0.138,0.109,0.0,0.192,0.0,1.942
2025-06-18 04:00:00,25.58,80.38,1.2,1.413,0.23,0.117,0.0,0.257,0.0,2.017
2025-06-18 05:00:00,25.26,81.07,1.4,1.632,0.1,0.115,0.0,0.182,0.0,2.029
2025-06-18 06:00:00,26.6,71.72,1.9,2.113,0.131,2.062,0.0,0.547,0.0,4.853
2025-06-18 07:00:00,26.8,89.59,2.5,2.324,0.23,1.698,0.0,0.567,2.071,4.819
2025-06-18 08:00:00,29.44,87.97,2.9,3.387,0.1,2.108,0.0,0.584,1.691,6.178
2025-06-18 09:00:00,31.57,73.37,3.1,4.489,0.119,0.107,0.0,0.254,3.874,4.969
2025-06-18 10:00:00,29.21,75.86,0.4,2.319,0.216,0.115,0.0,0.215,4.07,2.864
2025-06-18 11:00:00,33.12,76.24,0.9,3.905,0.1,0.084,0.0,0.132,3.388,4.22
2025-06-18 12:00:00,34.86,70.0,1.4,4.5,0.181,0.082,0.0,0.18,2.082,4.943
2025-06-18 13:00:00,33.34,65.43,0.9,3.908,0.22,0.097,0.0,0.168,0.0,4.393
2025-06-18 14:00:00,35.18,72.95,0.6,4.422,0.1,0.113,0.0,0.208,0.0,4.843
2025-06-18 15:00:00,38.18,72.6,0.4,4.5,0.129,0.096,0.0,0.14,0.0,4.865
2025-06-18 16:00:00,33.3,72.86,0.6,3.722,0.221,0.115,0.0,0.206,0.0,4.265
2025-06-18 17:00:00,33.26,76.87,2.3,4.5,0.1,0.089,0.0,1.208,0.0,5.897
2025-06-18 18:00:00,30.52,84.15,3.0,3.677,0.163,0.082,0.0,1.251,0.0,5.173
2025-06-18 19:00:00,30.7,76.93,3.4,4.159,0.21,1.657,6.657,1.323,0.0,14.006
2025-06-18 20:00:00,29.82,80.85,2.5,3.294,0.1,1.576,7.165,1.203,0.0,13.338
2025-06-18 21:00:00,28.13,85.19,3.1,3.111,0.159,1.464,7.59,1.275,0.0,13.599
2025-06-18 22:00:00,25.1,85.77,3.3,1.694,0.235,0.114,7.23,1.289,0.0,10.563
2025-06-18 23:00:00,25.9,81.17,3.0,2.122,0.1,0.113,6.51,1.354,0.0,10.199
2025-06-19 00:00:00,27.07,85.68,0.4,1.609,0.212,0.093,0.0,0.1,0.0,2.014
2025-06-19 01:00:00,25.05,88.53,1.2,1.403,0.246,0.114,0.0,0.196,0.0,1.959
2025-06-19 02:00:00,25.65,80.36,1.0,1.592,0.1,0.094,0.0,0.248,0.0,2.033
2025-06-19 03:00:00,24.02,92.11,0.9,1.095,0.18,0.105,0.0,0.138,0.0,1.518
2025-06-19 04:00:00,26.0,92.35,0.8,1.412,0.24,0.088,0.0,0.175,0.0,1.914
2025-06-19 05:00:00,26.09,80.63,1.0,1.576,0.106,0.091,0.0,0.226,0.0,1.998
2025-06-19 06:00:00,25.28,83.97,2.7,1.742,0.14,1.762,0.0,0.464,0.0,4.109
2025-06-19 07:00:00,28.39,84.76,3.5,3.157,0.262,1.667,0.0,0.674,1.296,5.759
2025-06-19 08:00:00,27.72,77.27,2.5,2.629,0.1,1.533,0.0,0.525,3.259,4.787
2025-06-19 09:00:00,29.55,80.86,3.1,3.473,0.203,0.099,0.0,0.291,3.522,4.067
2025-06-19 10:00:00,31.99,77.82,1.1,3.76,0.231,0.1,0.0,0.145,2.48,4.236
2025-06-19 11:00:00,33.19,68.42,1.0,4.165,0.123,0.086,0.0,0.268,2.522,4.643
2025-06-19 12:00:00,31.75,77.1,1.1,3.499,0.159,0.087,0.0,0.134,2.109,3.879
2025-06-19 13:00:00,35.62,68.7,0.5,4.452,0.254,0.081,0.0,0.188,0.0,4.974
2025-06-19 14:00:00,35.06,78.7,1.1,4.5,0.1,0.081,0.0,0.14,0.0,4.821
2025-06-19 15:00:00,32.98,70.85,0.2,3.585,0.134,0.094,0.0,0.144,0.0,3.957
2025-06-19 16:00:00,31.23,74.0,0.7,3.229,0.256,0.086,0.0,0.169,0.0,3.74
2025-06-19 17:00:00,32.52,82.62,3.0,4.5,0.1,0.117,0.0,1.288,0.0,6.005
2025-06-19 18:00:00,31.04,79.48,3.5,4.215,0.153,0.088,0.0,1.439,0.0,5.895
2025-06-19 19:00:00,30.67,73.05,3.6,4.057,0.238,1.24,0.0,1.443,0.0,6.978
2025-06-19 20:00:00,28.66,74.93,2.9,3.35,0.1,1.443,0.0,1.227,0.0,6.119
2025-06-19 21:00:00,24.9,78.56,3.1,1.657,0.161,1.315,0.0,1.292,0.0,4.426
2025-06-19 22:00:00,26.12,84.97,3.4,2.105,0.225,0.082,0.0,1.285,0.0,3.698
2025-06-19 23:00:00,25.21,86.03,2.5,1.548,0.1,0.11,0.0,1.125,0.0,2.884
2025-06-20 00:00:00,25.9,80.98,1.2,1.691,0.103,0.102,6.874,0.152,0.0,8.922
2025-06-20 01:00:00,23.4,79.96,0.7,0.83,0.256,0.082,6.767,0.254,0.0,8.19
2025-06-20 02:00:00,26.8,87.41,0.9,1.929,0.1,0.099,7.172,0.1,0.0,9.4
2025-06-20 03:00:00,21.58,84.89,0.8,0.2,0.154,0.082,0.0,0.203,0.0,0.639
2025-06-20 04:00:00,26.91,95.0,1.2,1.978,0.204,0.094,0.0,0.208,0.0,2.485
2025-06-20 05:00:00,25.41,84.43,1.2,1.471,0.1,0.095,0.0,0.149,0.0,1.815
2025-06-20 06:00:00,28.07,92.07,2.9,2.733,0.135,2.033,0.0,0.661,0.0,5.561
2025-06-20 07:00:00,28.1,75.7,2.6,2.684,0.24,1.969,0.0,0.643,1.998,5.537
2025-06-20 08:00:00,30.99,72.13,2.6,3.915,0.1,2.086,0.0,0.604,3.493,6.705
2025-06-20 09:00:00,29.99,72.85,3.2,3.761,0.161,0.086,0.0,0.24,4.308,4.248
2025-06-20 10:00:00,30.13,82.95,0.4,2.761,0.258,0.101,0.0,0.149,3.56,3.27
2025-06-20 11:00:00,34.94,84.54,1.7,4.5,0.1,0.081,0.0,0.158,3.088,4.839
2025-06-20 12:00:00,33.44,70.89,0.9,4.094,0.153,0.113,0.0,0.185,1.762,4.546
2025-06-20 13:00:00,34.44,71.9,1.2,4.379,0.251,0.095,0.0,0.162,0.0,4.887
2025-06-20 14:00:00,36.13,68.16,0.9,4.5,0.1,0.083,0.0,0.184,0.0,4.867
2025-06-20 15:00:00,32.56,65.15,0.7,3.661,0.136,0.093,0.0,0.141,0.0,4.031
2025-06-20 16:00:00,34.5,78.4,1.2,4.426,0.246,0.091,0.0,0.153,0.0,4.916
2025-06-20 17:00:00,31.93,76.87,3.4,4.5,0.1,0.111,0.0,1.319,0.0,6.03
2025-06-20 18:00:00,31.58,77.05,3.2,4.351,0.148,0.085,0.0,1.374,0.0,5.958
2025-06-20 19:00:00,30.68,71.45,2.8,4.053,0.209,1.533,7.816,1.176,0.0,14.788
2025-06-20 20:00:00,27.03,88.2,4.0,2.711,0.1,1.676,6.623,1.529,0.0,12.639
2025-06-20 21:00:00,26.82,79.04,3.5,2.524,0.14,1.644,7.321,1.395,0.0,13.023
2025-06-20 22:00:00,28.8,85.67,3.4,3.265,0.217,0.117,7.398,1.262,0.0,12.259
2025-06-20 23:00:00,27.07,76.97,2.9,2.381,0.1,0.08,6.661,1.228,0.0,10.451
2025-06-21 00:00:00,24.92,84.24,1.5,1.224,0.17,0.094,0.0,0.115,0.0,1.604
2025-06-21 01:00:00,24.88,87.25,1.7,1.472,0.263,0.095,0.0,0.233,0.0,2.063
2025-06-21 02:00:00,23.91,87.64,2.2,1.163,0.1,0.081,0.0,0.281,0.0,1.625
2025-06-21 03:00:00,26.55,86.57,1.4,1.852,0.141,0.113,0.0,0.204,0.0,2.31
2025-06-21 04:00:00,24.72,87.67,1.4,1.165,0.253,0.108,0.0,0.252,0.0,1.777
2025-06-21 05:00:00,26.16,78.59,2.0,1.899,0.1,0.101,0.0,0.22,0.0,2.32
2025-06-21 06:00:00,28.57,83.99,3.4,3.158,0.152,1.732,0.0,0.723,0.0,5.765
2025-06-21 07:00:00,26.89,82.12,3.0,2.366,0.186,2.085,0.0,0.654,1.599,5.29
2025-06-21 08:00:00,31.69,81.16,2.9,4.151,0.1,1.63,0.0,0.63,3.438,6.511
2025-06-21 09:00:00,28.35,78.81,3.9,3.274,0.162,0.093,0.0,0.305,2.442,3.835
2025-06-21 10:00:00,34.29,70.63,1.9,4.5,0.236,0.118,0.0,0.2,4.051,5.055
2025-06-21 11:00:00,32.32,69.17,1.3,3.877,0.1,0.083,0.0,0.26,2.287,4.32
2025-06-21 12:00:00,33.31,63.73,1.3,4.096,0.162,0.111,0.0,0.173,1.531,4.542
2025-06-21 13:00:00,31.34,78.29,1.7,3.581,0.223,0.109,0.0,0.228,0.0,4.141
2025-06-21 14:00:00,33.66,78.14,2.1,4.5,0.1,0.116,0.0,0.177,0.0,4.894
2025-06-21 15:00:00,32.62,78.42,2.0,4.357,0.13,0.084,0.0,0.132,0.0,4.703
2025-06-21 16:00:00,32.77,76.34,2.3,4.497,0.266,0.119,0.0,0.235,0.0,5.117
2025-06-21 17:00:00,32.68,65.09,3.2,4.5,0.1,0.081,0.0,1.222,0.0,5.904
2025-06-21 18:00:00,33.28,71.87,3.9,4.5,0.134,0.094,0.0,1.53,0.0,6.257
2025-06-21 19:00:00,30.95,79.3,4.0,4.337,0.249,1.251,0.0,1.422,0.0,7.26
2025-06-21 20:00:00,29.81,80.68,4.0,3.892,0.1,1.231,0.0,1.436,0.0,6.658
2025-06-21 21:00:00,26.41,80.44,3.9,2.507,0.136,1.779,0.0,1.415,0.0,5.838
2025-06-21 22:00:00,25.53,84.84,4.0,2.057,0.239,0.109,0.0,1.447,0.0,3.852
2025-06-21 23:00:00,28.51,84.3,4.0,3.215,0.1,0.1,0.0,1.457,0.0,4.872
2025-06-22 00:00:00,23.98,85.8,2.2,1.152,0.169,0.084,7.456,0.175,0.0,9.036
2025-06-22 01:00:00,27.07,82.6,1.8,2.078,0.283,0.101,6.834,0.1,0.0,9.396
2025-06-22 02:00:00,24.05,90.91,1.5,0.992,0.1,0.093,6.505,0.14,0.0,7.829
2025-06-22 03:00:00,24.59,83.64,1.4,1.32,0.145,0.091,0.0,0.169,0.0,1.725
2025-06-22 04:00:00,26.69,78.54,1.9,2.117,0.248,0.105,0.0,0.22,0.0,2.689
2025-06-22 05:00:00,27.78,80.39,1.7,2.498,0.1,0.112,0.0,0.211,0.0,2.92
2025-06-22 06:00:00,26.75,81.26,2.6,2.232,0.138,1.759,0.0,0.645,0.0,4.775
2025-06-22 07:00:00,27.54,86.52,2.9,2.712,0.218,1.795,0.0,0.549,1.506,5.274
2025-06-22 08:00:00,29.33,79.79,3.2,3.383,0.1,1.909,0.0,0.609,3.325,6.001
2025-06-22 09:00:00,31.21,77.52,3.6,4.374,0.165,0.085,0.0,0.236,4.357,4.86
2025-06-22 10:00:00,33.25,70.76,1.8,4.32,0.204,0.113,0.0,0.28,1.637,4.917
2025-06-22 11:00:00,32.95,79.68,1.8,4.239,0.1,0.113,0.0,0.339,2.343,4.792
2025-06-22 12:00:00,34.67,71.54,1.4,4.5,0.156,0.102,0.0,0.125,1.432,4.882
2025-06-22 13:00:00,36.7,73.7,1.8,4.5,0.23,0.088,0.0,0.259,0.0,5.077
2025-06-22 14:00:00,34.98,81.4,2.3,4.5,0.106,0.1,0.0,0.224,0.0,4.931
2025-06-22 15:00:00,34.71,76.75,1.9,4.5,0.12,0.084,0.0,0.234,0.0,4.938
2025-06-22 16:00:00,31.46,66.66,1.2,3.323,0.281,0.111,0.0,0.12,0.0,3.835
2025-06-22 17:00:00,29.0,66.91,3.3,3.225,0.1,0.092,0.0,1.396,0.0,4.813
2025-06-22 18:00:00,32.5,76.68,4.0,4.5,0.168,0.092,0.0,1.329,0.0,6.09
2025-06-22 19:00:00,30.56,72.38,3.7,4.215,0.265,1.767,6.974,1.328,0.0,14.55
2025-06-22 20:00:00,28.64,83.24,3.8,3.322,0.1,1.453,7.297,1.39,0.0,13.562
2025-06-22 21:00:00,28.48,81.76,3.6,3.22,0.116,1.674,7.08,1.339,0.0,13.429
2025-06-22 22:00:00,26.82,83.83,4.0,2.631,0.247,0.105,6.902,1.441,0.0,11.327
2025-06-22 23:00:00,27.57,80.71,3.7,2.79,0.1,0.093,7.13,1.355,0.0,11.468
2025-06-23 00:00:00,25.27,93.9,0.9,1.311,0.139,0.085,6.899,0.16,0.0,8.594
2025-06-23 01:00:00,23.52,95.0,0.7,0.761,0.235,0.112,6.915,0.161,0.0,8.183
2025-06-23 02:00:00,25.96,84.61,1.4,1.601,0.1,0.111,7.359,0.18,0.0,9.351
2025-06-23 03:00:00,24.32,87.56,0.9,1.017,0.169,0.087,0.0,0.185,0.0,1.457
2025-06-23 04:00:00,25.93,85.68,1.2,1.675,0.232,0.09,0.0,0.232,0.0,2.229
2025-06-23 05:00:00,25.22,82.94,0.5,1.175,0.1,0.111,0.0,0.128,0.0,1.514
2025-06-23 06:00:00,26.0,78.84,3.2,2.332,0.15,2.148,0.0,0.723,0.0,5.353
2025-06-23 07:00:00,28.31,76.13,3.0,3.045,0.239,2.047,0.0,0.643,1.355,5.975
2025-06-23 08:00:00,29.49,74.32,1.7,2.871,0.1,1.933,0.0,0.602,2.41,5.505
2025-06-23 09:00:00,31.49,80.47,2.2,3.649,0.127,0.117,0.0,0.198,3.048,4.09
2025-06-23 10:00:00,31.57,74.4,1.2,3.42,0.234,0.091,0.0,0.142,3.842,3.888
2025-06-23 11:00:00,30.26,62.87,0.5,2.844,0.1,0.08,0.0,0.168,3.032,3.192
2025-06-23 12:00:00,33.16,77.03,0.9,3.936,0.178,0.093,0.0,0.307,1.182,4.514
2025-06-23 13:00:00,35.5,74.01,1.2,4.5,0.209,0.119,0.0,0.117,0.0,4.945
2025-06-23 14:00:00,34.03,80.73,0.9,4.095,0.11,0.115,0.0,0.212,0.0,4.532
2025-06-23 15:00:00,33.93,76.07,1.2,4.192,0.156,0.082,0.0,0.195,0.0,4.625
2025-06-23 16:00:00,35.28,67.41,0.7,4.393,0.238,0.1,0.0,0.192,0.0,4.923
2025-06-23 17:00:00,31.94,64.61,2.1,3.929,0.1,0.083,0.0,1.076,0.0,5.188
2025-06-23 18:00:00,29.66,73.4,3.4,3.619,0.163,0.112,0.0,1.366,0.0,5.26
2025-06-23 19:00:00,30.53,75.32,3.4,4.158,0.233,1.424,7.792,1.357,0.0,14.963
2025-06-23 20:00:00,28.75,84.72,4.0,3.394,0.1,1.747,7.857,1.366,0.0,14.464
2025-06-23 21:00:00,26.73,81.51,2.1,2.175,0.167,1.233,6.488,1.145,0.0,11.208
2025-06-23 22:00:00,26.71,88.67,3.3,2.467,0.25,0.109,7.722,1.316,0.0,11.865
2025-06-23 23:00:00,26.68,77.62,2.2,2.009,0.1,0.096,7.831,1.136,0.0,11.172
2025-06-24 00:00:00,25.19,90.02,1.7,1.388,0.161,0.091,0.0,0.199,0.0,1.839
2025-06-24 01:00:00,25.16,89.4,1.2,1.482,0.218,0.101,0.0,0.24,0.0,2.04
2025-06-24 02:00:00,27.25,75.91,0.6,1.821,0.1,0.099,0.0,0.191,0.0,2.212
2025-06-24 03:00:00,24.19,92.41,1.3,1.063,0.154,0.094,0.0,0.137,0.0,1.448
2025-06-24 04:00:00,25.62,85.66,0.8,1.649,0.241,0.106,0.0,0.198,0.0,2.194
2025-06-24 05:00:00,25.23,86.2,1.1,1.483,0.102,0.106,0.0,0.181,0.0,1.873
2025-06-24 06:00:00,25.76,78.68,2.6,1.859,0.148,1.496,0.0,0.576,0.0,4.078
2025-06-24 07:00:00,27.36,87.93,3.2,2.72,0.244,1.869,0.0,0.594,1.606,5.427
2025-06-24 08:00:00,28.82,74.07,3.2,3.242,0.1,1.952,0.0,0.698,2.461,5.992
2025-06-24 09:00:00,31.37,82.61,2.3,3.989,0.16,0.083,0.0,0.189,4.362,4.422
2025-06-24 10:00:00,35.56,81.1,1.4,4.5,0.253,0.106,0.0,0.238,4.413,5.098
2025-06-24 11:00:00,32.0,70.89,1.1,3.592,0.1,0.112,0.0,0.13,2.941,3.935
2025-06-24 12:00:00,33.24,84.72,0.4,3.442,0.13,0.113,0.0,0.263,1.987,3.948
2025-06-24 13:00:00,34.27,75.36,0.7,4.133,0.231,0.082,0.0,0.303,0.0,4.749
2025-06-24 14:00:00,35.13,77.27,1.9,4.5,0.1,0.108,0.0,0.235,0.0,4.943
2025-06-24 15:00:00,34.76,66.57,1.1,4.5,0.149,0.112,0.0,0.249,0.0,5.01
2025-06-24 16:00:00,35.79,85.39,1.4,4.5,0.223,0.096,0.0,0.169,0.0,4.989
2025-06-24 17:00:00,29.43,69.63,2.9,3.34,0.1,0.102,0.0,1.239,0.0,4.78
2025-06-24 18:00:00,28.45,82.12,2.8,2.918,0.145,0.091,0.0,1.305,0.0,4.458
2025-06-24 19:00:00,30.08,73.47,3.0,3.73,0.216,1.386,0.0,1.289,0.0,6.622
2025-06-24 20:00:00,31.18,76.91,2.9,4.03,0.1,1.501,0.0,1.194,0.0,6.825
2025-06-24 21:00:00,25.89,85.5,2.4,1.86,0.152,1.291,0.0,1.188,0.0,4.49
2025-06-24 22:00:00,22.52,88.14,2.6,0.724,0.254,0.095,0.0,1.155,0.0,2.227
2025-06-24 23:00:00,26.85,77.89,3.3,2.364,0.1,0.092,0.0,1.316,0.0,3.872
2025-06-25 00:00:00,25.62,90.65,0.8,1.415,0.159,0.09,6.75,0.228,0.0,8.642
2025-06-25 01:00:00,23.12,91.02,1.0,0.654,0.209,0.099,6.655,0.253,0.0,7.871
2025-06-25 02:00:00,23.11,81.31,1.1,1.004,0.1,0.114,6.98,0.197,0.0,8.394
2025-06-25 03:00:00,23.3,93.79,1.1,0.815,0.168,0.09,0.0,0.251,0.0,1.323
2025-06-25 04:00:00,25.42,77.91,1.5,1.623,0.236,0.106,0.0,0.171,0.0,2.137
2025-06-25 05:00:00,25.11,81.12,0.6,1.326,0.1,0.09,0.0,0.252,0.0,1.768
2025-06-25 06:00:00,27.83,85.4,2.7,2.779,0.17,1.542,0.0,0.582,0.0,5.073
2025-06-25 07:00:00,24.01,77.29,2.8,1.246,0.229,2.119,0.0,0.584,1.076,4.178
2025-06-25 08:00:00,28.3,81.32,2.9,2.969,0.1,1.896,0.0,0.609,3.136,5.574
2025-06-25 09:00:00,29.19,79.65,1.9,2.815,0.143,0.084,0.0,0.171,3.699,3.213
2025-06-25 10:00:00,31.7,76.06,1.1,3.528,0.24,0.105,0.0,0.209,4.621,4.082
2025-06-25 11:00:00,32.32,79.92,1.7,3.96,0.1,0.087,0.0,0.263,3.684,4.41
2025-06-25 12:00:00,35.12,73.66,1.0,4.5,0.176,0.116,0.0,0.18,1.459,4.971
2025-06-25 13:00:00,31.63,75.36,1.2,3.502,0.217,0.09,0.0,0.201,0.0,4.011
2025-06-25 14:00:00,34.66,79.73,1.3,4.5,0.1,0.112,0.0,0.12,0.0,4.833
2025-06-25 15:00:00,35.26,78.16,0.6,4.439,0.129,0.088,0.0,0.173,0.0,4.828
2025-06-25 16:00:00,36.7,78.73,1.7,4.5,0.245,0.102,0.0,0.291,0.0,5.138
2025-06-25 17:00:00,32.4,70.01,3.2,4.5,0.1,0.116,0.0,1.383,0.0,6.099
2025-06-25 18:00:00,32.58,79.62,3.2,4.5,0.165,0.092,0.0,1.259,0.0,6.015
2025-06-25 19:00:00,28.18,74.05,2.3,2.737,0.218,1.249,6.682,1.152,0.0,12.038
2025-06-25 20:00:00,26.0,73.59,3.3,2.067,0.1,1.532,6.63,1.501,0.0,11.83
2025-06-25 21:00:00,29.56,81.19,3.2,3.685,0.185,1.303,7.63,1.333,0.0,14.136
2025-06-25 22:00:00,27.08,78.48,3.6,2.655,0.261,0.109,7.44,1.46,0.0,11.925
2025-06-25 23:00:00,27.82,88.2,2.9,2.685,0.1,0.104,7.232,1.34,0.0,11.461
2025-06-26 00:00:00,23.25,89.27,0.6,0.781,0.124,0.094,0.0,0.112,0.0,1.111
2025-06-26 01:00:00,25.59,76.28,0.7,1.394,0.277,0.108,0.0,0.208,0.0,1.987
2025-06-26 02:00:00,27.44,81.86,0.8,1.97,0.1,0.09,0.0,0.183,0.0,2.343
2025-06-26 03:00:00,25.44,78.5,0.6,1.386,0.155,0.117,0.0,0.254,0.0,1.911
2025-06-26 04:00:00,25.73,82.88,1.5,1.785,0.255,0.094,0.0,0.294,0.0,2.428
2025-06-26 05:00:00,26.12,86.52,1.5,1.848,0.1,0.111,0.0,0.154,0.0,2.212
2025-06-26 06:00:00,24.78,81.79,2.4,1.501,0.137,1.626,0.0,0.766,0.0,4.03
2025-06-26 07:00:00,30.38,78.6,2.3,3.825,0.235,1.955,0.0,0.596,1.934,6.61
2025-06-26 08:00:00,28.72,86.5,1.8,2.665,0.1,1.463,0.0,0.574,3.471,4.801
2025-06-26 09:00:00,31.69,66.92,2.8,4.166,0.124,0.092,0.0,0.101,4.404,4.482
2025-06-26 10:00:00,29.8,83.18,1.7,3.091,0.243,0.084,0.0,0.25,4.247,3.668
2025-06-26 11:00:00,31.41,73.04,0.7,3.391,0.1,0.098,0.0,0.1,3.018,3.689
2025-06-26 12:00:00,36.12,74.41,1.0,4.5,0.183,0.097,0.0,0.171,1.025,4.952
2025-06-26 13:00:00,33.95,71.57,1.2,4.44,0.257,0.094,0.0,0.158,0.0,4.948
2025-06-26 14:00:00,36.82,81.71,1.7,4.5,0.1,0.119,0.0,0.224,0.0,4.943
2025-06-26 15:00:00,34.35,68.05,1.1,4.332,0.146,0.09,0.0,0.191,0.0,4.76
2025-06-26 16:00:00,31.21,74.86,1.1,3.338,0.257,0.112,0.0,0.212,0.0,3.918
2025-06-26 17:00:00,34.51,78.39,3.1,4.5,0.1,0.098,0.0,1.354,0.0,6.052
2025-06-26 18:00:00,31.26,68.94,2.4,3.856,0.123,0.093,0.0,1.139,0.0,5.211
2025-06-26 19:00:00,31.98,73.85,2.4,4.272,0.278,1.322,0.0,1.177,0.0,7.05
2025-06-26 20:00:00,29.68,79.26,2.7,3.55,0.1,1.58,0.0,1.186,0.0,6.416
2025-06-26 21:00:00,26.03,77.12,3.4,1.917,0.2,1.4,0.0,1.299,0.0,4.816
2025-06-26 22:00:00,27.39,78.92,2.9,2.575,0.245,0.113,0.0,1.355,0.0,4.288
2025-06-26 23:00:00,29.4,82.49,2.8,3.324,0.1,0.119,0.0,1.183,0.0,4.726
2025-06-27 00:00:00,26.1,88.44,0.8,1.606,0.103,0.089,6.599,0.132,0.0,8.529
2025-06-27 01:00:00,24.77,84.08,0.9,1.175,0.252,0.085,7.269,0.288,0.0,9.068
2025-06-27 02:00:00,26.3,91.39,1.7,1.73,0.1,0.093,7.557,0.194,0.0,9.673
2025-06-27 03:00:00,25.18,80.81,0.9,1.488,0.157,0.099,0.0,0.175,0.0,1.919
2025-06-27 04:00:00,25.67,78.94,0.7,1.559,0.275,0.092,0.0,0.191,0.0,2.117
2025-06-27 05:00:00,24.52,93.87,1.0,1.123,0.1,0.119,0.0,0.12,0.0,1.462
2025-06-27 06:00:00,27.54,79.71,3.2,2.662,0.165,2.001,0.0,0.61,0.0,5.438
2025-06-27 07:00:00,29.95,75.0,2.3,3.309,0.22,2.136,0.0,0.553,1.943,6.218
2025-06-27 08:00:00,28.44,71.29,2.0,2.456,0.1,1.709,0.0,0.614,1.816,4.879
2025-06-27 09:00:00,33.12,83.82,2.3,4.5,0.151,0.092,0.0,0.253,3.342,4.996
2025-06-27 10:00:00,32.05,75.29,1.1,3.661,0.236,0.096,0.0,0.15,2.892,4.143
2025-06-27 11:00:00,31.89,74.49,1.3,3.647,0.1,0.101,0.0,0.182,3.486,4.03
2025-06-27 12:00:00,35.52,74.01,1.4,4.5,0.163,0.11,0.0,0.231,1.965,5.003
2025-06-27 13:00:00,34.09,79.27,0.6,3.998,0.221,0.115,0.0,0.1,0.0,4.434
2025-06-27 14:00:00,35.83,73.1,0.6,4.453,0.1,0.099,0.0,0.184,0.0,4.835
2025-06-27 15:00:00,34.08,85.92,0.9,4.091,0.119,0.092,0.0,0.214,0.0,4.516
2025-06-27 16:00:00,33.93,75.47,1.3,4.295,0.242,0.093,0.0,0.142,0.0,4.773
2025-06-27 17:00:00,33.97,81.07,2.5,4.5,0.1,0.108,0.0,1.232,0.0,5.94
2025-06-27 18:00:00,32.63,81.03,2.8,4.5,0.12,0.103,0.0,1.242,0.0,5.965
2025-06-27 19:00:00,27.99,78.26,2.8,2.745,0.214,1.492,6.984,1.333,0.0,12.767
2025-06-27 20:00:00,28.01,77.07,3.4,2.851,0.1,1.322,7.888,1.314,0.0,13.475
2025-06-27 21:00:00,29.79,83.21,3.2,3.65,0.157,1.725,6.915,1.343,0.0,13.79
2025-06-27 22:00:00,26.99,85.55,3.4,2.724,0.258,0.111,7.311,1.264,0.0,11.669
2025-06-27 23:00:00,25.37,81.38,3.5,1.776,0.1,0.086,7.489,1.369,0.0,10.82
2025-06-28 00:00:00,23.37,86.03,1.7,0.918,0.156,0.095,0.0,0.241,0.0,1.409
2025-06-28 01:00:00,23.28,91.98,1.3,0.901,0.228,0.102,0.0,0.163,0.0,1.393
2025-06-28 02:00:00,21.7,95.0,1.3,0.2,0.1,0.098,0.0,0.246,0.0,0.644
2025-06-28 03:00:00,24.75,90.07,1.1,1.148,0.138,0.096,0.0,0.228,0.0,1.61
2025-06-28 04:00:00,24.51,94.51,1.6,1.277,0.205,0.109,0.0,0.206,0.0,1.796
2025-06-28 05:00:00,24.75,81.1,1.6,1.344,0.1,0.082,0.0,0.186,0.0,1.712
2025-06-28 06:00:00,27.13,86.51,3.6,2.717,0.176,1.779,0.0,0.535,0.0,5.208
2025-06-28 07:00:00,28.99,88.25,3.3,3.553,0.22,1.629,0.0,0.632,1.933,6.034
2025-06-28 08:00:00,32.87,75.52,3.1,4.5,0.103,1.501,0.0,0.703,2.837,6.807
2025-06-28 09:00:00,28.76,76.02,3.3,3.114,0.162,0.099,0.0,0.234,4.323,3.608
2025-06-28 10:00:00,33.97,85.69,1.4,4.394,0.245,0.087,0.0,0.214,3.553,4.94
2025-06-28 11:00:00,34.73,70.88,2.2,4.5,0.1,0.09,0.0,0.193,3.333,4.883
2025-06-28 12:00:00,32.9,68.1,1.5,4.2,0.17,0.1,0.0,0.123,1.357,4.594
2025-06-28 13:00:00,34.87,81.84,1.3,4.5,0.206,0.119,0.0,0.228,0.0,5.053
2025-06-28 14:00:00,34.05,79.98,2.1,4.5,0.1,0.107,0.0,0.152,0.0,4.86
2025-06-28 15:00:00,34.84,76.37,2.0,4.5,0.135,0.091,0.0,0.198,0.0,4.924
2025-06-28 16:00:00,36.33,74.58,1.1,4.5,0.21,0.095,0.0,0.202,0.0,5.007
2025-06-28 17:00:00,34.18,73.56,4.0,4.5,0.1,0.096,0.0,1.406,0.0,6.102
2025-06-28 18:00:00,33.0,78.41,3.5,4.5,0.157,0.086,0.0,1.439,0.0,6.182
2025-06-28 19:00:00,30.38,86.35,3.7,4.111,0.253,1.296,0.0,1.483,0.0,7.143
2025-06-28 20:00:00,27.51,81.19,3.9,2.827,0.1,1.289,0.0,1.379,0.0,5.595
2025-06-28 21:00:00,28.13,92.39,4.0,3.065,0.17,1.513,0.0,1.401,0.0,6.149
2025-06-28 22:00:00,29.04,78.51,4.0,3.64,0.238,0.107,0.0,1.415,0.0,5.4
2025-06-28 23:00:00,23.91,84.14,3.8,1.279,0.1,0.104,0.0,1.462,0.0,2.945
2025-06-29 00:00:00,23.86,83.33,1.6,0.759,0.137,0.119,7.118,0.223,0.0,8.356
2025-06-29 01:00:00,25.14,80.37,2.0,1.66,0.197,0.085,6.7,0.246,0.0,8.888
2025-06-29 02:00:00,23.3,85.23,1.8,0.854,0.1,0.119,6.549,0.268,0.0,7.891
2025-06-29 03:00:00,23.76,87.88,2.5,1.072,0.171,0.099,0.0,0.18,0.0,1.522
2025-06-29 04:00:00,24.81,87.82,2.0,1.35,0.295,0.089,0.0,0.236,0.0,1.97
2025-06-29 05:00:00,24.19,95.0,1.4,1.126,0.1,0.118,0.0,0.195,0.0,1.539
2025-06-29 06:00:00,25.81,85.32,3.1,2.022,0.137,1.777,0.0,0.67,0.0,4.606
2025-06-29 07:00:00,29.54,87.3,3.3,3.621,0.203,1.69,0.0,0.723,1.334,6.236
2025-06-29 08:00:00,27.81,80.33,3.8,3.108,0.1,1.594,0.0,0.698,2.536,5.5
2025-06-29 09:00:00,28.67,86.84,3.9,3.523,0.165,0.091,0.0,0.231,3.145,4.01
2025-06-29 10:00:00,31.33,88.99,1.6,3.805,0.268,0.119,0.0,0.147,3.497,4.339
2025-06-29 11:00:00,34.41,78.41,1.4,4.474,0.1,0.092,0.0,0.281,2.621,4.947
2025-06-29 12:00:00,33.81,69.84,1.4,4.27,0.164,0.119,0.0,0.189,1.305,4.742
2025-06-29 13:00:00,33.91,71.46,1.9,4.5,0.226,0.093,0.0,0.139,0.0,4.958
2025-06-29 14:00:00,34.84,75.41,2.7,4.5,0.1,0.089,0.0,0.301,0.0,4.99
2025-06-29 15:00:00,31.99,76.49,2.0,3.945,0.161,0.087,0.0,0.125,0.0,4.318
2025-06-29 16:00:00,34.85,78.3,1.2,4.5,0.205,0.096,0.0,0.107,0.0,4.909
2025-06-29 17:00:00,33.89,78.06,3.5,4.5,0.1,0.089,0.0,1.346,0.0,6.035
2025-06-29 18:00:00,31.66,77.03,3.6,4.5,0.111,0.108,0.0,1.341,0.0,6.06
2025-06-29 19:00:00,32.58,75.27,3.5,4.5,0.213,1.344,6.734,1.371,0.0,14.162
2025-06-29 20:00:00,28.08,82.01,3.6,3.114,0.1,1.701,7.466,1.287,0.0,13.668
2025-06-29 21:00:00,30.17,90.83,3.9,4.114,0.137,1.7,6.502,1.448,0.0,13.902
2025-06-29 22:00:00,27.51,88.1,4.0,2.917,0.231,0.091,7.389,1.504,0.0,12.133
2025-06-29 23:00:00,25.74,86.92,4.0,2.04,0.1,0.11,7.679,1.391,0.0,11.319
2025-06-30 00:00:00,25.45,90.34,1.2,1.379,0.152,0.114,7.404,0.167,0.0,9.217
2025-06-30 01:00:00,24.82,83.94,0.2,1.172,0.236,0.104,6.574,0.116,0.0,8.203
2025-06-30 02:00:00,26.64,83.46,0.6,1.634,0.1,0.095,7.907,0.183,0.0,9.919
2025-06-30 03:00:00,23.37,82.06,0.9,0.579,0.125,0.098,0.0,0.124,0.0,0.926
2025-06-30 04:00:00,24.34,84.57,1.1,1.08,0.238,0.111,0.0,0.122,0.0,1.552
2025-06-30 05:00:00,27.83,82.13,1.3,2.445,0.1,0.092,0.0,0.183,0.0,2.819
2025-06-30 06:00:00,26.42,89.04,2.5,1.811,0.147,1.681,0.0,0.618,0.0,4.257
2025-06-30 07:00:00,29.87,79.18,2.5,3.394,0.246,1.556,0.0,0.609,1.672,5.805
2025-06-30 08:00:00,32.36,75.99,2.6,4.488,0.1,1.727,0.0,0.586,3.279,6.901
2025-06-30 09:00:00,30.51,88.16,2.4,3.436,0.167,0.083,0.0,0.255,3.617,3.942
2025-06-30 10:00:00,33.34,74.74,1.0,3.969,0.242,0.093,0.0,0.193,2.743,4.497
2025-06-30 11:00:00,31.62,76.53,1.5,3.506,0.1,0.095,0.0,0.135,3.258,3.836
2025-06-30 12:00:00,35.28,77.06,1.0,4.476,0.16,0.09,0.0,0.1,1.138,4.826
2025-06-30 13:00:00,34.94,68.52,1.0,4.442,0.25,0.084,0.0,0.206,0.0,4.982
2025-06-30 14:00:00,35.52,80.18,1.0,4.5,0.1,0.101,0.0,0.167,0.0,4.868
2025-06-30 15:00:00,33.67,77.39,1.5,4.237,0.13,0.115,0.0,0.14,0.0,4.622
2025-06-30 16:00:00,31.65,82.6,0.6,3.226,0.213,0.093,0.0,0.248,0.0,3.78
2025-06-30 17:00:00,34.1,72.36,3.7,4.5,0.1,0.089,0.0,1.474,0.0,6.164
2025-06-30 18:00:00,29.22,77.5,2.5,3.25,0.181,0.091,0.0,1.268,0.0,4.791
2025-06-30 19:00:00,30.63,78.64,2.7,3.906,0.233,1.717,7.516,1.249,0.0,14.622
2025-06-30 20:00:00,31.23,81.32,3.3,4.359,0.1,1.517,7.9,1.169,0.0,15.045
2025-06-30 21:00:00,28.81,74.28,3.4,3.235,0.111,1.278,7.325,1.405,0.0,13.354
2025-06-30 22:00:00,30.24,83.55,2.4,3.563,0.24,0.108,7.466,1.144,0.0,12.522
2025-06-30 23:00:00,27.82,77.11,2.6,2.752,0.1,0.086,7.616,1.182,0.0,11.736
2025-07-01 00:00:00,24.54,86.99,1.1,1.238,0.1,0.082,0.0,0.228,0.0,1.649
2025-07-01 01:00:00,25.06,75.15,1.9,1.487,0.242,0.09,0.0,0.31,0.0,2.129
2025-07-01 02:00:00,24.78,76.74,1.5,1.347,0.1,0.087,0.0,0.272,0.0,1.806
2025-07-01 03:00:00,22.65,89.89,0.9,0.769,0.135,0.104,0.0,0.186,0.0,1.195
2025-07-01 04:00:00,24.11,82.46,0.0,0.958,0.256,0.099,0.0,0.188,0.0,1.502
2025-07-01 05:00:00,25.47,79.3,1.0,1.414,0.1,0.109,0.0,0.126,0.0,1.749
2025-07-01 06:00:00,24.29,89.35,2.6,1.281,0.141,1.808,0.0,0.53,0.0,3.761
2025-07-01 07:00:00,28.63,83.19,2.3,2.781,0.226,1.742,0.0,0.642,1.416,5.391
2025-07-01 08:00:00,29.47,84.36,2.2,3.376,0.1,1.819,0.0,0.589,1.999,5.884
2025-07-01 09:00:00,28.63,77.62,2.6,3.119,0.153,0.097,0.0,0.154,3.532,3.525
2025-07-01 10:00:00,32.95,90.4,0.6,3.668,0.213,0.081,0.0,0.166,3.27,4.129
2025-07-01 11:00:00,34.46,72.73,1.7,4.5,0.1,0.107,0.0,0.233,3.402,4.941
2025-07-01 12:00:00,34.52,83.53,1.6,4.5,0.127,0.118,0.0,0.244,1.915,4.989
2025-07-01 13:00:00,34.19,73.9,1.3,4.35,0.202,0.097,0.0,0.219,0.0,4.869
2025-07-01 14:00:00,35.74,65.73,1.0,4.5,0.1,0.097,0.0,0.163,0.0,4.86
2025-07-01 15:00:00,35.7,76.62,0.7,4.5,0.141,0.082,0.0,0.13,0.0,4.853
2025-07-01 16:00:00,34.64,76.38,1.0,4.471,0.238,0.116,0.0,0.186,0.0,5.01
2025-07-01 17:00:00,32.15,70.5,3.7,4.5,0.1,0.117,0.0,1.425,0.0,6.142
2025-07-01 18:00:00,32.76,72.39,3.3,4.5,0.136,0.113,0.0,1.381,0.0,6.129
2025-07-01 19:00:00,32.94,78.32,3.1,4.5,0.239,1.264,0.0,1.372,0.0,7.375
2025-07-01 20:00:00,28.95,81.75,3.4,3.522,0.1,1.74,0.0,1.341,0.0,6.703
2025-07-01 21:00:00,31.7,69.2,3.2,4.5,0.183,1.214,0.0,1.259,0.0,7.157
2025-07-01 22:00:00,26.56,88.27,3.2,2.516,0.226,0.098,0.0,1.36,0.0,4.2
2025-07-01 23:00:00,26.36,81.77,3.4,2.323,0.1,0.1,0.0,1.347,0.0,3.87
2025-07-02 00:00:00,24.54,78.54,1.2,1.221,0.161,0.113,7.414,0.122,0.0,9.032
2025-07-02 01:00:00,25.38,90.5,1.3,1.384,0.241,0.11,6.945,0.221,0.0,8.901
2025-07-02 02:00:00,22.27,85.88,1.1,0.353,0.1,0.112,6.992,0.253,0.0,7.809
2025-07-02 03:00:00,24.23,91.88,0.9,0.828,0.182,0.115,0.0,0.196,0.0,1.32
2025-07-02 04:00:00,23.91,87.39,0.8,0.878,0.203,0.099,0.0,0.245,0.0,1.425
2025-07-02 05:00:00,26.55,84.24,0.7,1.518,0.1,0.111,0.0,0.148,0.0,1.877
2025-07-02 06:00:00,28.87,82.24,1.9,2.926,0.117,1.489,0.0,0.512,0.0,5.044
2025-07-02 07:00:00,29.55,83.97,2.1,3.201,0.261,1.76,0.0,0.614,1.406,5.835
2025-07-02 08:00:00,26.32,77.93,2.1,1.762,0.1,1.462,0.0,0.552,3.336,3.876
2025-07-02 09:00:00,34.24,74.18,2.3,4.5,0.123,0.117,0.0,0.279,2.024,5.018
2025-07-02 10:00:00,32.82,80.05,1.6,4.314,0.234,0.118,0.0,0.207,3.61,4.874
2025-07-02 11:00:00,32.25,75.03,0.9,3.58,0.1,0.083,0.0,0.239,3.252,4.003
2025-07-02 12:00:00,34.45,74.97,1.1,4.284,0.106,0.101,0.0,0.214,1.299,4.706
2025-07-02 13:00:00,34.97,79.65,1.1,4.385,0.24,0.093,0.0,0.138,0.0,4.857
2025-07-02 14:00:00,33.88,73.43,1.6,4.315,0.1,0.094,0.0,0.1,0.0,4.609
2025-07-02 15:00:00,35.01,74.28,0.8,4.428,0.164,0.098,0.0,0.212,0.0,4.902
2025-07-02 16:00:00,33.3,71.81,0.9,3.871,0.214,0.085,0.0,0.206,0.0,4.375
2025-07-02 17:00:00,32.81,77.91,3.0,4.5,0.1,0.087,0.0,1.222,0.0,5.91
2025-07-02 18:00:00,31.35,78.75,3.5,4.357,0.176,0.103,0.0,1.393,0.0,6.028
2025-07-02 19:00:00,29.02,82.95,3.5,3.425,0.256,1.211,7.133,1.436,0.0,13.461
2025-07-02 20:00:00,30.1,77.1,3.2,3.644,0.1,1.56,6.687,1.275,0.0,13.265
2025-07-02 21:00:00,29.46,79.26,3.5,3.643,0.148,1.391,7.813,1.262,0.0,14.258
2025-07-02 22:00:00,28.15,86.96,3.1,2.783,0.207,0.113,7.56,1.34,0.0,12.002
2025-07-02 23:00:00,27.57,85.5,2.9,2.574,0.1,0.104,6.882,1.333,0.0,10.992
2025-07-03 00:00:00,26.06,80.67,1.5,1.832,0.145,0.108,0.0,0.157,0.0,2.243
2025-07-03 01:00:00,24.28,92.33,1.2,1.12,0.231,0.085,0.0,0.225,0.0,1.66
2025-07-03 02:00:00,26.17,77.51,0.7,1.668,0.1,0.091,0.0,0.188,0.0,2.047
2025-07-03 03:00:00,23.04,89.72,1.4,0.906,0.159,0.12,0.0,0.186,0.0,1.371
2025-07-03 04:00:00,24.23,78.87,0.9,1.021,0.213,0.097,0.0,0.207,0.0,1.538
2025-07-03 05:00:00,24.92,93.67,0.9,1.244,0.1,0.094,0.0,0.151,0.0,1.589
2025-07-03 06:00:00,29.03,75.28,2.9,3.184,0.153,2.069,0.0,0.574,0.0,5.98
2025-07-03 07:00:00,30.03,87.31,2.5,3.417,0.256,1.464,0.0,0.617,1.276,5.755
2025-07-03 08:00:00,30.64,79.59,2.7,3.672,0.1,1.825,0.0,0.626,3.058,6.223
2025-07-03 09:00:00,32.81,76.61,2.8,4.5,0.192,0.088,0.0,0.106,2.552,4.886
2025-07-03 10:00:00,31.09,77.93,0.7,3.151,0.24,0.095,0.0,0.112,1.77,3.598
2025-07-03 11:00:00,33.97,78.92,1.2,4.3,0.1,0.088,0.0,0.151,2.705,4.639
2025-07-03 12:00:00,34.05,70.28,1.5,4.5,0.143,0.082,0.0,0.222,1.748,4.947
2025-07-03 13:00:00,36.01,70.13,0.6,4.5,0.267,0.097,0.0,0.1,0.0,4.963
2025-07-03 14:00:00,34.73,77.25,1.2,4.5,0.1,0.112,0.0,0.169,0.0,4.881
2025-07-03 15:00:00,34.16,65.67,0.7,4.013,0.132,0.118,0.0,0.267,0.0,4.53
2025-07-03 16:00:00,35.05,71.88,1.4,4.5,0.241,0.105,0.0,0.196,0.0,5.042
2025-07-03 17:00:00,34.76,90.96,3.4,4.5,0.1,0.096,0.0,1.351,0.0,6.047
2025-07-03 18:00:00,31.4,72.16,2.9,4.308,0.169,0.111,0.0,1.254,0.0,5.843
2025-07-03 19:00:00,31.11,84.19,3.9,4.41,0.21,1.503,0.0,1.471,0.0,7.593
2025-07-03 20:00:00,28.32,77.07,3.4,3.015,0.1,1.421,0.0,1.353,0.0,5.889
2025-07-03 21:00:00,24.87,84.1,3.3,1.574,0.146,1.307,0.0,1.314,0.0,4.342
2025-07-03 22:00:00,27.71,86.27,3.3,2.769,0.215,0.112,0.0,1.329,0.0,4.425
2025-07-03 23:00:00,27.28,89.89,3.4,2.819,0.1,0.1,0.0,1.409,0.0,4.429
2025-07-04 00:00:00,25.99,84.19,0.6,1.492,0.148,0.119,7.444,0.188,0.0,9.391
2025-07-04 01:00:00,22.18,95.0,1.1,0.646,0.234,0.112,7.7,0.185,0.0,8.877
2025-07-04 02:00:00,24.4,83.05,1.2,1.124,0.1,0.097,7.31,0.243,0.0,8.875
2025-07-04 03:00:00,21.77,86.97,0.8,0.45,0.143,0.11,0.0,0.149,0.0,0.851
2025-07-04 04:00:00,27.66,86.42,1.2,2.284,0.216,0.098,0.0,0.1,0.0,2.699
2025-07-04 05:00:00,24.77,78.63,1.5,1.327,0.1,0.083,0.0,0.217,0.0,1.727
2025-07-04 06:00:00,29.31,81.57,2.3,3.3,0.171,1.812,0.0,0.608,0.0,5.891
2025-07-04 07:00:00,30.06,82.36,2.5,3.59,0.27,2.063,0.0,0.567,1.873,6.491
2025-07-04 08:00:00,28.58,77.84,2.2,2.877,0.1,2.056,0.0,0.56,2.519,5.593
2025-07-04 09:00:00,29.53,90.65,1.8,3.258,0.143,0.103,0.0,0.266,3.805,3.771
2025-07-04 10:00:00,32.96,72.81,1.3,3.957,0.227,0.095,0.0,0.212,2.474,4.491
2025-07-04 11:00:00,32.2,81.65,1.0,3.502,0.1,0.08,0.0,0.253,2.79,3.936
2025-07-04 12:00:00,34.41,79.09,1.0,4.263,0.154,0.092,0.0,0.194,1.614,4.703
2025-07-04 13:00:00,34.04,74.14,0.6,4.157,0.233,0.12,0.0,0.16,0.0,4.67
2025-07-04 14:00:00,32.26,69.67,0.9,3.735,0.1,0.109,0.0,0.213,0.0,4.158
2025-07-04 15:00:00,31.41,70.36,1.4,3.493,0.173,0.109,0.0,0.212,0.0,3.987
2025-07-04 16:00:00,34.6,72.21,1.0,4.144,0.228,0.11,0.0,0.202,0.0,4.685
2025-07-04 17:00:00,32.62,66.83,3.0,4.5,0.1,0.105,0.0,1.27,0.0,5.975
2025-07-04 18:00:00,31.6,71.98,3.1,4.24,0.154,0.103,0.0,1.265,0.0,5.761
2025-07-04 19:00:00,32.27,71.03,2.5,4.292,0.229,1.472,7.532,1.174,0.0,14.7
2025-07-04 20:00:00,31.69,86.73,3.2,4.347,0.1,1.466,7.505,1.346,0.0,14.765
2025-07-04 21:00:00,28.23,84.65,2.5,2.621,0.147,1.723,6.761,1.232,0.0,12.484
2025-07-04 22:00:00,26.92,86.93,2.6,2.498,0.247,0.096,7.484,1.088,0.0,11.413
2025-07-04 23:00:00,27.15,87.19,2.6,2.318,0.1,0.114,7.317,1.176,0.0,11.025
2025-07-05 00:00:00,23.59,86.03,1.7,1.053,0.167,0.114,0.0,0.122,0.0,1.456
2025-07-05 01:00:00,25.46,93.1,1.7,1.536,0.228,0.111,0.0,0.175,0.0,2.05
2025-07-05 02:00:00,25.78,82.95,1.8,1.586,0.1,0.082,0.0,0.174,0.0,1.942
2025-07-05 03:00:00,26.14,86.33,1.4,1.801,0.124,0.086,0.0,0.201,0.0,2.212
2025-07-05 04:00:00,22.72,88.93,2.2,0.6,0.248,0.093,0.0,0.225,0.0,1.166
2025-07-05 05:00:00,25.27,77.64,2.1,1.559,0.1,0.114,0.0,0.321,0.0,2.093
2025-07-05 06:00:00,26.13,95.0,3.2,2.148,0.182,2.069,0.0,0.677,0.0,5.076
2025-07-05 07:00:00,28.81,81.7,3.1,3.124,0.251,1.47,0.0,0.681,1.014,5.525
2025-07-05 08:00:00,30.67,80.71,3.1,3.793,0.1,1.674,0.0,0.574,3.029,6.141
2025-07-05 09:00:00,33.49,84.73,3.2,4.5,0.175,0.114,0.0,0.229,3.157,5.017
2025-07-05 10:00:00,31.71,81.57,1.2,3.652,0.245,0.09,0.0,0.133,3.019,4.12
2025-07-05 11:00:00,32.74,75.95,1.4,3.895,0.1,0.119,0.0,0.222,2.246,4.337
2025-07-05 12:00:00,36.01,75.45,2.1,4.5,0.133,0.1,0.0,0.217,0.84,4.949
2025-07-05 13:00:00,35.23,66.68,1.9,4.5,0.246,0.117,0.0,0.191,0.0,5.054
2025-07-05 14:00:00,36.85,71.22,2.5,4.5,0.1,0.097,0.0,0.271,0.0,4.969
2025-07-05 15:00:00,35.21,76.79,1.7,4.5,0.119,0.093,0.0,0.187,0.0,4.899
2025-07-05 16:00:00,32.55,77.02,1.7,4.041,0.267,0.094,0.0,0.266,0.0,4.669
2025-07-05 17:00:00,31.49,81.86,3.6,4.47,0.1,0.115,0.0,1.448,0.0,6.133
2025-07-05 18:00:00,30.12,76.4,3.7,3.863,0.124,0.093,0.0,1.356,0.0,5.436
2025-07-05 19:00:00,32.24,71.51,3.5,4.5,0.18,1.602,0.0,1.421,0.0,7.703
2025-07-05 20:00:00,31.73,85.28,3.9,4.5,0.1,1.482,0.0,1.431,0.0,7.513
2025-07-05 21:00:00,31.43,88.73,3.8,4.5,0.117,1.765,0.0,1.39,0.0,7.772
2025-07-05 22:00:00,28.72,87.49,3.6,3.406,0.226,0.086,0.0,1.395,0.0,5.114
2025-07-05 23:00:00,28.16,83.42,4.0,3.17,0.1,0.097,0.0,1.361,0.0,4.728
2025-07-06 00:00:00,24.77,90.42,2.6,1.569,0.154,0.085,6.556,0.2,0.0,8.564
2025-07-06 01:00:00,23.4,95.0,2.3,0.933,0.224,0.103,7.274,0.239,0.0,8.773
2025-07-06 02:00:00,26.24,86.58,2.0,1.921,0.1,0.096,7.5,0.196,0.0,9.813
2025-07-06 03:00:00,25.76,79.24,2.1,1.421,0.148,0.082,0.0,0.267,0.0,1.919
2025-07-06 04:00:00,25.8,82.26,2.5,1.774,0.254,0.114,0.0,0.206,0.0,2.349
2025-07-06 05:00:00,27.01,87.37,2.1,2.063,0.1,0.095,0.0,0.219,0.0,2.477
2025-07-06 06:00:00,27.95,74.98,3.1,2.905,0.186,1.795,0.0,0.639,0.0,5.525
2025-07-06 07:00:00,30.6,82.4,3.5,4.091,0.224,1.733,0.0,0.6,1.816,6.648
2025-07-06 08:00:00,31.91,81.9,3.6,4.5,0.1,1.792,0.0,0.704,3.461,7.095
2025-07-06 09:00:00,32.08,86.12,2.9,4.483,0.156,0.081,0.0,0.253,3.108,4.972
2025-07-06 10:00:00,33.74,83.55,1.7,4.326,0.241,0.113,0.0,0.104,3.772,4.783
2025-07-06 11:00:00,34.27,80.08,2.2,4.5,0.1,0.093,0.0,0.1,2.232,4.793
2025-07-06 12:00:00,33.61,63.99,1.1,4.026,0.135,0.109,0.0,0.159,1.923,4.429
2025-07-06 13:00:00,35.93,78.81,1.3,4.5,0.184,0.083,0.0,0.251,0.0,5.017
2025-07-06 14:00:00,32.88,77.53,1.7,4.328,0.1,0.101,0.0,0.338,0.0,4.867
2025-07-06 15:00:00,36.38,75.48,1.9,4.5,0.161,0.116,0.0,0.117,0.0,4.895
2025-07-06 16:00:00,32.51,66.15,1.3,3.961,0.242,0.096,0.0,0.269,0.0,4.569
2025-07-06 17:00:00,33.93,71.87,3.7,4.5,0.1,0.088,0.0,1.458,0.0,6.146
2025-07-06 18:00:00,31.2,71.17,4.0,4.5,0.157,0.084,0.0,1.411,0.0,6.152
2025-07-06 19:00:00,32.09,68.37,3.8,4.5,0.251,1.715,7.633,1.507,0.0,15.606
2025-07-06 20:00:00,29.92,79.99,4.0,3.975,0.1,1.343,6.501,1.463,0.0,13.383
2025-07-06 21:00:00,26.28,77.56,3.6,2.313,0.15,1.785,6.64,1.359,0.0,12.248
2025-07-06 22:00:00,28.1,95.0,3.5,3.098,0.237,0.09,6.901,1.267,0.0,11.593
2025-07-06 23:00:00,25.57,83.4,4.0,1.957,0.1,0.099,7.407,1.445,0.0,11.008
2025-07-07 00:00:00,26.97,91.66,1.1,1.941,0.137,0.098,7.752,0.187,0.0,10.115
2025-07-07 01:00:00,25.15,77.95,0.5,1.422,0.224,0.082,6.813,0.278,0.0,8.819
2025-07-07 02:00:00,25.57,83.35,0.7,1.429,0.1,0.101,6.68,0.123,0.0,8.434
2025-07-07 03:00:00,23.72,86.28,1.6,0.974,0.131,0.107,0.0,0.154,0.0,1.367
2025-07-07 04:00:00,24.77,80.66,0.6,1.271,0.255,0.11,0.0,0.143,0.0,1.78
2025-07-07 05:00:00,25.76,82.13,1.4,1.557,0.1,0.101,0.0,0.324,0.0,2.081
2025-07-07 06:00:00,28.77,81.91,2.3,2.924,0.172,2.025,0.0,0.527,0.0,5.649
2025-07-07 07:00:00,31.2,80.38,2.5,4.009,0.217,1.982,0.0,0.665,1.27,6.874
2025-07-07 08:00:00,28.77,89.28,2.6,3.155,0.1,1.58,0.0,0.532,2.274,5.366
2025-07-07 09:00:00,32.89,80.34,1.7,3.922,0.136,0.096,0.0,0.221,3.801,4.376
2025-07-07 10:00:00,29.23,79.4,0.4,2.373,0.227,0.086,0.0,0.167,3.286,2.853
2025-07-07 11:00:00,31.73,78.46,1.0,3.369,0.1,0.085,0.0,0.146,2.992,3.701
2025-07-07 12:00:00,32.87,77.87,0.7,3.666,0.143,0.108,0.0,0.207,0.973,4.125
2025-07-07 13:00:00,32.78,73.79,1.4,3.899,0.231,0.101,0.0,0.152,0.0,4.383
2025-07-07 14:00:00,32.61,72.4,0.4,3.49,0.1,0.104,0.0,0.1,0.0,3.794
2025-07-07 15:00:00,35.43,75.04,1.2,4.5,0.145,0.109,0.0,0.171,0.0,4.925
2025-07-07 16:00:00,33.99,80.59,0.4,3.971,0.241,0.091,0.0,0.118,0.0,4.421
2025-07-07 17:00:00,34.09,81.39,2.9,4.5,0.1,0.096,0.0,1.27,0.0,5.966
2025-07-07 18:00:00,33.52,75.8,2.6,4.5,0.147,0.104,0.0,1.198,0.0,5.949
2025-07-07 19:00:00,31.67,82.29,3.8,4.5,0.257,1.258,6.887,1.48,0.0,14.382
2025-07-07 20:00:00,30.97,79.03,2.5,3.833,0.1,1.7,7.687,1.178,0.0,14.498
2025-07-07 21:00:00,28.58,81.72,3.0,3.017,0.127,1.406,6.826,1.286,0.0,12.662
2025-07-07 22:00:00,25.7,80.63,2.3,1.636,0.235,0.106,7.517,1.111,0.0,10.605
2025-07-07 23:00:00,28.03,83.33,3.6,3.14,0.1,0.12,6.783,1.361,0.0,11.503
2025-07-08 00:00:00,24.78,91.9,1.2,1.233,0.16,0.099,0.0,0.139,0.0,1.632
2025-07-08 01:00:00,23.76,86.26,1.1,0.744,0.239,0.089,0.0,0.241,0.0,1.312
2025-07-08 02:00:00,24.72,86.68,1.6,1.345,0.1,0.089,0.0,0.16,0.0,1.694
2025-07-08 03:00:00,23.79,78.56,1.1,0.884,0.135,0.082,0.0,0.149,0.0,1.25
2025-07-08 04:00:00,25.03,83.65,1.1,1.108,0.233,0.111,0.0,0.198,0.0,1.649
2025-07-08 05:00:00,26.97,83.04,1.1,1.799,0.1,0.092,0.0,0.146,0.0,2.136
2025-07-08 06:00:00,28.01,78.85,2.7,2.697,0.149,1.564,0.0,0.689,0.0,5.099
2025-07-08 07:00:00,27.35,81.66,2.3,2.413,0.206,1.954,0.0,0.682,1.602,5.255
2025-07-08 08:00:00,29.26,77.85,2.4,3.229,0.1,1.663,0.0,0.548,2.839,5.54
2025-07-08 09:00:00,32.9,78.85,2.8,4.5,0.149,0.104,0.0,0.277,2.266,5.03
2025-07-08 10:00:00,33.24,77.61,1.1,4.057,0.24,0.097,0.0,0.141,3.868,4.535
2025-07-08 11:00:00,36.64,70.98,1.0,4.5,0.1,0.093,0.0,0.161,3.559,4.854
2025-07-08 12:00:00,36.09,72.81,0.4,4.5,0.154,0.1,0.0,0.198,1.64,4.952
2025-07-08 13:00:00,36.54,74.59,1.6,4.5,0.211,0.093,0.0,0.205,0.0,5.009
2025-07-08 14:00:00,32.91,79.92,0.7,3.725,0.1,0.115,0.0,0.18,0.0,4.12
2025-07-08 15:00:00,35.97,75.49,1.4,4.5,0.148,0.083,0.0,0.247,0.0,4.978
2025-07-08 16:00:00,34.24,71.49,1.1,4.263,0.23,0.081,0.0,0.237,0.0,4.811
2025-07-08 17:00:00,32.7,77.75,2.5,4.49,0.1,0.096,0.0,1.2,0.0,5.886
2025-07-08 18:00:00,32.74,85.54,3.5,4.5,0.182,0.087,0.0,1.328,0.0,6.098
2025-07-08 19:00:00,32.7,83.03,3.1,4.5,0.239,1.646,0.0,1.296,0.0,7.681
2025-07-08 20:00:00,30.74,82.74,3.5,4.35,0.1,1.412,0.0,1.315,0.0,7.177
2025-07-08 21:00:00,27.38,85.18,2.9,2.585,0.11,1.357,0.0,1.308,0.0,5.36
2025-07-08 22:00:00,28.6,90.2,3.3,3.188,0.252,0.094,0.0,1.316,0.0,4.85
2025-07-08 23:00:00,25.5,89.62,2.3,1.793,0.12,0.089,0.0,1.112,0.0,3.114
2025-07-09 00:00:00,25.99,88.03,0.8,1.601,0.177,0.092,7.619,0.241,0.0,9.731
2025-07-09 01:00:00,24.71,91.14,0.5,1.037,0.228,0.103,6.497,0.164,0.0,8.029
2025-07-09 02:00:00,24.67,80.59,0.9,1.161,0.109,0.115,6.602,0.138,0.0,8.124
2025-07-09 03:00:00,26.32,78.28,1.2,1.641,0.151,0.095,0.0,0.243,0.0,2.129
2025-07-09 04:00:00,24.11,85.98,0.8,0.987,0.243,0.093,0.0,0.236,0.0,1.558
2025-07-09 05:00:00,29.38,84.59,1.3,2.736,0.1,0.111,0.0,0.1,0.0,3.047
2025-07-09 06:00:00,24.77,80.28,2.2,1.488,0.144,1.456,0.0,0.628,0.0,3.717
2025-07-09 07:00:00,27.81,85.68,2.9,2.671,0.192,1.657,0.0,0.636,1.533,5.156
2025-07-09 08:00:00,30.55,70.69,3.0,3.805,0.1,1.766,0.0,0.69,3.654,6.361
2025-07-09 09:00:00,32.17,75.77,2.9,4.478,0.144,0.104,0.0,0.234,3.86,4.96
2025-07-09 10:00:00,32.35,74.58,0.9,3.625,0.233,0.086,0.0,0.195,3.709,4.138
2025-07-09 11:00:00,33.45,67.58,0.1,3.443,0.1,0.097,0.0,0.139,2.951,3.779
2025-07-09 12:00:00,34.94,82.28,1.2,4.5,0.142,0.103,0.0,0.237,1.738,4.981
2025-07-09 13:00:00,34.48,67.41,0.9,4.323,0.242,0.1,0.0,0.145,0.0,4.81
2025-07-09 14:00:00,37.09,71.06,0.6,4.5,0.1,0.103,0.0,0.22,0.0,4.923
2025-07-09 15:00:00,36.09,78.74,0.8,4.464,0.158,0.106,0.0,0.182,0.0,4.911
2025-07-09 16:00:00,35.64,78.03,1.6,4.5,0.234,0.095,0.0,0.235,0.0,5.064
2025-07-09 17:00:00,32.08,70.22,2.5,4.25,0.1,0.083,0.0,1.157,0.0,5.589
2025-07-09 18:00:00,32.38,80.41,3.2,4.5,0.154,0.082,0.0,1.331,0.0,6.067
2025-07-09 19:00:00,30.84,79.9,3.1,3.963,0.22,1.715,7.033,1.321,0.0,14.252
2025-07-09 20:00:00,28.49,91.67,2.9,2.959,0.1,1.606,7.331,1.35,0.0,13.346
2025-07-09 21:00:00,29.24,83.57,3.3,3.498,0.164,1.659,7.608,1.356,0.0,14.284
2025-07-09 22:00:00,26.69,82.29,3.7,2.413,0.238,0.117,7.398,1.355,0.0,11.521
2025-07-09 23:00:00,27.44,79.96,2.9,2.75,0.1,0.11,6.748,1.23,0.0,10.938
2025-07-10 00:00:00,24.06,81.47,0.9,1.037,0.144,0.108,0.0,0.215,0.0,1.504
2025-07-10 01:00:00,27.75,81.67,1.2,2.263,0.25,0.106,0.0,0.16,0.0,2.78
2025-07-10 02:00:00,23.66,92.86,1.4,0.879,0.1,0.09,0.0,0.165,0.0,1.235
2025-07-10 03:00:00,25.5,85.89,0.9,1.558,0.134,0.118,0.0,0.136,0.0,1.946
2025-07-10 04:00:00,26.86,88.02,0.9,1.99,0.204,0.102,0.0,0.183,0.0,2.479
2025-07-10 05:00:00,25.61,91.81,0.1,1.196,0.1,0.089,0.0,0.164,0.0,1.549
2025-07-10 06:00:00,28.78,71.21,2.2,2.823,0.167,1.591,0.0,0.559,0.0,5.14
2025-07-10 07:00:00,26.86,87.95,2.0,2.208,0.263,2.027,0.0,0.648,1.826,5.147
2025-07-10 08:00:00,32.18,80.28,2.8,4.5,0.1,1.62,0.0,0.65,2.902,6.871
2025-07-10 09:00:00,31.32,80.62,2.4,3.899,0.136,0.082,0.0,0.31,4.226,4.427
2025-07-10 10:00:00,31.61,72.86,0.9,3.29,0.242,0.097,0.0,0.183,3.232,3.812
2025-07-10 11:00:00,33.09,71.98,1.0,3.898,0.1,0.113,0.0,0.143,3.612,4.254
2025-07-10 12:00:00,35.54,77.25,0.7,4.5,0.183,0.097,0.0,0.12,2.028,4.899
2025-07-10 13:00:00,33.95,86.13,1.6,4.5,0.263,0.112,0.0,0.192,0.0,5.067
2025-07-10 14:00:00,33.88,79.02,1.5,4.3,0.1,0.113,0.0,0.233,0.0,4.747
2025-07-10 15:00:00,34.5,80.53,1.6,4.5,0.138,0.114,0.0,0.185,0.0,4.936
2025-07-10 16:00:00,32.56,73.84,1.3,3.935,0.168,0.104,0.0,0.231,0.0,4.437
2025-07-10 17:00:00,36.27,72.76,3.0,4.5,0.1,0.108,0.0,1.348,0.0,6.056
2025-07-10 18:00:00,31.65,73.1,3.6,4.5,0.113,0.09,0.0,1.343,0.0,6.046
2025-07-10 19:00:00,32.54,76.01,2.7,4.5,0.208,1.26,0.0,1.181,0.0,7.149
2025-07-10 20:00:00,30.31,69.74,2.7,3.639,0.101,1.52,0.0,1.272,0.0,6.531
2025-07-10 21:00:00,27.23,77.93,2.8,2.47,0.124,1.206,0.0,1.255,0.0,5.056
2025-07-10 22:00:00,27.49,80.2,3.2,2.508,0.215,0.099,0.0,1.33,0.0,4.152
2025-07-10 23:00:00,27.64,83.37,2.7,2.732,0.1,0.084,0.0,1.266,0.0,4.182
2025-07-11 00:00:00,25.39,85.85,0.9,1.368,0.202,0.084,7.863,0.102,0.0,9.619
2025-07-11 01:00:00,26.96,87.61,0.4,1.718,0.235,0.115,7.225,0.183,0.0,9.476
2025-07-11 02:00:00,26.53,85.93,1.2,1.771,0.1,0.106,7.123,0.195,0.0,9.294
2025-07-11 03:00:00,26.55,82.89,0.4,1.691,0.154,0.106,0.0,0.185,0.0,2.135
2025-07-11 04:00:00,24.98,75.38,0.6,1.106,0.197,0.096,0.0,0.121,0.0,1.52
2025-07-11 05:00:00,24.84,81.37,1.5,1.218,0.1,0.097,0.0,0.199,0.0,1.613
2025-07-11 06:00:00,26.58,78.14,3.0,2.253,0.158,1.658,0.0,0.614,0.0,4.683
2025-07-11 07:00:00,29.0,83.88,2.6,3.067,0.234,1.753,0.0,0.664,1.144,5.718
2025-07-11 08:00:00,30.82,84.55,2.6,3.859,0.1,1.863,0.0,0.604,3.202,6.426
2025-07-11 09:00:00,28.04,83.14,2.3,2.587,0.143,0.087,0.0,0.189,2.726,3.006
2025-07-11 10:00:00,32.49,80.78,0.7,3.709,0.234,0.09,0.0,0.121,3.546,4.154
2025-07-11 11:00:00,33.77,75.09,0.9,4.104,0.1,0.1,0.0,0.219,2.877,4.523
2025-07-11 12:00:00,33.91,72.19,0.4,3.898,0.172,0.095,0.0,0.211,1.343,4.375
2025-07-11 13:00:00,36.77,70.47,1.1,4.5,0.253,0.113,0.0,0.279,0.0,5.145
2025-07-11 14:00:00,35.63,66.46,1.0,4.5,0.1,0.113,0.0,0.164,0.0,4.877
2025-07-11 15:00:00,36.79,79.16,0.6,4.5,0.129,0.093,0.0,0.118,0.0,4.841
2025-07-11 16:00:00,34.01,73.93,1.6,4.459,0.229,0.098,0.0,0.193,0.0,4.979
2025-07-11 17:00:00,34.94,69.53,3.2,4.5,0.1,0.119,0.0,1.284,0.0,6.003
2025-07-11 18:00:00,34.95,72.87,3.3,4.5,0.173,0.113,0.0,1.293,0.0,6.079
2025-07-11 19:00:00,33.26,74.11,2.8,4.5,0.205,1.329,7.838,1.273,0.0,15.145
2025-07-11 20:00:00,28.36,80.22,3.0,3.208,0.1,1.368,7.665,1.335,0.0,13.676
2025-07-11 21:00:00,28.32,86.89,3.3,3.148,0.176,1.25,7.518,1.341,0.0,13.434
2025-07-11 22:00:00,26.98,81.26,3.1,2.444,0.218,0.107,7.707,1.295,0.0,11.772
2025-07-11 23:00:00,27.2,72.98,3.6,2.923,0.1,0.093,7.254,1.424,0.0,11.793
2025-07-12 00:00:00,26.69,84.25,1.7,2.086,0.136,0.101,0.0,0.19,0.0,2.514
2025-07-12 01:00:00,23.91,85.01,1.6,1.008,0.245,0.111,0.0,0.27,0.0,1.634
2025-07-12 02:00:00,25.1,84.88,2.1,1.728,0.1,0.113,0.0,0.362,0.0,2.303
2025-07-12 03:00:00,22.14,82.66,1.3,0.445,0.174,0.093,0.0,0.157,0.0,0.869
2025-07-12 04:00:00,27.83,86.28,2.2,2.595,0.228,0.089,0.0,0.276,0.0,3.188
2025-07-12 05:00:00,25.69,84.57,1.3,1.527,0.1,0.114,0.0,0.249,0.0,1.99
2025-07-12 06:00:00,27.58,82.88,3.6,2.829,0.173,1.715,0.0,0.711,0.0,5.428
2025-07-12 07:00:00,28.24,83.62,3.0,2.909,0.233,2.032,0.0,0.708,1.362,5.881
2025-07-12 08:00:00,31.71,77.85,3.5,4.5,0.1,1.548,0.0,0.697,3.378,6.845
2025-07-12 09:00:00,27.03,76.01,3.7,2.456,0.181,0.116,0.0,0.292,2.799,3.046
2025-07-12 10:00:00,32.47,83.9,1.9,4.245,0.258,0.099,0.0,0.21,2.775,4.812
2025-07-12 11:00:00,33.37,78.55,1.3,4.062,0.1,0.087,0.0,0.197,3.31,4.446
2025-07-12 12:00:00,33.64,78.94,1.4,4.3,0.202,0.101,0.0,0.225,1.673,4.828
2025-07-12 13:00:00,37.41,80.33,1.5,4.5,0.248,0.115,0.0,0.216,0.0,5.079
2025-07-12 14:00:00,33.66,76.63,1.0,4.048,0.1,0.096,0.0,0.129,0.0,4.372
2025-07-12 15:00:00,35.98,78.85,2.3,4.5,0.177,0.087,0.0,0.243,0.0,5.007
2025-07-12 16:00:00,34.86,66.91,1.8,4.5,0.276,0.103,0.0,0.193,0.0,5.072
2025-07-12 17:00:00,35.42,76.78,3.3,4.5,0.1,0.113,0.0,1.308,0.0,6.021
2025-07-12 18:00:00,31.49,76.09,4.0,4.5,0.146,0.085,0.0,1.488,0.0,6.219
2025-07-12 19:00:00,30.19,86.84,3.5,3.862,0.216,1.225,0.0,1.316,0.0,6.619
2025-07-12 20:00:00,31.64,84.64,3.9,4.5,0.1,1.234,0.0,1.41,0.0,7.244
2025-07-12 21:00:00,29.34,78.4,3.5,3.4,0.168,1.338,0.0,1.302,0.0,6.208
2025-07-12 22:00:00,25.18,84.86,3.0,1.65,0.218,0.08,0.0,1.259,0.0,3.206
2025-07-12 23:00:00,25.65,85.08,3.3,1.987,0.1,0.097,0.0,1.44,0.0,3.624
2025-07-13 00:00:00,26.24,87.47,1.6,1.826,0.141,0.108,6.707,0.16,0.0,8.942
2025-07-13 01:00:00,26.41,80.7,2.2,2.188,0.226,0.108,6.796,0.207,0.0,9.526
2025-07-13 02:00:00,23.97,87.8,1.9,1.334,0.1,0.105,6.762,0.278,0.0,8.579
2025-07-13 03:00:00,20.79,84.65,1.9,0.2,0.137,0.092,0.0,0.228,0.0,0.657
2025-07-13 04:00:00,26.44,86.61,1.0,1.668,0.209,0.109,0.0,0.173,0.0,2.159
2025-07-13 05:00:00,24.62,80.62,2.3,1.478,0.1,0.103,0.0,0.185,0.0,1.865
2025-07-13 06:00:00,24.46,80.07,3.4,1.495,0.147,2.06,0.0,0.705,0.0,4.407
2025-07-13 07:00:00,24.44,87.42,3.3,1.548,0.261,1.784,0.0,0.644,0.868,4.237
2025-07-13 08:00:00,31.21,74.74,3.8,4.5,0.1,1.57,0.0,0.809,2.581,6.979
2025-07-13 09:00:00,31.47,73.56,3.8,4.5,0.115,0.105,0.0,0.25,4.381,4.97
2025-07-13 10:00:00,32.15,76.74,2.3,4.162,0.263,0.086,0.0,0.302,2.538,4.813
2025-07-13 11:00:00,35.61,71.9,1.7,4.5,0.101,0.119,0.0,0.245,3.488,4.965
2025-07-13 12:00:00,35.27,70.38,1.4,4.5,0.171,0.108,0.0,0.235,0.921,5.014
2025-07-13 13:00:00,37.24,74.73,2.2,4.5,0.258,0.11,0.0,0.208,0.0,5.076
2025-07-13 14:00:00,32.9,66.47,1.3,3.828,0.1,0.107,0.0,0.165,0.0,4.199
2025-07-13 15:00:00,34.76,69.16,2.6,4.5,0.14,0.084,0.0,0.214,0.0,4.939
2025-07-13 16:00:00,31.89,85.07,1.8,3.691,0.241,0.099,0.0,0.257,0.0,4.287
2025-07-13 17:00:00,33.18,78.05,3.4,4.5,0.1,0.106,0.0,1.366,0.0,6.072
2025-07-13 18:00:00,32.11,73.27,3.3,4.5,0.168,0.089,0.0,1.236,0.0,5.993
2025-07-13 19:00:00,32.22,80.54,3.3,4.5,0.228,1.608,7.69,1.262,0.0,15.288
2025-07-13 20:00:00,30.05,82.84,3.9,3.796,0.1,1.692,6.574,1.41,0.0,13.572
2025-07-13 21:00:00,29.63,86.52,3.8,3.682,0.12,1.365,7.89,1.434,0.0,14.492
2025-07-13 22:00:00,28.54,82.36,3.3,3.163,0.25,0.088,7.493,1.317,0.0,12.312
2025-07-13 23:00:00,29.68,89.13,3.7,3.705,0.1,0.115,7.478,1.36,0.0,12.759
2025-07-14 00:00:00,25.17,75.0,0.5,1.143,0.144,0.08,6.513,0.114,0.0,7.995
2025-07-14 01:00:00,23.73,80.51,1.2,1.043,0.271,0.09,7.17,0.233,0.0,8.807
2025-07-14 02:00:00,25.34,86.82,1.0,1.272,0.1,0.096,7.382,0.184,0.0,9.034
2025-07-14 03:00:00,23.94,87.44,0.8,0.997,0.156,0.107,0.0,0.259,0.0,1.519
2025-07-14 04:00:00,27.87,80.64,0.5,1.974,0.253,0.12,0.0,0.1,0.0,2.447
2025-07-14 05:00:00,26.01,85.54,0.9,1.477,0.1,0.095,0.0,0.211,0.0,1.883
2025-07-14 06:00:00,26.63,79.88,2.3,2.067,0.118,2.123,0.0,0.614,0.0,4.922
2025-07-14 07:00:00,27.97,80.17,2.6,2.784,0.225,1.704,0.0,0.653,1.831,5.366
2025-07-14 08:00:00,31.05,85.12,2.6,3.761,0.1,1.941,0.0,0.647,3.0,6.449
2025-07-14 09:00:00,31.03,82.99,2.8,4.025,0.13,0.087,0.0,0.209,3.979,4.451
2025-07-14 10:00:00,31.51,72.01,0.8,3.203,0.231,0.098,0.0,0.165,4.158,3.698
2025-07-14 11:00:00,36.01,70.47,0.3,4.286,0.1,0.115,0.0,0.166,3.292,4.666
2025-07-14 12:00:00,33.02,72.75,1.4,4.111,0.168,0.093,0.0,0.142,1.205,4.514
2025-07-14 13:00:00,34.86,74.07,0.6,4.462,0.226,0.084,0.0,0.22,0.0,4.993
2025-07-14 14:00:00,35.95,70.71,0.6,4.446,0.1,0.101,0.0,0.1,0.0,4.747
2025-07-14 15:00:00,32.36,79.41,1.0,3.721,0.151,0.098,0.0,0.121,0.0,4.091
2025-07-14 16:00:00,35.03,76.54,1.1,4.5,0.248,0.089,0.0,0.1,0.0,4.937
2025-07-14 17:00:00,31.93,77.79,2.8,4.292,0.1,0.116,0.0,1.301,0.0,5.809
2025-07-14 18:00:00,33.71,70.67,2.8,4.5,0.159,0.104,0.0,1.256,0.0,6.019
2025-07-14 19:00:00,29.83,84.28,2.8,3.441,0.231,1.408,6.527,1.228,0.0,12.835
2025-07-14 20:00:00,31.01,65.9,3.6,4.189,0.1,1.798,7.26,1.375,0.0,14.721
2025-07-14 21:00:00,30.34,85.72,3.0,3.837,0.126,1.283,7.356,1.293,0.0,13.895
2025-07-14 22:00:00,28.77,87.67,2.6,3.187,0.245,0.114,7.592,1.156,0.0,12.293
2025-07-14 23:00:00,26.82,82.08,2.6,2.343,0.1,0.089,7.381,1.226,0.0,11.14
2025-07-15 00:00:00,25.28,91.56,0.9,1.22,0.154,0.09,0.0,0.246,0.0,1.71
2025-07-15 01:00:00,24.27,85.48,1.1,1.003,0.222,0.1,0.0,0.261,0.0,1.586
2025-07-15 02:00:00,27.17,86.31,1.2,2.134,0.1,0.106,0.0,0.228,0.0,2.569
2025-07-15 03:00:00,24.08,87.49,1.0,1.157,0.162,0.108,0.0,0.194,0.0,1.62
2025-07-15 04:00:00,24.07,95.0,0.7,0.969,0.248,0.081,0.0,0.216,0.0,1.514
2025-07-15 05:00:00,27.42,90.96,0.8,1.964,0.1,0.091,0.0,0.21,0.0,2.366
2025-07-15 06:00:00,26.27,86.51,2.8,2.257,0.149,1.916,0.0,0.567,0.0,4.889
2025-07-15 07:00:00,27.24,76.99,2.0,2.275,0.241,2.081,0.0,0.518,1.611,5.114
2025-07-15 08:00:00,27.79,80.72,2.3,2.502,0.1,1.922,0.0,0.617,3.418,5.141
2025-07-15 09:00:00,30.53,74.38,2.7,3.687,0.142,0.091,0.0,0.199,3.388,4.119
2025-07-15 10:00:00,32.34,81.11,1.4,3.697,0.252,0.1,0.0,0.139,4.208,4.189
2025-07-15 11:00:00,33.86,76.46,0.9,4.383,0.1,0.106,0.0,0.242,3.248,4.831
2025-07-15 12:00:00,35.72,69.18,0.8,4.5,0.176,0.085,0.0,0.178,0.47,4.939
2025-07-15 13:00:00,35.58,74.61,0.5,4.305,0.259,0.102,0.0,0.161,0.0,4.827
2025-07-15 14:00:00,34.67,69.75,1.2,4.5,0.1,0.099,0.0,0.126,0.0,4.825
2025-07-15 15:00:00,34.49,74.96,1.5,4.5,0.162,0.093,0.0,0.173,0.0,4.929
2025-07-15 16:00:00,35.06,70.51,2.0,4.5,0.217,0.105,0.0,0.194,0.0,5.016
2025-07-15 17:00:00,35.4,75.89,3.2,4.5,0.1,0.105,0.0,1.259,0.0,5.965
2025-07-15 18:00:00,32.65,80.75,3.0,4.5,0.157,0.119,0.0,1.216,0.0,5.992
2025-07-15 19:00:00,30.55,78.18,2.6,3.726,0.205,1.457,0.0,1.309,0.0,6.696
2025-07-15 20:00:00,28.47,78.05,2.2,2.601,0.1,1.519,0.0,1.23,0.0,5.45
2025-07-15 21:00:00,26.5,82.57,3.1,2.2,0.131,1.295,0.0,1.286,0.0,4.911
2025-07-15 22:00:00,28.46,86.49,3.9,3.323,0.22,0.102,0.0,1.364,0.0,5.009
2025-07-15 23:00:00,27.29,78.71,3.5,2.82,0.1,0.081,0.0,1.275,0.0,4.276
2025-07-16 00:00:00,26.48,86.5,1.4,1.805,0.149,0.086,7.155,0.171,0.0,9.366
2025-07-16 01:00:00,24.92,92.38,1.1,1.359,0.21,0.087,7.378,0.1,0.0,9.134
2025-07-16 02:00:00,27.05,88.87,1.1,1.779,0.1,0.105,7.145,0.162,0.0,9.291
2025-07-16 03:00:00,24.39,86.08,0.0,1.069,0.154,0.103,0.0,0.1,0.0,1.425
2025-07-16 04:00:00,27.04,88.39,1.3,1.934,0.275,0.112,0.0,0.184,0.0,2.505
2025-07-16 05:00:00,26.35,86.51,0.8,1.683,0.1,0.099,0.0,0.183,0.0,2.064
2025-07-16 06:00:00,26.53,86.77,2.2,2.104,0.161,1.782,0.0,0.568,0.0,4.616
2025-07-16 07:00:00,29.54,71.43,2.4,3.261,0.22,1.556,0.0,0.698,1.878,5.735
2025-07-16 08:00:00,30.56,72.23,2.4,3.611,0.1,1.975,0.0,0.578,2.506,6.264
2025-07-16 09:00:00,31.77,83.47,2.2,3.893,0.162,0.08,0.0,0.303,2.864,4.438
2025-07-16 10:00:00,32.56,69.47,1.0,3.637,0.215,0.097,0.0,0.195,2.519,4.144
2025-07-16 11:00:00,33.42,77.77,0.8,3.982,0.1,0.088,0.0,0.274,3.519,4.444
2025-07-16 12:00:00,37.85,73.04,1.0,4.5,0.184,0.111,0.0,0.1,1.01,4.895
2025-07-16 13:00:00,36.55,69.22,0.4,4.5,0.256,0.107,0.0,0.108,0.0,4.97
2025-07-16 14:00:00,36.03,75.75,0.9,4.5,0.1,0.108,0.0,0.163,0.0,4.871
2025-07-16 15:00:00,34.94,75.21,0.6,4.317,0.155,0.086,0.0,0.247,0.0,4.806
2025-07-16 16:00:00,35.78,85.36,0.7,4.469,0.229,0.107,0.0,0.16,0.0,4.965
2025-07-16 17:00:00,34.25,72.63,3.1,4.5,0.1,0.108,0.0,1.255,0.0,5.963
2025-07-16 18:00:00,32.48,84.2,2.4,4.245,0.139,0.08,0.0,1.208,0.0,5.672
2025-07-16 19:00:00,30.78,80.21,2.7,3.937,0.21,1.391,6.784,1.273,0.0,13.595
2025-07-16 20:00:00,29.82,76.69,3.2,3.666,0.1,1.252,7.724,1.278,0.0,14.021
2025-07-16 21:00:00,23.89,85.55,2.4,1.049,0.172,1.609,7.371,1.155,0.0,11.357
2025-07-16 22:00:00,27.76,85.83,3.7,3.105,0.211,0.088,6.529,1.479,0.0,11.412
2025-07-16 23:00:00,25.67,84.42,3.5,1.985,0.1,0.091,6.763,1.42,0.0,10.358
2025-07-17 00:00:00,27.98,86.53,0.8,2.153,0.174,0.083,0.0,0.25,0.0,2.66
2025-07-17 01:00:00,25.12,82.81,0.7,1.363,0.245,0.099,0.0,0.218,0.0,1.924
2025-07-17 02:00:00,23.14,81.87,1.1,0.547,0.1,0.081,0.0,0.14,0.0,0.868
2025-07-17 03:00:00,25.01,89.59,0.4,0.942,0.146,0.114,0.0,0.161,0.0,1.363
2025-07-17 04:00:00,24.02,84.08,0.2,0.987,0.237,0.081,0.0,0.103,0.0,1.408
2025-07-17 05:00:00,27.09,83.84,0.8,1.832,0.1,0.082,0.0,0.223,0.0,2.237
2025-07-17 06:00:00,27.86,84.4,2.4,2.71,0.151,1.901,0.0,0.569,0.0,5.331
2025-07-17 07:00:00,30.06,82.88,2.5,3.508,0.239,2.1,0.0,0.517,1.597,6.365
2025-07-17 08:00:00,28.73,72.85,2.3,2.781,0.101,2.082,0.0,0.586,2.684,5.55
2025-07-17 09:00:00,31.26,84.88,3.0,4.232,0.161,0.083,0.0,0.297,4.231,4.773
2025-07-17 10:00:00,30.37,77.61,0.4,2.741,0.232,0.092,0.0,0.1,2.403,3.165
2025-07-17 11:00:00,34.51,74.74,0.5,3.983,0.1,0.101,0.0,0.16,1.926,4.344
2025-07-17 12:00:00,35.03,76.96,1.2,4.5,0.136,0.081,0.0,0.158,1.398,4.875
2025-07-17 13:00:00,35.49,75.39,0.5,4.21,0.226,0.101,0.0,0.216,0.0,4.753
2025-07-17 14:00:00,34.92,77.84,0.5,4.242,0.1,0.098,0.0,0.1,0.0,4.54
2025-07-17 15:00:00,35.37,76.89,1.0,4.5,0.14,0.104,0.0,0.238,0.0,4.982
2025-07-17 16:00:00,36.66,78.39,0.6,4.5,0.224,0.117,0.0,0.132,0.0,4.973
2025-07-17 17:00:00,33.03,82.51,2.9,4.5,0.1,0.091,0.0,1.263,0.0,5.954
2025-07-17 18:00:00,32.63,81.42,2.7,4.49,0.135,0.106,0.0,1.278,0.0,6.009
2025-07-17 19:00:00,29.58,77.64,2.7,3.209,0.259,1.458,0.0,1.299,0.0,6.224
2025-07-17 20:00:00,28.62,74.39,2.2,3.077,0.1,1.461,0.0,1.148,0.0,5.786
2025-07-17 21:00:00,28.77,89.89,3.1,3.169,0.144,1.588,0.0,1.253,0.0,6.154
2025-07-17 22:00:00,29.07,81.81,2.5,3.292,0.237,0.118,0.0,1.174,0.0,4.82
2025-07-17 23:00:00,26.0,81.88,2.9,2.132,0.1,0.115,0.0,1.328,0.0,3.674
2025-07-18 00:00:00,25.21,76.51,0.8,1.287,0.135,0.106,7.485,0.13,0.0,9.143
2025-07-18 01:00:00,24.45,87.49,0.9,1.118,0.209,0.098,6.488,0.194,0.0,8.107
2025-07-18 02:00:00,24.09,86.74,0.9,1.003,0.1,0.097,7.218,0.179,0.0,8.597
2025-07-18 03:00:00,25.51,78.22,1.1,1.65,0.17,0.111,0.0,0.22,0.0,2.152
2025-07-18 04:00:00,23.32,87.46,0.7,0.801,0.244,0.089,0.0,0.173,0.0,1.307
2025-07-18 05:00:00,28.28,81.75,1.5,2.415,0.1,0.104,0.0,0.173,0.0,2.792
2025-07-18 06:00:00,26.4,95.0,1.8,1.945,0.188,1.804,0.0,0.516,0.0,4.452
2025-07-18 07:00:00,29.68,78.71,2.4,3.39,0.226,1.908,0.0,0.567,2.038,6.09
2025-07-18 08:00:00,27.99,77.82,2.8,2.671,0.1,1.575,0.0,0.558,3.458,4.904
2025-07-18 09:00:00,32.19,74.07,2.7,4.447,0.163,0.108,0.0,0.256,4.209,4.975
2025-07-18 10:00:00,33.4,83.39,0.6,3.925,0.207,0.105,0.0,0.179,3.121,4.416
2025-07-18 11:00:00,34.01,73.89,0.7,3.925,0.1,0.087,0.0,0.1,1.95,4.213
2025-07-18 12:00:00,32.73,71.18,0.6,3.507,0.144,0.098,0.0,0.148,1.879,3.897
2025-07-18 13:00:00,35.1,77.74,1.2,4.5,0.25,0.107,0.0,0.173,0.0,5.031
2025-07-18 14:00:00,33.12,67.1,0.7,3.716,0.1,0.116,0.0,0.142,0.0,4.074
2025-07-18 15:00:00,34.34,77.33,1.1,4.256,0.174,0.085,0.0,0.177,0.0,4.692
2025-07-18 16:00:00,35.77,83.71,1.1,4.5,0.222,0.08,0.0,0.178,0.0,4.98
2025-07-18 17:00:00,34.62,78.59,3.9,4.5,0.1,0.087,0.0,1.476,0.0,6.163
2025-07-18 18:00:00,32.42,80.19,3.1,4.5,0.137,0.12,0.0,1.3,0.0,6.056
2025-07-18 19:00:00,29.73,82.8,2.7,3.536,0.248,1.661,7.078,1.258,0.0,13.781
2025-07-18 20:00:00,30.86,88.55,2.4,3.882,0.1,1.569,7.287,1.117,0.0,13.954
2025-07-18 21:00:00,28.63,87.6,2.9,3.053,0.15,1.28,7.612,1.209,0.0,13.304
2025-07-18 22:00:00,23.91,85.2,3.0,1.374,0.263,0.097,7.243,1.204,0.0,10.181
2025-07-18 23:00:00,27.53,88.76,2.1,2.568,0.1,0.109,7.814,1.119,0.0,11.709
2025-07-19 00:00:00,25.5,80.77,1.5,1.347,0.174,0.116,0.0,0.198,0.0,1.835
2025-07-19 01:00:00,26.84,89.68,1.9,2.002,0.236,0.095,0.0,0.291,0.0,2.625
2025-07-19 02:00:00,23.22,80.97,1.6,0.544,0.1,0.12,0.0,0.156,0.0,0.921
2025-07-19 03:00:00,20.27,83.96,2.2,0.2,0.153,0.086,0.0,0.258,0.0,0.697
2025-07-19 04:00:00,25.95,69.78,1.2,1.51,0.249,0.095,0.0,0.144,0.0,1.999
2025-07-19 05:00:00,26.77,86.25,2.1,2.035,0.1,0.115,0.0,0.213,0.0,2.463
2025-07-19 06:00:00,24.83,79.78,3.7,1.77,0.16,1.908,0.0,0.686,0.0,4.524
2025-07-19 07:00:00,27.1,87.11,3.7,2.477,0.218,2.024,0.0,0.648,1.255,5.367
2025-07-19 08:00:00,34.0,81.95,2.7,4.5,0.1,2.094,0.0,0.572,3.318,7.265
2025-07-19 09:00:00,30.7,84.07,3.4,4.124,0.161,0.1,0.0,0.333,2.408,4.718
2025-07-19 10:00:00,33.46,71.58,1.5,4.283,0.263,0.089,0.0,0.169,2.413,4.805
2025-07-19 11:00:00,32.42,80.95,1.2,3.805,0.1,0.108,0.0,0.237,3.05,4.25
2025-07-19 12:00:00,31.06,85.33,1.6,3.284,0.123,0.103,0.0,0.233,1.502,3.742
2025-07-19 13:00:00,34.44,78.03,1.4,4.493,0.223,0.111,0.0,0.163,0.0,4.99
2025-07-19 14:00:00,34.47,77.95,2.2,4.5,0.1,0.1,0.0,0.215,0.0,4.915
2025-07-19 15:00:00,34.09,75.05,2.0,4.5,0.154,0.112,0.0,0.216,0.0,4.983
2025-07-19 16:00:00,34.02,72.18,1.3,4.5,0.235,0.116,0.0,0.215,0.0,5.066
2025-07-19 17:00:00,33.8,79.56,3.5,4.5,0.1,0.11,0.0,1.341,0.0,6.051
2025-07-19 18:00:00,32.14,69.47,3.6,4.5,0.17,0.11,0.0,1.308,0.0,6.088
2025-07-19 19:00:00,29.26,76.36,3.8,3.527,0.243,1.552,0.0,1.368,0.0,6.691
2025-07-19 20:00:00,30.59,71.14,4.0,4.411,0.1,1.483,0.0,1.498,0.0,7.492
2025-07-19 21:00:00,25.65,78.03,4.0,2.027,0.145,1.784,0.0,1.438,0.0,5.393
2025-07-19 22:00:00,24.29,86.21,3.8,1.483,0.303,0.106,0.0,1.39,0.0,3.282
2025-07-19 23:00:00,27.44,86.77,3.7,2.809,0.1,0.114,0.0,1.318,0.0,4.34
2025-07-20 00:00:00,26.26,85.45,1.1,1.709,0.164,0.1,7.872,0.245,0.0,10.09
2025-07-20 01:00:00,24.92,86.65,2.3,1.605,0.272,0.102,7.009,0.209,0.0,9.197
2025-07-20 02:00:00,22.74,76.57,1.6,0.682,0.1,0.107,6.958,0.253,0.0,8.099
2025-07-20 03:00:00,23.94,83.93,2.4,1.008,0.137,0.109,0.0,0.257,0.0,1.511
2025-07-20 04:00:00,25.11,81.79,1.9,1.446,0.263,0.098,0.0,0.246,0.0,2.053
2025-07-20 05:00:00,23.9,80.95,2.6,1.305,0.1,0.094,0.0,0.311,0.0,1.811
2025-07-20 06:00:00,26.22,86.0,3.5,2.271,0.153,1.612,0.0,0.689,0.0,4.726
2025-07-20 07:00:00,29.52,77.25,2.7,3.209,0.272,1.745,0.0,0.612,1.705,5.837
2025-07-20 08:00:00,31.97,76.98,3.1,4.336,0.1,1.592,0.0,0.723,3.062,6.751
2025-07-20 09:00:00,30.5,68.01,3.2,4.037,0.169,0.097,0.0,0.289,3.414,4.591
2025-07-20 10:00:00,33.47,75.53,1.5,4.32,0.267,0.115,0.0,0.158,4.325,4.86
2025-07-20 11:00:00,30.5,70.32,1.6,3.224,0.1,0.119,0.0,0.252,1.943,3.695
2025-07-20 12:00:00,35.15,75.2,1.3,4.5,0.159,0.103,0.0,0.263,1.237,5.026
2025-07-20 13:00:00,33.46,69.45,1.8,4.5,0.257,0.086,0.0,0.1,0.0,4.943
2025-07-20 14:00:00,35.29,74.52,1.9,4.5,0.1,0.097,0.0,0.145,0.0,4.842
2025-07-20 15:00:00,34.29,73.48,1.4,4.5,0.134,0.104,0.0,0.151,0.0,4.889
2025-07-20 16:00:00,36.14,83.16,2.6,4.5,0.263,0.095,0.0,0.263,0.0,5.122
2025-07-20 17:00:00,32.06,78.24,3.8,4.5,0.1,0.088,0.0,1.452,0.0,6.14
2025-07-20 18:00:00,33.27,67.8,3.5,4.5,0.14,0.089,0.0,1.382,0.0,6.111
2025-07-20 19:00:00,30.71,72.12,3.1,3.999,0.238,1.484,6.759,1.348,0.0,13.828
2025-07-20 20:00:00,29.59,80.28,3.8,3.699,0.1,1.33,7.904,1.356,0.0,14.389
2025-07-20 21:00:00,28.26,76.9,3.7,3.124,0.119,1.35,7.006,1.331,0.0,12.93
2025-07-20 22:00:00,26.06,68.16,4.0,2.396,0.251,0.115,6.793,1.503,0.0,11.057
2025-07-20 23:00:00,26.27,90.99,3.7,2.145,0.1,0.111,7.686,1.404,0.0,11.447
2025-07-21 00:00:00,25.37,88.8,0.5,1.166,0.183,0.082,7.154,0.226,0.0,8.811
2025-07-21 01:00:00,25.33,88.4,1.7,1.598,0.232,0.093,7.446,0.165,0.0,9.534
2025-07-21 02:00:00,24.92,82.96,1.2,1.257,0.1,0.101,7.185,0.132,0.0,8.775
2025-07-21 03:00:00,26.16,87.93,0.9,1.448,0.149,0.082,0.0,0.113,0.0,1.793
2025-07-21 04:00:00,26.85,81.67,1.1,1.894,0.239,0.107,0.0,0.222,0.0,2.463
2025-07-21 05:00:00,24.68,85.27,1.2,1.195,0.1,0.095,0.0,0.242,0.0,1.633
2025-07-21 06:00:00,28.6,78.4,1.9,2.7,0.192,1.726,0.0,0.581,0.0,5.199
2025-07-21 07:00:00,26.72,89.13,2.6,2.287,0.212,1.631,0.0,0.581,1.498,4.71
2025-07-21 08:00:00,30.68,72.15,2.3,3.519,0.1,1.68,0.0,0.617,1.986,5.917
2025-07-21 09:00:00,32.02,84.61,2.7,4.337,0.151,0.114,0.0,0.262,3.457,4.864
2025-07-21 10:00:00,29.43,77.19,0.7,2.588,0.236,0.112,0.0,0.1,3.144,3.036
2025-07-21 11:00:00,33.47,73.31,0.8,3.892,0.1,0.117,0.0,0.155,2.507,4.265
2025-07-21 12:00:00,33.42,75.64,1.7,4.174,0.172,0.108,0.0,0.214,1.541,4.668
2025-07-21 13:00:00,33.49,77.87,1.5,4.227,0.247,0.103,0.0,0.25,0.0,4.827
2025-07-21 14:00:00,36.82,80.83,0.0,4.432,0.1,0.09,0.0,0.146,0.0,4.768
2025-07-21 15:00:00,33.64,75.77,1.5,4.371,0.145,0.107,0.0,0.201,0.0,4.824
2025-07-21 16:00:00,32.92,70.35,1.0,4.007,0.236,0.116,0.0,0.176,0.0,4.534
2025-07-21 17:00:00,33.44,76.04,2.7,4.5,0.1,0.083,0.0,1.248,0.0,5.931
2025-07-21 18:00:00,33.32,86.08,2.6,4.5,0.19,0.098,0.0,1.147,0.0,5.934
2025-07-21 19:00:00,30.88,85.19,2.6,3.98,0.233,1.29,6.815,1.189,0.0,13.506
2025-07-21 20:00:00,31.54,84.54,2.7,4.13,0.1,1.686,7.031,1.125,0.0,14.072
2025-07-21 21:00:00,29.3,85.53,2.5,3.367,0.162,1.568,7.081,1.186,0.0,13.365
2025-07-21 22:00:00,24.03,86.5,2.5,1.272,0.259,0.115,7.698,1.218,0.0,10.562
2025-07-21 23:00:00,25.47,90.04,2.6,1.69,0.1,0.083,6.677,1.174,0.0,9.724
2025-07-22 00:00:00,24.58,82.91,1.1,1.365,0.174,0.116,0.0,0.171,0.0,1.827
2025-07-22 01:00:00,25.64,79.02,1.0,1.544,0.231,0.083,0.0,0.2,0.0,2.058
2025-07-22 02:00:00,20.82,86.35,1.2,0.267,0.1,0.092,0.0,0.323,0.0,0.781
2025-07-22 03:00:00,28.75,81.71,1.0,2.517,0.139,0.086,0.0,0.175,0.0,2.917
2025-07-22 04:00:00,26.22,79.92,0.5,1.511,0.251,0.086,0.0,0.2,0.0,2.048
2025-07-22 05:00:00,26.44,80.64,1.2,1.721,0.1,0.087,0.0,0.177,0.0,2.085
2025-07-22 06:00:00,29.03,95.0,2.1,2.92,0.127,1.786,0.0,0.586,0.0,5.418
2025-07-22 07:00:00,31.98,82.23,2.8,4.288,0.208,2.005,0.0,0.619,1.611,7.12
2025-07-22 08:00:00,31.06,81.81,2.0,3.804,0.1,2.087,0.0,0.542,3.169,6.532
2025-07-22 09:00:00,32.47,72.34,2.2,4.282,0.17,0.103,0.0,0.207,1.256,4.761
2025-07-22 10:00:00,32.45,67.78,0.9,3.456,0.198,0.086,0.0,0.238,3.354,3.978
2025-07-22 11:00:00,33.08,71.66,1.3,4.047,0.1,0.083,0.0,0.203,2.742,4.433
2025-07-22 12:00:00,33.37,81.99,1.1,4.033,0.155,0.1,0.0,0.122,1.559,4.41
2025-07-22 13:00:00,33.35,75.88,1.0,3.933,0.203,0.111,0.0,0.159,0.0,4.405
2025-07-22 14:00:00,33.72,76.99,1.8,4.5,0.1,0.105,0.0,0.158,0.0,4.863
2025-07-22 15:00:00,32.56,77.9,0.3,3.361,0.134,0.103,0.0,0.204,0.0,3.803
2025-07-22 16:00:00,33.97,71.85,0.6,4.014,0.238,0.082,0.0,0.13,0.0,4.463
2025-07-22 17:00:00,30.76,82.7,2.6,3.844,0.1,0.096,0.0,1.254,0.0,5.295
2025-07-22 18:00:00,32.54,73.84,2.3,4.379,0.171,0.102,0.0,1.216,0.0,5.868
2025-07-22 19:00:00,30.99,85.48,2.7,3.807,0.229,1.559,0.0,1.241,0.0,6.837
2025-07-22 20:00:00,29.98,82.21,3.3,3.96,0.1,1.203,0.0,1.351,0.0,6.614
2025-07-22 21:00:00,27.68,72.61,2.8,2.489,0.119,1.32,0.0,1.217,0.0,5.145
2025-07-22 22:00:00,31.87,79.26,2.9,4.34,0.229,0.118,0.0,1.301,0.0,5.988
2025-07-22 23:00:00,28.26,75.32,2.3,2.628,0.1,0.1,0.0,1.108,0.0,3.936
2025-07-23 00:00:00,23.52,91.01,0.7,0.816,0.149,0.108,7.756,0.147,0.0,8.976
2025-07-23 01:00:00,25.23,85.67,0.8,1.344,0.237,0.092,6.516,0.159,0.0,8.347
2025-07-23 02:00:00,23.8,74.86,1.3,0.915,0.1,0.103,7.734,0.237,0.0,9.09
2025-07-23 03:00:00,23.36,87.67,0.3,0.846,0.141,0.094,0.0,0.245,0.0,1.326
2025-07-23 04:00:00,23.37,82.51,0.8,0.856,0.223,0.092,0.0,0.152,0.0,1.323
2025-07-23 05:00:00,26.82,76.82,1.4,1.949,0.1,0.096,0.0,0.188,0.0,2.334
2025-07-23 06:00:00,26.19,91.39,2.3,2.04,0.179,1.771,0.0,0.527,0.0,4.516
2025-07-23 07:00:00,29.87,82.09,1.7,3.256,0.247,1.678,0.0,0.528,1.503,5.71
2025-07-23 08:00:00,31.2,78.53,3.0,4.257,0.1,1.626,0.0,0.696,2.403,6.679
2025-07-23 09:00:00,33.07,76.45,2.8,4.5,0.17,0.105,0.0,0.144,4.029,4.919
2025-07-23 10:00:00,30.93,69.43,1.3,3.185,0.255,0.095,0.0,0.191,2.694,3.726
2025-07-23 11:00:00,33.96,69.23,0.3,3.826,0.1,0.088,0.0,0.195,2.243,4.209
2025-07-23 12:00:00,34.99,81.23,1.6,4.5,0.162,0.11,0.0,0.201,1.456,4.973
2025-07-23 13:00:00,33.83,71.84,0.7,3.888,0.241,0.109,0.0,0.161,0.0,4.399
2025-07-23 14:00:00,33.55,74.11,0.8,3.937,0.1,0.115,0.0,0.218,0.0,4.371
2025-07-23 15:00:00,36.96,63.98,0.7,4.5,0.134,0.102,0.0,0.131,0.0,4.867
2025-07-23 16:00:00,34.38,68.21,1.4,4.5,0.254,0.091,0.0,0.152,0.0,4.998
2025-07-23 17:00:00,34.2,78.81,2.9,4.5,0.1,0.115,0.0,1.176,0.0,5.891
2025-07-23 18:00:00,30.98,78.89,3.2,4.25,0.123,0.091,0.0,1.327,0.0,5.791
2025-07-23 19:00:00,29.18,87.21,3.0,3.322,0.195,1.593,7.691,1.296,0.0,14.097
2025-07-23 20:00:00,28.86,86.71,3.0,3.293,0.106,1.314,6.697,1.245,0.0,12.656
2025-07-23 21:00:00,28.23,80.4,2.6,2.886,0.13,1.578,6.959,1.175,0.0,12.728
2025-07-23 22:00:00,25.62,85.36,3.7,2.007,0.223,0.114,7.075,1.394,0.0,10.812
2025-07-23 23:00:00,26.16,82.66,2.4,2.178,0.1,0.102,7.459,1.191,0.0,11.029
2025-07-24 00:00:00,22.8,95.0,1.2,0.519,0.126,0.099,0.0,0.125,0.0,0.869
2025-07-24 01:00:00,23.16,91.54,1.2,0.768,0.247,0.12,0.0,0.1,0.0,1.235
2025-07-24 02:00:00,25.67,86.85,1.5,1.679,0.1,0.081,0.0,0.108,0.0,1.967
2025-07-24 03:00:00,25.74,86.8,1.6,1.609,0.192,0.093,0.0,0.124,0.0,2.018
2025-07-24 04:00:00,24.75,92.42,0.9,1.254,0.228,0.117,0.0,0.118,0.0,1.716
2025-07-24 05:00:00,24.6,87.14,1.2,1.287,0.1,0.106,0.0,0.182,0.0,1.675
2025-07-24 06:00:00,25.62,90.79,3.2,1.942,0.142,1.83,0.0,0.661,0.0,4.575
2025-07-24 07:00:00,27.81,70.58,2.5,2.662,0.236,1.899,0.0,0.59,1.11,5.387
2025-07-24 08:00:00,30.63,82.31,2.1,3.546,0.1,1.672,0.0,0.584,2.619,5.902
2025-07-24 09:00:00,32.35,75.87,2.3,4.377,0.122,0.083,0.0,0.24,3.182,4.822
2025-07-24 10:00:00,31.42,85.78,0.5,3.104,0.25,0.091,0.0,0.181,3.134,3.626
2025-07-24 11:00:00,31.47,83.49,1.1,3.406,0.1,0.093,0.0,0.189,2.956,3.788
2025-07-24 12:00:00,34.4,74.97,1.4,4.5,0.177,0.099,0.0,0.14,1.362,4.917
2025-07-24 13:00:00,33.26,81.88,1.0,4.041,0.263,0.096,0.0,0.112,0.0,4.512
2025-07-24 14:00:00,33.89,82.92,0.4,3.624,0.1,0.101,0.0,0.132,0.0,3.958
2025-07-24 15:00:00,36.48,74.58,1.4,4.5,0.148,0.088,0.0,0.249,0.0,4.985
2025-07-24 16:00:00,35.24,87.16,0.3,4.387,0.254,0.087,0.0,0.276,0.0,5.005
2025-07-24 17:00:00,33.44,75.6,2.4,4.5,0.1,0.094,0.0,1.209,0.0,5.903
2025-07-24 18:00:00,30.26,75.93,2.9,3.69,0.101,0.099,0.0,1.286,0.0,5.176
2025-07-24 19:00:00,31.28,82.78,3.1,4.295,0.254,1.405,0.0,1.349,0.0,7.304
2025-07-24 20:00:00,31.26,78.23,3.2,4.16,0.1,1.546,0.0,1.383,0.0,7.188
2025-07-24 21:00:00,27.81,81.98,3.0,2.546,0.155,1.386,0.0,1.23,0.0,5.317
2025-07-24 22:00:00,29.19,90.05,3.7,3.604,0.256,0.087,0.0,1.538,0.0,5.484
2025-07-24 23:00:00,28.07,84.34,3.0,2.805,0.1,0.115,0.0,1.364,0.0,4.383
2025-07-25 00:00:00,27.78,76.72,1.4,2.311,0.154,0.088,7.538,0.124,0.0,10.216
2025-07-25 01:00:00,25.24,87.63,1.3,1.455,0.253,0.119,7.115,0.14,0.0,9.082
2025-07-25 02:00:00,25.5,82.52,0.5,1.364,0.1,0.119,7.486,0.305,0.0,9.375
2025-07-25 03:00:00,26.91,90.12,0.9,1.714,0.149,0.108,0.0,0.23,0.0,2.201
2025-07-25 04:00:00,25.96,88.68,1.8,1.775,0.223,0.1,0.0,0.176,0.0,2.274
2025-07-25 05:00:00,25.33,91.6,0.8,1.401,0.1,0.112,0.0,0.178,0.0,1.791
2025-07-25 06:00:00,26.44,87.54,2.2,1.894,0.188,2.069,0.0,0.616,0.0,4.766
2025-07-25 07:00:00,28.68,87.0,2.6,2.826,0.219,1.951,0.0,0.65,1.864,5.646
2025-07-25 08:00:00,27.68,76.65,2.3,2.412,0.1,1.513,0.0,0.653,2.995,4.679
2025-07-25 09:00:00,30.69,82.47,2.2,3.678,0.156,0.08,0.0,0.228,3.474,4.142
2025-07-25 10:00:00,33.76,86.84,0.8,3.805,0.266,0.088,0.0,0.188,4.082,4.347
2025-07-25 11:00:00,29.86,72.31,1.6,3.15,0.1,0.088,0.0,0.179,3.361,3.517
2025-07-25 12:00:00,36.25,83.8,0.9,4.5,0.132,0.087,0.0,0.132,1.525,4.851
2025-07-25 13:00:00,36.13,71.46,0.5,4.5,0.225,0.1,0.0,0.115,0.0,4.941
2025-07-25 14:00:00,33.93,69.74,0.4,3.686,0.1,0.101,0.0,0.155,0.0,4.041
2025-07-25 15:00:00,35.26,75.69,1.9,4.5,0.14,0.109,0.0,0.224,0.0,4.973
2025-07-25 16:00:00,33.95,78.38,0.9,4.2,0.229,0.088,0.0,0.105,0.0,4.621
2025-07-25 17:00:00,35.0,80.32,3.2,4.5,0.1,0.084,0.0,1.41,0.0,6.094
2025-07-25 18:00:00,33.59,72.19,2.7,4.5,0.133,0.107,0.0,1.196,0.0,5.935
2025-07-25 19:00:00,28.81,80.62,3.1,3.327,0.222,1.49,6.9,1.258,0.0,13.197
2025-07-25 20:00:00,30.5,76.57,3.6,4.157,0.1,1.6,7.731,1.372,0.0,14.96
2025-07-25 21:00:00,28.01,74.11,2.7,2.77,0.16,1.428,6.593,1.12,0.0,12.071
2025-07-25 22:00:00,27.24,78.36,3.2,2.508,0.235,0.11,7.24,1.327,0.0,11.42
2025-07-25 23:00:00,24.99,80.49,2.4,1.467,0.1,0.107,6.816,1.141,0.0,9.63
2025-07-26 00:00:00,27.85,87.8,2.6,2.852,0.133,0.106,0.0,0.132,0.0,3.224
2025-07-26 01:00:00,26.29,91.56,1.9,1.924,0.205,0.081,0.0,0.214,0.0,2.424
2025-07-26 02:00:00,23.45,78.63,1.6,0.988,0.1,0.114,0.0,0.206,0.0,1.408
2025-07-26 03:00:00,22.73,87.56,1.7,0.631,0.144,0.095,0.0,0.298,0.0,1.168
2025-07-26 04:00:00,24.65,79.31,1.6,1.222,0.291,0.085,0.0,0.207,0.0,1.806
2025-07-26 05:00:00,26.68,87.39,1.6,2.034,0.1,0.11,0.0,0.207,0.0,2.451
2025-07-26 06:00:00,27.42,79.89,2.3,2.64,0.187,1.79,0.0,0.588,0.0,5.205
2025-07-26 07:00:00,30.15,76.3,3.3,3.75,0.256,1.463,0.0,0.532,1.968,6.001
2025-07-26 08:00:00,30.75,84.0,3.2,4.148,0.1,2.003,0.0,0.663,3.074,6.915
2025-07-26 09:00:00,32.31,75.51,3.5,4.5,0.138,0.097,0.0,0.252,2.884,4.988
2025-07-26 10:00:00,32.55,75.42,1.6,3.861,0.217,0.11,0.0,0.19,3.964,4.379
2025-07-26 11:00:00,31.01,64.66,1.5,3.284,0.1,0.11,0.0,0.153,1.744,3.647
2025-07-26 12:00:00,33.6,79.54,1.8,4.433,0.155,0.084,0.0,0.232,1.212,4.905
2025-07-26 13:00:00,35.98,78.31,1.2,4.5,0.249,0.105,0.0,0.136,0.0,4.989
2025-07-26 14:00:00,34.48,74.03,1.9,4.5,0.1,0.094,0.0,0.241,0.0,4.935
2025-07-26 15:00:00,35.15,66.57,1.1,4.431,0.157,0.102,0.0,0.201,0.0,4.891
2025-07-26 16:00:00,33.41,80.85,2.2,4.5,0.227,0.084,0.0,0.288,0.0,5.098
2025-07-26 17:00:00,31.55,72.43,4.0,4.5,0.1,0.104,0.0,1.417,0.0,6.12
2025-07-26 18:00:00,31.88,74.73,3.4,4.5,0.146,0.111,0.0,1.416,0.0,6.173
2025-07-26 19:00:00,31.32,90.01,4.0,4.5,0.238,1.792,0.0,1.451,0.0,7.981
2025-07-26 20:00:00,28.58,76.48,3.8,3.52,0.1,1.392,0.0,1.411,0.0,6.424
2025-07-26 21:00:00,27.91,85.26,3.4,2.953,0.149,1.293,0.0,1.301,0.0,5.695
2025-07-26 22:00:00,25.65,85.81,3.0,1.751,0.2,0.095,0.0,1.298,0.0,3.345
2025-07-26 23:00:00,27.7,86.19,3.9,2.964,0.1,0.081,0.0,1.404,0.0,4.55
2025-07-27 00:00:00,24.73,86.61,1.5,1.363,0.175,0.096,7.142,0.193,0.0,8.97
2025-07-27 01:00:00,26.85,87.68,2.2,2.278,0.2,0.117,7.715,0.256,0.0,10.565
2025-07-27 02:00:00,26.8,87.36,1.8,2.13,0.1,0.088,6.609,0.203,0.0,9.129
2025-07-27 03:00:00,24.55,85.54,1.5,1.171,0.19,0.099,0.0,0.211,0.0,1.672
2025-07-27 04:00:00,23.66,92.75,2.5,0.89,0.241,0.103,0.0,0.301,0.0,1.536
2025-07-27 05:00:00,22.84,77.68,2.0,0.731,0.1,0.087,0.0,0.239,0.0,1.157
2025-07-27 06:00:00,24.8,88.11,1.8,1.235,0.141,1.678,0.0,0.513,0.0,3.567
2025-07-27 07:00:00,26.15,85.66,3.1,2.183,0.216,2.096,0.0,0.628,1.677,5.123
2025-07-27 08:00:00,31.57,83.49,2.7,4.249,0.1,1.653,0.0,0.627,3.395,6.629
2025-07-27 09:00:00,30.97,84.03,3.0,3.994,0.169,0.105,0.0,0.345,2.662,4.614
2025-07-27 10:00:00,32.59,76.54,1.7,4.082,0.236,0.085,0.0,0.136,2.528,4.539
2025-07-27 11:00:00,29.71,66.41,1.9,3.169,0.1,0.107,0.0,0.218,1.592,3.593
2025-07-27 12:00:00,32.04,74.44,1.9,3.912,0.185,0.091,0.0,0.275,1.572,4.464
2025-07-27 13:00:00,35.66,69.25,2.2,4.5,0.225,0.089,0.0,0.248,0.0,5.062
2025-07-27 14:00:00,34.93,70.34,2.1,4.5,0.1,0.085,0.0,0.205,0.0,4.89
2025-07-27 15:00:00,34.11,67.99,2.0,4.5,0.17,0.082,0.0,0.125,0.0,4.877
2025-07-27 16:00:00,34.68,72.42,1.9,4.5,0.218,0.119,0.0,0.282,0.0,5.119
2025-07-27 17:00:00,35.49,72.77,4.0,4.5,0.1,0.097,0.0,1.416,0.0,6.113
2025-07-27 18:00:00,31.67,65.11,3.7,4.5,0.187,0.111,0.0,1.34,0.0,6.139
2025-07-27 19:00:00,30.9,81.95,3.7,4.19,0.23,1.752,7.443,1.402,0.0,15.017
2025-07-27 20:00:00,29.79,91.1,3.0,3.45,0.1,1.322,6.684,1.357,0.0,12.913
2025-07-27 21:00:00,31.8,84.58,4.0,4.5,0.147,1.722,6.93,1.46,0.0,14.759
2025-07-27 22:00:00,23.86,81.99,3.8,1.158,0.273,0.108,7.285,1.385,0.0,10.208
2025-07-27 23:00:00,26.99,83.97,4.0,2.549,0.1,0.103,6.951,1.452,0.0,11.156
2025-07-28 00:00:00,24.94,83.09,0.8,1.437,0.151,0.112,6.638,0.181,0.0,8.52
2025-07-28 01:00:00,25.46,86.25,1.0,1.399,0.207,0.084,6.815,0.158,0.0,8.663
2025-07-28 02:00:00,23.46,85.81,1.2,1.045,0.1,0.091,6.638,0.19,0.0,8.063
2025-07-28 03:00:00,24.54,81.59,0.6,0.975,0.136,0.085,0.0,0.126,0.0,1.322
2025-07-28 04:00:00,26.18,93.61,1.1,1.529,0.231,0.116,0.0,0.135,0.0,2.011
2025-07-28 05:00:00,30.58,76.81,1.0,3.219,0.1,0.084,0.0,0.208,0.0,3.611
2025-07-28 06:00:00,28.16,86.59,2.4,2.646,0.149,2.146,0.0,0.571,0.0,5.511
2025-07-28 07:00:00,26.88,81.05,3.0,2.393,0.246,1.519,0.0,0.636,1.65,4.794
2025-07-28 08:00:00,28.81,89.5,2.1,2.752,0.1,1.917,0.0,0.532,1.255,5.301
2025-07-28 09:00:00,30.06,80.15,2.6,3.525,0.137,0.106,0.0,0.2,2.936,3.969
2025-07-28 10:00:00,29.25,75.2,1.6,2.721,0.287,0.117,0.0,0.173,2.477,3.299
2025-07-28 11:00:00,32.48,74.52,0.7,3.554,0.1,0.093,0.0,0.142,2.789,3.889
2025-07-28 12:00:00,34.87,75.0,0.9,4.351,0.114,0.093,0.0,0.156,1.253,4.714
2025-07-28 13:00:00,32.36,68.49,1.9,4.129,0.209,0.114,0.0,0.218,0.0,4.67
2025-07-28 14:00:00,36.02,70.17,1.2,4.5,0.1,0.119,0.0,0.255,0.0,4.974
2025-07-28 15:00:00,35.01,65.28,0.8,4.415,0.152,0.081,0.0,0.212,0.0,4.86
2025-07-28 16:00:00,32.67,70.19,1.3,3.961,0.225,0.105,0.0,0.173,0.0,4.464
2025-07-28 17:00:00,32.77,76.23,2.8,4.5,0.107,0.09,0.0,1.212,0.0,5.909
2025-07-28 18:00:00,34.34,78.5,2.4,4.5,0.202,0.109,0.0,1.091,0.0,5.902
2025-07-28 19:00:00,31.84,68.55,3.5,4.5,0.231,1.664,7.738,1.334,0.0,15.467
2025-07-28 20:00:00,29.46,79.31,2.6,3.266,0.1,1.658,7.452,1.154,0.0,13.63
2025-07-28 21:00:00,27.79,84.37,4.0,3.031,0.168,1.461,7.67,1.44,0.0,13.77
2025-07-28 22:00:00,27.06,82.19,2.8,2.45,0.258,0.086,7.082,1.332,0.0,11.208
2025-07-28 23:00:00,25.14,81.07,3.9,1.726,0.1,0.103,7.63,1.397,0.0,10.957
2025-07-29 00:00:00,21.89,83.14,0.5,0.41,0.189,0.112,0.0,0.1,0.0,0.81
2025-07-29 01:00:00,27.61,83.09,1.4,2.219,0.235,0.116,0.0,0.183,0.0,2.753
2025-07-29 02:00:00,24.61,82.82,1.2,1.206,0.1,0.098,0.0,0.164,0.0,1.568
2025-07-29 03:00:00,25.15,86.66,1.3,1.39,0.15,0.09,0.0,0.253,0.0,1.883
2025-07-29 04:00:00,24.96,95.0,1.4,1.406,0.234,0.085,0.0,0.1,0.0,1.824
2025-07-29 05:00:00,24.74,80.52,0.8,1.208,0.1,0.112,0.0,0.124,0.0,1.544
2025-07-29 06:00:00,26.6,81.41,2.0,2.028,0.126,1.825,0.0,0.596,0.0,4.576
2025-07-29 07:00:00,25.69,81.29,2.5,1.945,0.197,1.925,0.0,0.52,0.827,4.588
2025-07-29 08:00:00,32.8,76.56,2.6,4.265,0.1,1.555,0.0,0.636,3.322,6.556
2025-07-29 09:00:00,28.82,83.94,2.3,3.074,0.132,0.08,0.0,0.186,2.854,3.473
2025-07-29 10:00:00,30.33,65.15,1.1,3.141,0.248,0.119,0.0,0.235,3.3,3.741
2025-07-29 11:00:00,32.26,73.1,1.1,3.503,0.1,0.112,0.0,0.182,1.65,3.897
2025-07-29 12:00:00,35.64,78.9,0.6,4.5,0.15,0.096,0.0,0.161,1.057,4.907
2025-07-29 13:00:00,34.23,72.73,1.2,4.454,0.266,0.098,0.0,0.215,0.0,5.033
2025-07-29 14:00:00,32.53,69.9,0.9,3.716,0.1,0.117,0.0,0.178,0.0,4.111
2025-07-29 15:00:00,36.09,76.41,0.7,4.5,0.121,0.088,0.0,0.11,0.0,4.819
2025-07-29 16:00:00,34.81,79.34,1.3,4.5,0.232,0.112,0.0,0.163,0.0,5.008
2025-07-29 17:00:00,33.72,76.81,2.7,4.5,0.1,0.081,0.0,1.149,0.0,5.83
2025-07-29 18:00:00,32.95,72.99,2.8,4.5,0.112,0.115,0.0,1.208,0.0,5.935
2025-07-29 19:00:00,34.27,80.73,3.0,4.5,0.235,1.554,0.0,1.178,0.0,7.466
2025-07-29 20:00:00,32.66,77.99,3.5,4.5,0.1,1.487,0.0,1.485,0.0,7.571
2025-07-29 21:00:00,27.06,85.28,3.1,2.567,0.203,1.624,0.0,1.291,0.0,5.685
2025-07-29 22:00:00,29.32,90.42,3.2,3.419,0.261,0.083,0.0,1.34,0.0,5.103
2025-07-29 23:00:00,26.42,71.21,2.9,2.115,0.1,0.088,0.0,1.219,0.0,3.522
2025-07-30 00:00:00,25.73,85.75,1.0,1.513,0.16,0.096,6.988,0.205,0.0,8.963
2025-07-30 01:00:00,21.95,77.12,1.0,0.2,0.199,0.105,7.606,0.218,0.0,8.327
2025-07-30 02:00:00,24.06,95.0,1.1,0.986,0.1,0.086,7.847,0.23,0.0,9.249
2025-07-30 03:00:00,23.26,83.45,0.9,0.754,0.163,0.095,0.0,0.172,0.0,1.185
2025-07-30 04:00:00,26.23,88.93,1.5,1.887,0.24,0.09,0.0,0.247,0.0,2.464
2025-07-30 05:00:00,27.38,84.07,0.9,2.041,0.1,0.106,0.0,0.145,0.0,2.392
2025-07-30 06:00:00,23.7,78.98,1.8,0.819,0.151,2.102,0.0,0.564,0.0,3.636
2025-07-30 07:00:00,27.99,76.94,3.6,3.147,0.237,1.56,0.0,0.69,1.045,5.633
2025-07-30 08:00:00,31.0,87.93,2.4,3.937,0.1,1.576,0.0,0.531,2.853,6.144
2025-07-30 09:00:00,30.33,83.23,3.0,3.808,0.129,0.104,0.0,0.149,2.681,4.19
2025-07-30 10:00:00,32.91,86.72,1.6,4.04,0.232,0.098,0.0,0.182,3.188,4.552
2025-07-30 11:00:00,33.38,76.03,1.4,4.128,0.1,0.109,0.0,0.177,3.341,4.514
2025-07-30 12:00:00,34.16,76.24,0.9,4.172,0.138,0.092,0.0,0.164,1.506,4.565
2025-07-30 13:00:00,33.74,72.87,1.1,4.19,0.261,0.102,0.0,0.236,0.0,4.788
2025-07-30 14:00:00,32.49,72.56,0.5,3.423,0.1,0.095,0.0,0.234,0.0,3.852
2025-07-30 15:00:00,32.46,69.0,1.8,3.988,0.162,0.091,0.0,0.237,0.0,4.478
2025-07-30 16:00:00,34.71,75.22,0.7,4.32,0.239,0.109,0.0,0.199,0.0,4.867
2025-07-30 17:00:00,32.88,71.81,2.9,4.5,0.1,0.112,0.0,1.26,0.0,5.972
2025-07-30 18:00:00,31.61,79.21,3.0,4.218,0.13,0.093,0.0,1.295,0.0,5.736
2025-07-30 19:00:00,29.97,79.3,3.0,3.655,0.229,1.574,6.725,1.295,0.0,13.478
2025-07-30 20:00:00,28.86,81.44,2.7,3.119,0.1,1.307,7.061,1.245,0.0,12.832
2025-07-30 21:00:00,29.59,89.93,3.6,3.617,0.162,1.675,7.706,1.399,0.0,14.557
2025-07-30 22:00:00,26.31,82.81,3.4,2.36,0.239,0.091,7.423,1.343,0.0,11.456
2025-07-30 23:00:00,23.77,88.03,3.1,1.151,0.1,0.087,7.434,1.276,0.0,10.049
2025-07-31 00:00:00,26.03,95.0,0.8,1.564,0.12,0.118,0.0,0.188,0.0,1.989
2025-07-31 01:00:00,24.11,92.33,1.4,1.047,0.254,0.097,0.0,0.181,0.0,1.579
2025-07-31 02:00:00,24.29,91.77,0.8,1.078,0.1,0.106,0.0,0.247,0.0,1.531
2025-07-31 03:00:00,26.82,84.26,1.6,2.022,0.17,0.112,0.0,0.177,0.0,2.481
2025-07-31 04:00:00,24.88,86.34,1.0,1.249,0.247,0.107,0.0,0.324,0.0,1.927
2025-07-31 05:00:00,26.14,77.65,1.5,1.868,0.1,0.103,0.0,0.277,0.0,2.347
2025-07-31 06:00:00,24.97,85.49,2.5,1.381,0.165,1.708,0.0,0.54,0.0,3.793
2025-07-31 07:00:00,27.62,82.93,2.5,2.431,0.257,2.101,0.0,0.665,1.675,5.454
2025-07-31 08:00:00,30.16,80.12,3.0,3.792,0.1,1.536,0.0,0.633,3.488,6.061
2025-07-31 09:00:00,28.2,83.58,3.4,3.28,0.135,0.115,0.0,0.28,2.959,3.81
2025-07-31 10:00:00,32.04,70.96,1.6,3.933,0.24,0.108,0.0,0.278,3.385,4.559
2025-07-31 11:00:00,32.93,83.93,1.4,4.203,0.1,0.103,0.0,0.152,1.647,4.558
2025-07-31 12:00:00,33.63,79.31,1.2,4.15,0.165,0.093,0.0,0.164,0.804,4.572
2025-07-31 13:00:00,35.63,73.85,0.8,4.5,0.245,0.086,0.0,0.212,0.0,5.042
2025-07-31 14:00:00,34.74,73.26,1.1,4.5,0.1,0.098,0.0,0.165,0.0,4.863
2025-07-31 15:00:00,36.29,76.61,0.6,4.5,0.17,0.111,0.0,0.1,0.0,4.881
2025-07-31 16:00:00,32.08,82.41,1.2,3.507,0.256,0.11,0.0,0.233,0.0,4.106
2025-07-31 17:00:00,32.98,76.27,3.2,4.5,0.1,0.106,0.0,1.327,0.0,6.032
2025-07-31 18:00:00,31.87,77.72,2.2,4.052,0.134,0.12,0.0,1.153,0.0,5.46
2025-07-31 19:00:00,28.93,78.54,3.0,3.158,0.222,1.784,0.0,1.289,0.0,6.452
2025-07-31 20:00:00,30.68,88.91,3.2,3.94,0.1,1.44,0.0,1.418,0.0,6.899
2025-07-31 21:00:00,31.44,79.71,3.0,4.306,0.169,1.316,0.0,1.325,0.0,7.116
2025-07-31 22:00:00,26.72,82.85,3.1,2.402,0.236,0.099,0.0,1.26,0.0,3.997
2025-07-31 23:00:00,26.46,91.56,2.5,2.175,0.1,0.114,0.0,1.2,0.0,3.589
2025-08-01 00:00:00,24.97,85.93,0.7,1.259,0.115,0.098,7.007,0.23,0.0,8.708
2025-08-01 01:00:00,23.27,91.48,1.4,0.683,0.235,0.093,7.752,0.251,0.0,9.013
2025-08-01 02:00:00,21.44,81.44,1.0,0.2,0.1,0.11,7.915,0.105,0.0,8.429
2025-08-01 03:00:00,23.28,84.77,1.1,0.652,0.153,0.106,0.0,0.159,0.0,1.07
2025-08-01 04:00:00,22.75,92.62,0.8,0.516,0.26,0.119,0.0,0.117,0.0,1.012
2025-08-01 05:00:00,28.19,80.86,1.0,2.214,0.1,0.102,0.0,0.212,0.0,2.628
2025-08-01 06:00:00,26.5,82.24,1.6,1.842,0.155,2.137,0.0,0.481,0.0,4.615
2025-08-01 07:00:00,27.36,82.84,2.8,2.546,0.257,1.649,0.0,0.705,1.774,5.157
2025-08-01 08:00:00,30.5,75.05,3.2,3.901,0.1,2.063,0.0,0.723,3.211,6.787
2025-08-01 09:00:00,28.78,76.38,2.1,2.768,0.14,0.094,0.0,0.2,3.297,3.201
2025-08-01 10:00:00,30.52,77.56,0.6,3.028,0.237,0.112,0.0,0.105,2.386,3.483
2025-08-01 11:00:00,32.81,75.99,1.2,3.877,0.1,0.117,0.0,0.146,2.378,4.24
2025-08-01 12:00:00,35.04,81.21,1.6,4.5,0.155,0.105,0.0,0.22,1.457,4.98
2025-08-01 13:00:00,34.75,81.91,1.0,4.319,0.237,0.109,0.0,0.223,0.0,4.887
2025-08-01 14:00:00,34.54,69.72,0.5,3.893,0.1,0.118,0.0,0.163,0.0,4.275
2025-08-01 15:00:00,34.12,74.76,0.9,4.155,0.16,0.095,0.0,0.1,0.0,4.51
2025-08-01 16:00:00,34.1,78.18,0.6,3.853,0.213,0.1,0.0,0.202,0.0,4.368
2025-08-01 17:00:00,33.01,83.34,2.7,4.5,0.1,0.116,0.0,1.136,0.0,5.852
2025-08-01 18:00:00,30.12,80.59,2.9,3.661,0.169,0.107,0.0,1.155,0.0,5.091
2025-08-01 19:00:00,30.53,79.9,2.6,3.877,0.212,1.724,7.451,1.27,0.0,14.535
2025-08-01 20:00:00,27.56,83.33,2.7,2.599,0.1,1.571,7.106,1.171,0.0,12.547
2025-08-01 21:00:00,28.0,84.92,3.0,2.777,0.129,1.644,7.486,1.297,0.0,13.333
2025-08-01 22:00:00,25.95,78.36,3.1,1.839,0.235,0.081,6.501,1.298,0.0,9.953
2025-08-01 23:00:00,29.44,85.21,2.4,3.306,0.1,0.094,6.969,1.149,0.0,11.618
2025-08-02 00:00:00,24.7,92.49,2.0,1.211,0.132,0.111,0.0,0.219,0.0,1.673
2025-08-02 01:00:00,22.16,84.76,1.6,0.363,0.248,0.096,0.0,0.172,0.0,0.878
2025-08-02 02:00:00,23.89,86.65,2.1,1.23,0.1,0.095,0.0,0.215,0.0,1.64
2025-08-02 03:00:00,25.04,84.58,2.1,1.551,0.154,0.118,0.0,0.194,0.0,2.017
2025-08-02 04:00:00,27.27,73.63,1.6,2.212,0.228,0.102,0.0,0.172,0.0,2.715
2025-08-02 05:00:00,24.67,84.35,2.0,1.438,0.105,0.088,0.0,0.178,0.0,1.809
2025-08-02 06:00:00,24.22,84.51,3.0,1.392,0.112,1.78,0.0,0.592,0.0,3.877
2025-08-02 07:00:00,29.02,78.99,3.8,3.695,0.236,1.813,0.0,0.749,1.521,6.494
2025-08-02 08:00:00,27.02,74.23,3.0,2.379,0.1,2.152,0.0,0.616,0.998,5.247
2025-08-02 09:00:00,29.73,74.04,3.4,3.669,0.139,0.109,0.0,0.197,3.837,4.113
2025-08-02 10:00:00,31.21,80.82,1.7,3.505,0.203,0.101,0.0,0.181,2.452,3.989
2025-08-02 11:00:00,32.52,85.62,1.4,3.897,0.109,0.097,0.0,0.165,2.083,4.269
2025-08-02 12:00:00,34.46,81.72,2.2,4.5,0.143,0.117,0.0,0.195,1.144,4.955
2025-08-02 13:00:00,32.9,67.48,1.6,3.932,0.232,0.106,0.0,0.232,0.0,4.502
2025-08-02 14:00:00,33.68,78.27,1.1,4.082,0.1,0.094,0.0,0.152,0.0,4.428
2025-08-02 15:00:00,33.9,70.89,0.6,4.106,0.127,0.099,0.0,0.15,0.0,4.483
2025-08-02 16:00:00,33.65,71.89,1.4,4.335,0.258,0.091,0.0,0.226,0.0,4.91
2025-08-02 17:00:00,32.77,73.45,4.0,4.5,0.1,0.118,0.0,1.462,0.0,6.181
2025-08-02 18:00:00,32.25,80.53,4.0,4.5,0.168,0.108,0.0,1.406,0.0,6.182
2025-08-02 19:00:00,31.65,83.24,3.5,4.365,0.212,1.435,0.0,1.41,0.0,7.423
2025-08-02 20:00:00,29.68,79.51,3.7,3.748,0.1,1.31,0.0,1.43,0.0,6.588
2025-08-02 21:00:00,28.48,81.15,3.6,3.333,0.17,1.306,0.0,1.42,0.0,6.23
2025-08-02 22:00:00,24.22,85.32,3.3,1.224,0.232,0.099,0.0,1.338,0.0,2.893
2025-08-02 23:00:00,25.63,87.08,3.4,2.037,0.1,0.099,0.0,1.339,0.0,3.574
2025-08-03 00:00:00,25.4,91.08,2.2,1.467,0.155,0.097,7.157,0.162,0.0,9.039
2025-08-03 01:00:00,25.27,79.37,2.0,1.558,0.205,0.114,7.277,0.141,0.0,9.295
2025-08-03 02:00:00,22.97,86.1,1.9,0.765,0.1,0.119,7.271,0.203,0.0,8.458
2025-08-03 03:00:00,23.19,80.46,1.3,0.699,0.14,0.094,0.0,0.189,0.0,1.123
2025-08-03 04:00:00,23.82,84.94,1.8,1.255,0.238,0.092,0.0,0.192,0.0,1.777
2025-08-03 05:00:00,26.28,83.11,0.9,1.624,0.1,0.111,0.0,0.171,0.0,2.006
2025-08-03 06:00:00,28.06,82.77,3.6,2.998,0.117,1.764,0.0,0.759,0.0,5.638
2025-08-03 07:00:00,27.11,77.55,3.4,2.603,0.228,1.597,0.0,0.754,1.446,5.181
2025-08-03 08:00:00,30.37,72.56,2.8,3.636,0.1,1.57,0.0,0.566,1.844,5.872
2025-08-03 09:00:00,30.49,67.97,3.9,4.086,0.134,0.091,0.0,0.283,3.336,4.595
2025-08-03 10:00:00,31.32,76.34,1.1,3.25,0.22,0.08,0.0,0.185,1.795,3.735
2025-08-03 11:00:00,32.23,73.6,2.0,4.169,0.1,0.118,0.0,0.244,2.639,4.631
2025-08-03 12:00:00,34.46,71.42,2.0,4.5,0.16,0.097,0.0,0.297,1.394,5.055
2025-08-03 13:00:00,34.33,80.82,1.3,4.5,0.244,0.083,0.0,0.299,0.0,5.125
2025-08-03 14:00:00,37.42,69.7,1.8,4.5,0.1,0.087,0.0,0.24,0.0,4.926
2025-08-03 15:00:00,32.56,81.29,1.1,3.865,0.162,0.093,0.0,0.186,0.0,4.306
2025-08-03 16:00:00,34.12,82.92,0.7,4.089,0.284,0.102,0.0,0.152,0.0,4.627
2025-08-03 17:00:00,31.75,66.0,3.4,4.488,0.1,0.108,0.0,1.464,0.0,6.161
2025-08-03 18:00:00,30.21,77.46,3.6,3.864,0.17,0.092,0.0,1.33,0.0,5.457
2025-08-03 19:00:00,30.29,76.45,4.0,3.988,0.256,1.775,7.199,1.481,0.0,14.699
2025-08-03 20:00:00,29.22,65.44,3.8,3.677,0.1,1.656,6.684,1.399,0.0,13.516
2025-08-03 21:00:00,32.09,74.33,3.8,4.5,0.161,1.695,6.655,1.347,0.0,14.359
2025-08-03 22:00:00,26.23,86.87,3.4,2.053,0.22,0.093,6.668,1.429,0.0,10.462
2025-08-03 23:00:00,23.78,94.34,3.6,1.16,0.1,0.095,7.691,1.287,0.0,10.334
2025-08-04 00:00:00,25.01,89.71,0.6,1.161,0.155,0.102,6.509,0.1,0.0,8.026
2025-08-04 01:00:00,20.99,87.41,0.5,0.2,0.253,0.098,6.771,0.2,0.0,7.523
2025-08-04 02:00:00,23.79,85.89,0.8,0.837,0.1,0.09,7.856,0.158,0.0,9.042
2025-08-04 03:00:00,24.12,94.21,1.0,1.141,0.175,0.12,0.0,0.202,0.0,1.639
2025-08-04 04:00:00,25.79,95.0,0.8,1.458,0.237,0.114,0.0,0.173,0.0,1.981
2025-08-04 05:00:00,26.85,81.31,0.9,1.729,0.1,0.09,0.0,0.206,0.0,2.125
2025-08-04 06:00:00,25.67,73.0,2.8,1.806,0.156,2.083,0.0,0.607,0.0,4.653
2025-08-04 07:00:00,27.41,71.06,2.3,2.377,0.239,1.863,0.0,0.629,1.524,5.108
2025-08-04 08:00:00,27.78,86.61,2.0,2.51,0.1,1.449,0.0,0.604,1.546,4.663
2025-08-04 09:00:00,28.53,78.21,2.7,2.933,0.163,0.094,0.0,0.309,1.214,3.499
2025-08-04 10:00:00,31.89,77.92,1.1,3.6,0.276,0.081,0.0,0.246,2.81,4.203
2025-08-04 11:00:00,30.55,66.8,1.1,3.05,0.1,0.084,0.0,0.179,1.742,3.412
2025-08-04 12:00:00,32.64,71.04,1.3,3.839,0.161,0.087,0.0,0.222,1.85,4.31
2025-08-04 13:00:00,32.26,72.73,1.2,3.635,0.237,0.099,0.0,0.206,0.0,4.178
2025-08-04 14:00:00,34.75,75.04,1.0,4.35,0.1,0.095,0.0,0.201,0.0,4.747
2025-08-04 15:00:00,36.46,72.21,2.0,4.5,0.103,0.086,0.0,0.143,0.0,4.831
2025-08-04 16:00:00,31.31,69.62,0.5,3.024,0.248,0.096,0.0,0.202,0.0,3.57
2025-08-04 17:00:00,29.68,71.83,2.8,3.405,0.1,0.092,0.0,1.273,0.0,4.87
2025-08-04 18:00:00,31.24,83.04,3.4,4.428,0.133,0.096,0.0,1.433,0.0,6.091
2025-08-04 19:00:00,30.24,79.67,3.1,3.851,0.237,1.303,7.478,1.347,0.0,14.217
2025-08-04 20:00:00,29.26,83.06,3.3,3.621,0.1,1.566,6.999,1.336,0.0,13.621
2025-08-04 21:00:00,26.96,77.06,3.1,2.487,0.115,1.227,7.091,1.286,0.0,12.205
2025-08-04 22:00:00,26.13,68.23,3.5,2.14,0.238,0.096,7.324,1.318,0.0,11.115
2025-08-04 23:00:00,25.94,81.63,2.6,2.129,0.1,0.116,6.951,1.306,0.0,10.602
2025-08-05 00:00:00,26.07,80.86,1.5,1.805,0.139,0.097,0.0,0.143,0.0,2.184
2025-08-05 01:00:00,21.08,87.54,1.5,0.2,0.242,0.098,0.0,0.101,0.0,0.64
2025-08-05 02:00:00,23.29,95.0,0.5,0.696,0.1,0.083,0.0,0.21,0.0,1.089
2025-08-05 03:00:00,24.33,89.27,1.3,1.126,0.171,0.104,0.0,0.192,0.0,1.593
2025-08-05 04:00:00,23.13,95.0,1.0,0.662,0.235,0.117,0.0,0.193,0.0,1.206
2025-08-05 05:00:00,27.9,87.09,0.8,2.014,0.1,0.092,0.0,0.182,0.0,2.388
2025-08-05 06:00:00,25.39,79.85,1.7,1.713,0.144,1.723,0.0,0.487,0.0,4.066
2025-08-05 07:00:00,27.48,83.29,2.1,2.384,0.276,1.863,0.0,0.586,1.607,5.11
2025-08-05 08:00:00,29.67,88.9,2.8,3.461,0.1,1.507,0.0,0.607,2.251,5.675
2025-08-05 09:00:00,29.25,87.59,2.8,3.496,0.136,0.118,0.0,0.212,3.773,3.962
2025-08-05 10:00:00,28.57,74.12,0.9,2.343,0.235,0.099,0.0,0.249,2.634,2.924
2025-08-05 11:00:00,31.73,77.02,1.3,3.669,0.1,0.085,0.0,0.229,2.996,4.083
2025-08-05 12:00:00,34.71,67.66,1.4,4.5,0.125,0.093,0.0,0.1,0.917,4.818
2025-08-05 13:00:00,33.16,78.33,1.1,3.981,0.251,0.095,0.0,0.193,0.0,4.519
2025-08-05 14:00:00,32.57,81.77,0.7,3.605,0.1,0.094,0.0,0.225,0.0,4.024
2025-08-05 15:00:00,35.06,74.4,1.2,4.5,0.136,0.108,0.0,0.123,0.0,4.866
2025-08-05 16:00:00,32.67,71.47,1.2,3.975,0.21,0.094,0.0,0.143,0.0,4.422
2025-08-05 17:00:00,31.61,77.56,3.3,4.37,0.1,0.093,0.0,1.373,0.0,5.936
2025-08-05 18:00:00,31.56,79.09,3.3,4.5,0.106,0.093,0.0,1.313,0.0,6.012
2025-08-05 19:00:00,31.29,78.85,2.5,4.091,0.248,1.667,0.0,1.094,0.0,7.099
2025-08-05 20:00:00,32.41,80.89,2.8,4.5,0.1,1.385,0.0,1.307,0.0,7.292
2025-08-05 21:00:00,28.79,80.68,2.2,2.912,0.117,1.208,0.0,1.15,0.0,5.388
2025-08-05 22:00:00,28.08,87.98,3.3,2.914,0.24,0.095,0.0,1.346,0.0,4.595
2025-08-05 23:00:00,24.55,87.92,2.9,1.396,0.1,0.091,0.0,1.264,0.0,2.851
2025-08-06 00:00:00,22.88,80.28,1.2,0.499,0.169,0.116,7.125,0.241,0.0,8.15
2025-08-06 01:00:00,24.01,80.74,0.4,0.974,0.207,0.099,7.491,0.107,0.0,8.878
2025-08-06 02:00:00,23.91,84.73,1.6,0.801,0.1,0.089,7.486,0.23,0.0,8.706
2025-08-06 03:00:00,22.3,89.48,0.5,0.324,0.18,0.119,0.0,0.232,0.0,0.855
2025-08-06 04:00:00,24.16,85.94,1.3,1.053,0.22,0.09,0.0,0.122,0.0,1.485
2025-08-06 05:00:00,25.81,81.03,1.0,1.689,0.1,0.111,0.0,0.144,0.0,2.044
2025-08-06 06:00:00,26.79,84.31,2.4,2.156,0.163,1.908,0.0,0.676,0.0,4.903
2025-08-06 07:00:00,28.21,79.9,2.4,2.787,0.213,1.773,0.0,0.645,0.748,5.418
2025-08-06 08:00:00,29.19,84.4,2.2,3.056,0.1,1.732,0.0,0.539,2.594,5.427
2025-08-06 09:00:00,29.28,80.11,3.0,3.464,0.168,0.115,0.0,0.18,3.51,3.927
2025-08-06 10:00:00,30.48,75.42,1.0,3.092,0.208,0.099,0.0,0.194,2.487,3.593
2025-08-06 11:00:00,30.49,76.91,0.5,2.936,0.1,0.095,0.0,0.181,3.296,3.312
2025-08-06 12:00:00,35.76,81.38,0.8,4.5,0.127,0.094,0.0,0.172,0.923,4.894
2025-08-06 13:00:00,33.6,71.36,1.1,3.983,0.221,0.091,0.0,0.298,0.0,4.593
2025-08-06 14:00:00,33.41,76.01,1.4,4.221,0.1,0.096,0.0,0.223,0.0,4.64
2025-08-06 15:00:00,32.19,73.85,0.8,3.44,0.178,0.085,0.0,0.131,0.0,3.833
2025-08-06 16:00:00,37.48,76.94,0.8,4.5,0.242,0.083,0.0,0.226,0.0,5.051
2025-08-06 17:00:00,30.68,72.48,3.0,3.964,0.1,0.102,0.0,1.284,0.0,5.45
2025-08-06 18:00:00,30.61,77.55,3.3,4.166,0.16,0.098,0.0,1.302,0.0,5.726
2025-08-06 19:00:00,30.67,83.99,2.5,3.782,0.223,1.304,7.091,1.237,0.0,13.637
2025-08-06 20:00:00,29.65,75.31,3.2,3.517,0.1,1.264,7.698,1.386,0.0,13.965
2025-08-06 21:00:00,28.89,74.91,2.8,3.028,0.124,1.286,7.185,1.261,0.0,12.885
2025-08-06 22:00:00,28.96,76.54,2.9,3.36,0.217,0.093,7.243,1.21,0.0,12.124
2025-08-06 23:00:00,25.97,78.39,3.8,2.028,0.1,0.098,7.318,1.414,0.0,10.959
2025-08-07 00:00:00,22.74,88.17,0.9,0.51,0.129,0.088,0.0,0.13,0.0,0.856
2025-08-07 01:00:00,23.44,78.77,1.3,0.882,0.211,0.11,0.0,0.2,0.0,1.403
2025-08-07 02:00:00,24.12,84.51,1.3,1.206,0.1,0.088,0.0,0.226,0.0,1.62
2025-08-07 03:00:00,26.93,88.89,0.5,1.773,0.173,0.085,0.0,0.1,0.0,2.131
2025-08-07 04:00:00,22.23,87.28,0.3,0.361,0.268,0.12,0.0,0.194,0.0,0.942
2025-08-07 05:00:00,26.93,82.31,1.3,1.902,0.1,0.098,0.0,0.171,0.0,2.271
2025-08-07 06:00:00,26.43,83.95,2.1,2.003,0.162,1.562,0.0,0.537,0.0,4.264
2025-08-07 07:00:00,28.62,82.09,1.8,2.605,0.225,2.084,0.0,0.48,1.407,5.395
2025-08-07 08:00:00,28.5,78.88,2.9,2.943,0.1,1.606,0.0,0.579,1.991,5.229
2025-08-07 09:00:00,28.69,77.39,2.1,2.904,0.132,0.117,0.0,0.301,2.611,3.454
2025-08-07 10:00:00,32.28,88.18,0.7,3.443,0.23,0.085,0.0,0.213,3.302,3.972
2025-08-07 11:00:00,33.17,79.8,1.8,4.416,0.1,0.114,0.0,0.268,2.527,4.898
2025-08-07 12:00:00,34.44,87.21,0.3,3.939,0.148,0.087,0.0,0.117,0.831,4.292
2025-08-07 13:00:00,33.47,71.72,0.5,3.614,0.231,0.118,0.0,0.255,0.0,4.218
2025-08-07 14:00:00,32.76,73.58,0.8,3.812,0.1,0.103,0.0,0.171,0.0,4.186
2025-08-07 15:00:00,31.15,67.54,0.9,3.095,0.157,0.088,0.0,0.138,0.0,3.477
2025-08-07 16:00:00,34.22,70.76,0.6,3.997,0.209,0.114,0.0,0.115,0.0,4.435
2025-08-07 17:00:00,32.83,85.27,2.5,4.5,0.1,0.096,0.0,1.153,0.0,5.849
2025-08-07 18:00:00,29.71,74.39,3.6,3.857,0.138,0.109,0.0,1.339,0.0,5.444
2025-08-07 19:00:00,29.14,88.04,3.1,3.289,0.278,1.586,0.0,1.252,0.0,6.406
2025-08-07 20:00:00,27.96,73.78,3.2,2.8,0.1,1.629,0.0,1.363,0.0,5.891
2025-08-07 21:00:00,25.14,76.29,2.9,1.687,0.14,1.406,0.0,1.401,0.0,4.635
2025-08-07 22:00:00,24.93,81.29,3.1,1.593,0.225,0.118,0.0,1.286,0.0,3.222
2025-08-07 23:00:00,23.42,83.92,3.4,0.974,0.1,0.102,0.0,1.328,0.0,2.505
2025-08-08 00:00:00,23.61,89.81,0.6,0.819,0.162,0.083,7.26,0.1,0.0,8.424
2025-08-08 01:00:00,22.62,88.05,1.1,0.409,0.236,0.083,7.128,0.137,0.0,7.993
2025-08-08 02:00:00,21.12,83.92,1.3,0.2,0.1,0.11,7.198,0.107,0.0,7.715
2025-08-08 03:00:00,26.76,85.13,1.6,2.22,0.159,0.114,0.0,0.239,0.0,2.732
2025-08-08 04:00:00,26.11,83.6,1.8,1.823,0.237,0.108,0.0,0.3,0.0,2.468
2025-08-08 05:00:00,23.86,79.67,1.0,0.94,0.1,0.091,0.0,0.127,0.0,1.258
2025-08-08 06:00:00,26.47,78.56,3.0,2.132,0.174,1.603,0.0,0.626,0.0,4.535
2025-08-08 07:00:00,27.89,86.69,1.4,2.434,0.25,1.847,0.0,0.502,1.343,5.033
2025-08-08 08:00:00,30.35,70.86,3.1,3.789,0.1,1.582,0.0,0.684,1.853,6.154
2025-08-08 09:00:00,28.63,86.53,2.2,2.565,0.158,0.095,0.0,0.222,3.37,3.04
2025-08-08 10:00:00,32.7,75.29,0.9,3.663,0.214,0.105,0.0,0.283,3.631,4.264
2025-08-08 11:00:00,31.27,71.89,1.2,3.356,0.115,0.091,0.0,0.148,2.83,3.71
2025-08-08 12:00:00,30.89,78.5,0.9,3.141,0.161,0.095,0.0,0.223,1.494,3.62
2025-08-08 13:00:00,34.48,81.63,1.1,4.364,0.249,0.094,0.0,0.153,0.0,4.86
2025-08-08 14:00:00,35.5,79.59,1.6,4.5,0.1,0.098,0.0,0.119,0.0,4.817
2025-08-08 15:00:00,37.27,76.71,0.8,4.5,0.104,0.107,0.0,0.247,0.0,4.958
2025-08-08 16:00:00,31.09,80.24,0.6,3.035,0.231,0.111,0.0,0.261,0.0,3.638
2025-08-08 17:00:00,33.14,67.17,3.7,4.5,0.1,0.107,0.0,1.417,0.0,6.123
2025-08-08 18:00:00,30.45,74.39,3.2,3.723,0.134,0.081,0.0,1.282,0.0,5.219
2025-08-08 19:00:00,31.03,73.89,3.8,4.406,0.22,1.738,7.326,1.346,0.0,15.035
2025-08-08 20:00:00,26.35,86.12,3.3,2.263,0.1,1.549,7.337,1.363,0.0,12.612
2025-08-08 21:00:00,25.37,79.64,2.5,1.766,0.165,1.752,7.868,1.089,0.0,12.64
2025-08-08 22:00:00,24.9,87.23,3.3,1.599,0.262,0.119,7.561,1.365,0.0,10.905
2025-08-08 23:00:00,25.14,86.92,2.6,1.494,0.1,0.099,7.424,1.196,0.0,10.313
2025-08-09 00:00:00,23.17,80.88,1.8,0.578,0.139,0.117,0.0,0.182,0.0,1.015
2025-08-09 01:00:00,24.62,82.86,1.8,1.193,0.229,0.095,0.0,0.149,0.0,1.667
2025-08-09 02:00:00,25.0,92.47,1.2,1.356,0.1,0.09,0.0,0.113,0.0,1.659
2025-08-09 03:00:00,24.53,81.92,1.5,1.351,0.154,0.083,0.0,0.191,0.0,1.78
2025-08-09 04:00:00,26.56,85.82,2.7,2.188,0.245,0.098,0.0,0.24,0.0,2.772
2025-08-09 05:00:00,25.55,80.33,1.9,1.514,0.1,0.108,0.0,0.202,0.0,1.924
2025-08-09 06:00:00,24.14,81.43,3.2,1.215,0.161,2.143,0.0,0.713,0.0,4.232
2025-08-09 07:00:00,29.21,81.32,4.0,3.594,0.246,1.815,0.0,0.723,1.432,6.378
2025-08-09 08:00:00,27.55,76.09,3.1,2.659,0.1,1.969,0.0,0.687,2.632,5.415
2025-08-09 09:00:00,31.12,73.64,3.3,4.333,0.116,0.116,0.0,0.174,3.421,4.739
2025-08-09 10:00:00,33.32,78.43,2.2,4.5,0.219,0.102,0.0,0.194,3.758,5.014
2025-08-09 11:00:00,32.68,71.53,1.6,4.058,0.1,0.087,0.0,0.273,2.768,4.518
2025-08-09 12:00:00,30.55,70.75,1.5,3.293,0.116,0.114,0.0,0.244,1.014,3.767
2025-08-09 13:00:00,31.91,69.51,0.9,3.388,0.263,0.103,0.0,0.194,0.0,3.947
2025-08-09 14:00:00,35.44,73.61,1.4,4.5,0.1,0.11,0.0,0.174,0.0,4.884
2025-08-09 15:00:00,33.04,78.92,1.4,4.268,0.135,0.106,0.0,0.146,0.0,4.654
2025-08-09 16:00:00,32.91,82.34,1.9,4.035,0.229,0.082,0.0,0.179,0.0,4.526
2025-08-09 17:00:00,33.13,72.13,3.6,4.5,0.1,0.087,0.0,1.401,0.0,6.088
2025-08-09 18:00:00,32.0,87.75,4.0,4.5,0.151,0.091,0.0,1.341,0.0,6.083
2025-08-09 19:00:00,30.17,73.42,3.4,3.871,0.232,1.371,0.0,1.43,0.0,6.904
2025-08-09 20:00:00,28.15,85.42,4.0,3.089,0.1,1.704,0.0,1.502,0.0,6.395
2025-08-09 21:00:00,26.7,77.94,3.9,2.594,0.16,1.559,0.0,1.483,0.0,5.796
2025-08-09 22:00:00,27.25,78.65,4.0,2.876,0.226,0.083,0.0,1.471,0.0,4.657
2025-08-09 23:00:00,25.76,80.52,4.0,1.997,0.1,0.095,0.0,1.445,0.0,3.638
2025-08-10 00:00:00,23.64,84.93,0.9,0.788,0.143,0.102,7.918,0.196,0.0,9.147
2025-08-10 01:00:00,25.15,88.7,1.8,1.563,0.251,0.09,7.615,0.186,0.0,9.704
2025-08-10 02:00:00,23.16,89.35,1.7,0.678,0.1,0.082,7.123,0.307,0.0,8.29
2025-08-10 03:00:00,22.25,81.08,1.3,0.449,0.132,0.095,0.0,0.183,0.0,0.86
2025-08-10 04:00:00,22.89,80.25,2.0,0.829,0.224,0.098,0.0,0.186,0.0,1.337
2025-08-10 05:00:00,23.35,79.66,2.5,0.666,0.1,0.116,0.0,0.211,0.0,1.093
2025-08-10 06:00:00,25.45,82.44,2.2,1.628,0.154,2.094,0.0,0.542,0.0,4.418
2025-08-10 07:00:00,28.91,80.5,3.1,3.268,0.255,1.8,0.0,0.687,1.542,6.01
2025-08-10 08:00:00,27.15,75.25,2.8,2.266,0.1,1.779,0.0,0.598,3.255,4.744
2025-08-10 09:00:00,29.93,79.8,3.3,3.698,0.106,0.106,0.0,0.244,3.491,4.153
2025-08-10 10:00:00,29.87,88.31,1.7,3.211,0.252,0.09,0.0,0.267,2.894,3.82
2025-08-10 11:00:00,31.5,73.23,1.6,3.557,0.1,0.091,0.0,0.25,2.712,3.999
2025-08-10 12:00:00,30.42,72.64,2.1,3.311,0.136,0.08,0.0,0.161,1.468,3.688
2025-08-10 13:00:00,32.86,77.0,2.5,4.5,0.241,0.083,0.0,0.283,0.0,5.106
2025-08-10 14:00:00,33.07,71.21,2.9,4.5,0.1,0.087,0.0,0.165,0.0,4.852
2025-08-10 15:00:00,34.0,77.55,1.5,4.454,0.167,0.106,0.0,0.12,0.0,4.847
2025-08-10 16:00:00,33.02,71.21,1.1,3.898,0.224,0.089,0.0,0.166,0.0,4.376
2025-08-10 17:00:00,30.1,84.92,4.0,4.178,0.1,0.085,0.0,1.455,0.0,5.817
2025-08-10 18:00:00,32.48,78.72,4.0,4.5,0.144,0.105,0.0,1.429,0.0,6.177
2025-08-10 19:00:00,29.97,75.35,4.0,4.082,0.256,1.591,7.675,1.462,0.0,15.066
2025-08-10 20:00:00,28.66,77.06,4.0,3.36,0.1,1.236,7.893,1.421,0.0,14.011
2025-08-10 21:00:00,27.05,78.98,3.7,2.445,0.152,1.664,7.895,1.291,0.0,13.446
2025-08-10 22:00:00,25.08,89.86,3.6,1.814,0.263,0.104,7.138,1.359,0.0,10.679
2025-08-10 23:00:00,25.15,77.9,3.8,1.942,0.1,0.096,7.848,1.339,0.0,11.326
2025-08-11 00:00:00,24.64,81.86,0.9,1.128,0.166,0.119,7.006,0.176,0.0,8.595
2025-08-11 01:00:00,20.8,82.99,1.3,0.2,0.213,0.08,7.355,0.125,0.0,7.974
2025-08-11 02:00:00,22.44,85.92,1.4,0.455,0.1,0.102,7.663,0.218,0.0,8.537
2025-08-11 03:00:00,23.04,84.44,1.4,0.684,0.146,0.086,0.0,0.26,0.0,1.176
2025-08-11 04:00:00,24.31,77.74,1.2,1.268,0.229,0.093,0.0,0.1,0.0,1.69
2025-08-11 05:00:00,26.51,82.24,1.1,1.767,0.1,0.085,0.0,0.1,0.0,2.052
2025-08-11 06:00:00,24.59,82.5,2.8,1.397,0.147,1.921,0.0,0.61,0.0,4.075
2025-08-11 07:00:00,26.21,78.41,1.7,1.647,0.224,1.729,0.0,0.594,1.425,4.194
2025-08-11 08:00:00,27.48,83.43,2.6,2.588,0.1,2.15,0.0,0.615,2.904,5.453
2025-08-11 09:00:00,28.34,83.04,2.5,2.763,0.147,0.106,0.0,0.204,3.086,3.22
2025-08-11 10:00:00,30.23,76.61,1.1,3.02,0.241,0.117,0.0,0.129,2.435,3.507
2025-08-11 11:00:00,32.94,76.91,1.0,3.797,0.1,0.09,0.0,0.215,2.305,4.202
2025-08-11 12:00:00,31.0,64.0,1.2,3.248,0.144,0.093,0.0,0.262,0.641,3.747
2025-08-11 13:00:00,33.72,72.1,0.8,3.962,0.222,0.095,0.0,0.1,0.0,4.379
2025-08-11 14:00:00,30.7,79.02,1.5,3.303,0.1,0.114,0.0,0.208,0.0,3.725
2025-08-11 15:00:00,32.24,72.09,1.2,3.826,0.165,0.088,0.0,0.313,0.0,4.393
2025-08-11 16:00:00,32.09,71.12,1.1,3.75,0.238,0.118,0.0,0.152,0.0,4.258
2025-08-11 17:00:00,34.3,87.15,2.7,4.5,0.1,0.082,0.0,1.226,0.0,5.908
2025-08-11 18:00:00,30.34,86.1,3.3,4.047,0.173,0.116,0.0,1.33,0.0,5.666
2025-08-11 19:00:00,26.24,80.78,3.1,2.233,0.211,1.471,7.626,1.273,0.0,12.813
2025-08-11 20:00:00,25.25,85.69,2.7,1.722,0.1,1.516,6.768,1.287,0.0,11.393
2025-08-11 21:00:00,27.01,70.42,3.0,2.579,0.131,1.798,7.048,1.366,0.0,12.923
2025-08-11 22:00:00,26.67,79.06,3.3,2.232,0.25,0.115,7.296,1.235,0.0,11.128
2025-08-11 23:00:00,25.28,81.89,3.2,1.709,0.1,0.116,6.998,1.269,0.0,10.192
2025-08-12 00:00:00,24.06,84.02,1.2,0.93,0.166,0.103,0.0,0.248,0.0,1.447
2025-08-12 01:00:00,25.06,83.35,1.0,1.282,0.252,0.118,0.0,0.211,0.0,1.864
2025-08-12 02:00:00,22.33,73.25,1.4,0.521,0.1,0.108,0.0,0.214,0.0,0.943
2025-08-12 03:00:00,24.66,87.73,1.5,1.142,0.151,0.113,0.0,0.23,0.0,1.635
2025-08-12 04:00:00,21.36,87.91,1.3,0.2,0.219,0.109,0.0,0.194,0.0,0.721
2025-08-12 05:00:00,23.25,92.25,0.8,0.644,0.1,0.111,0.0,0.197,0.0,1.052
2025-08-12 06:00:00,22.93,79.06,2.1,0.675,0.166,1.899,0.0,0.55,0.0,3.291
2025-08-12 07:00:00,26.44,77.2,2.3,2.063,0.217,1.963,0.0,0.571,1.467,4.814
2025-08-12 08:00:00,28.07,66.6,3.3,3.124,0.1,1.754,0.0,0.658,2.53,5.635
2025-08-12 09:00:00,29.61,76.98,2.6,3.284,0.172,0.108,0.0,0.208,1.563,3.772
2025-08-12 10:00:00,30.74,81.51,1.9,3.475,0.275,0.091,0.0,0.229,3.478,4.07
2025-08-12 11:00:00,30.29,72.7,1.0,2.864,0.1,0.105,0.0,0.193,2.38,3.263
2025-08-12 12:00:00,32.19,85.52,0.9,3.482,0.161,0.101,0.0,0.1,0.927,3.844
2025-08-12 13:00:00,30.73,72.92,1.0,3.011,0.23,0.116,0.0,0.169,0.0,3.526
2025-08-12 14:00:00,35.19,74.73,1.0,4.5,0.1,0.107,0.0,0.18,0.0,4.887
2025-08-12 15:00:00,32.52,67.39,0.7,3.601,0.157,0.104,0.0,0.247,0.0,4.109
2025-08-12 16:00:00,31.74,76.24,0.5,3.32,0.233,0.093,0.0,0.152,0.0,3.797
2025-08-12 17:00:00,34.06,65.86,3.2,4.5,0.1,0.115,0.0,1.317,0.0,6.031
2025-08-12 18:00:00,28.78,80.47,3.4,3.347,0.154,0.082,0.0,1.344,0.0,4.927
2025-08-12 19:00:00,27.75,82.07,4.0,3.028,0.243,1.74,0.0,1.503,0.0,6.514
2025-08-12 20:00:00,26.5,86.8,2.8,2.187,0.1,1.592,0.0,1.193,0.0,5.071
2025-08-12 21:00:00,26.75,76.45,2.9,2.175,0.149,1.314,0.0,1.218,0.0,4.856
2025-08-12 22:00:00,26.29,83.8,2.7,2.095,0.261,0.116,0.0,1.188,0.0,3.66
2025-08-12 23:00:00,25.72,87.06,3.5,2.023,0.1,0.093,0.0,1.353,0.0,3.569
2025-08-13 00:00:00,27.56,87.41,1.3,2.212,0.153,0.087,6.529,0.115,0.0,9.096
2025-08-13 01:00:00,19.83,81.47,0.6,0.323,0.24,0.093,6.948,0.243,0.0,7.847
2025-08-13 02:00:00,23.94,74.04,0.6,0.973,0.1,0.118,7.095,0.19,0.0,8.476
2025-08-13 03:00:00,22.37,87.53,1.4,0.352,0.122,0.11,0.0,0.221,0.0,0.804
2025-08-13 04:00:00,22.82,84.43,1.2,0.577,0.268,0.117,0.0,0.29,0.0,1.251
2025-08-13 05:00:00,23.57,81.41,1.3,0.91,0.1,0.092,0.0,0.172,0.0,1.274
2025-08-13 06:00:00,24.17,86.82,2.1,1.146,0.175,1.499,0.0,0.615,0.0,3.435
2025-08-13 07:00:00,29.26,81.33,1.7,3.017,0.215,1.845,0.0,0.569,0.749,5.646
2025-08-13 08:00:00,29.29,73.4,2.2,3.08,0.1,1.788,0.0,0.649,2.28,5.617
2025-08-13 09:00:00,29.36,68.79,2.8,3.12,0.189,0.109,0.0,0.268,3.983,3.686
2025-08-13 10:00:00,32.56,71.36,1.8,4.215,0.257,0.102,0.0,0.18,1.914,4.754
2025-08-13 11:00:00,29.3,87.72,0.8,2.6,0.1,0.096,0.0,0.196,2.585,2.992
2025-08-13 12:00:00,30.37,78.42,1.9,3.197,0.166,0.08,0.0,0.175,1.669,3.618
2025-08-13 13:00:00,29.59,75.15,1.3,2.862,0.22,0.099,0.0,0.167,0.0,3.347
2025-08-13 14:00:00,31.98,73.09,0.4,3.152,0.1,0.085,0.0,0.163,0.0,3.5
2025-08-13 15:00:00,33.1,72.97,1.1,4.016,0.13,0.117,0.0,0.173,0.0,4.436
2025-08-13 16:00:00,32.52,80.64,1.3,3.872,0.225,0.117,0.0,0.146,0.0,4.359
2025-08-13 17:00:00,31.79,73.3,2.0,3.849,0.1,0.112,0.0,1.011,0.0,5.072
2025-08-13 18:00:00,28.41,79.88,3.3,3.172,0.154,0.086,0.0,1.336,0.0,4.748
2025-08-13 19:00:00,30.53,76.7,3.5,4.103,0.246,1.288,7.404,1.373,0.0,14.415
2025-08-13 20:00:00,28.39,89.7,3.2,3.027,0.1,1.538,7.326,1.324,0.0,13.315
2025-08-13 21:00:00,27.84,85.26,3.0,2.644,0.147,1.636,6.873,1.371,0.0,12.672
2025-08-13 22:00:00,22.69,89.23,2.9,0.598,0.248,0.116,7.476,1.192,0.0,9.629
2025-08-13 23:00:00,24.96,81.32,2.9,1.508,0.1,0.116,6.873,1.343,0.0,9.939
2025-08-14 00:00:00,21.8,90.49,0.5,0.318,0.166,0.086,0.0,0.29,0.0,0.861
2025-08-14 01:00:00,22.49,84.23,0.7,0.295,0.242,0.12,0.0,0.26,0.0,0.916
2025-08-14 02:00:00,23.72,86.55,0.8,0.851,0.1,0.086,0.0,0.158,0.0,1.195
2025-08-14 03:00:00,23.22,93.97,1.0,0.695,0.16,0.114,0.0,0.204,0.0,1.173
2025-08-14 04:00:00,22.31,79.98,0.8,0.513,0.231,0.103,0.0,0.135,0.0,0.982
2025-08-14 05:00:00,24.39,85.26,0.7,1.065,0.1,0.107,0.0,0.136,0.0,1.408
2025-08-14 06:00:00,23.12,85.19,2.8,0.896,0.159,1.875,0.0,0.71,0.0,3.64
2025-08-14 07:00:00,28.35,84.15,2.6,2.822,0.235,2.066,0.0,0.647,1.457,5.77
2025-08-14 08:00:00,27.61,77.75,2.3,2.361,0.1,1.899,0.0,0.621,3.004,4.981
2025-08-14 09:00:00,30.89,88.88,2.7,3.859,0.172,0.114,0.0,0.175,2.959,4.32
2025-08-14 10:00:00,29.63,70.53,0.8,2.79,0.248,0.086,0.0,0.101,2.966,3.225
2025-08-14 11:00:00,30.67,83.05,1.0,3.2,0.105,0.115,0.0,0.233,1.198,3.654
2025-08-14 12:00:00,31.1,80.88,1.4,3.375,0.161,0.12,0.0,0.213,1.713,3.868
2025-08-14 13:00:00,34.06,83.71,0.8,3.987,0.249,0.106,0.0,0.158,0.0,4.5
2025-08-14 14:00:00,31.85,66.06,0.5,3.175,0.1,0.119,0.0,0.253,0.0,3.647
2025-08-14 15:00:00,33.71,69.86,0.9,4.049,0.156,0.089,0.0,0.208,0.0,4.502
2025-08-14 16:00:00,31.67,82.26,0.5,3.206,0.23,0.113,0.0,0.121,0.0,3.67
2025-08-14 17:00:00,28.49,66.37,2.9,3.152,0.1,0.087,0.0,1.165,0.0,4.505
2025-08-14 18:00:00,29.56,68.97,2.9,3.448,0.157,0.101,0.0,1.292,0.0,4.997
2025-08-14 19:00:00,27.44,76.01,2.0,2.41,0.256,1.598,0.0,1.099,0.0,5.364
2025-08-14 20:00:00,27.97,80.96,3.2,2.813,0.106,1.596,0.0,1.307,0.0,5.822
2025-08-14 21:00:00,24.84,89.51,2.9,1.55,0.134,1.603,0.0,1.257,0.0,4.544
2025-08-14 22:00:00,26.81,82.07,3.5,2.486,0.256,0.093,0.0,1.427,0.0,4.262
2025-08-14 23:00:00,24.24,81.2,3.1,1.315,0.1,0.119,0.0,1.336,0.0,2.87
2025-08-15 00:00:00,23.2,86.75,1.3,0.734,0.19,0.08,7.025,0.184,0.0,8.213
2025-08-15 01:00:00,23.95,88.14,1.5,1.022,0.251,0.105,6.992,0.188,0.0,8.558
2025-08-15 02:00:00,24.24,88.21,0.9,1.086,0.1,0.115,6.818,0.193,0.0,8.311
2025-08-15 03:00:00,22.94,84.91,1.0,0.741,0.167,0.116,0.0,0.246,0.0,1.27
2025-08-15 04:00:00,22.31,75.42,0.4,0.2,0.255,0.109,0.0,0.165,0.0,0.729
2025-08-15 05:00:00,21.6,79.65,1.5,0.318,0.1,0.103,0.0,0.166,0.0,0.687
2025-08-15 06:00:00,24.27,90.1,2.4,1.08,0.134,1.769,0.0,0.535,0.0,3.518
2025-08-15 07:00:00,25.58,82.49,2.1,1.716,0.229,1.764,0.0,0.564,1.303,4.272
2025-08-15 08:00:00,27.96,78.39,2.8,3.001,0.1,1.746,0.0,0.564,3.114,5.411
2025-08-15 09:00:00,28.57,84.04,1.6,2.635,0.111,0.108,0.0,0.216,2.538,3.069
2025-08-15 10:00:00,31.33,71.35,0.8,3.27,0.235,0.109,0.0,0.197,2.751,3.812
2025-08-15 11:00:00,30.41,74.63,1.4,3.144,0.1,0.101,0.0,0.25,1.495,3.595
2025-08-15 12:00:00,32.04,75.49,0.8,3.541,0.146,0.11,0.0,0.164,1.205,3.962
2025-08-15 13:00:00,34.4,72.0,0.7,4.191,0.268,0.101,0.0,0.223,0.0,4.783
2025-08-15 14:00:00,33.31,74.5,0.8,3.811,0.1,0.084,0.0,0.256,0.0,4.25
2025-08-15 15:00:00,32.54,73.27,0.2,3.314,0.142,0.114,0.0,0.16,0.0,3.73
2025-08-15 16:00:00,31.23,67.81,1.3,3.304,0.224,0.115,0.0,0.3,0.0,3.943
2025-08-15 17:00:00,30.38,76.66,3.0,3.779,0.1,0.091,0.0,1.344,0.0,5.313
2025-08-15 18:00:00,29.02,70.36,2.9,3.179,0.173,0.111,0.0,1.239,0.0,4.702
2025-08-15 19:00:00,28.28,79.28,2.9,2.937,0.239,1.507,6.552,1.41,0.0,12.645
2025-08-15 20:00:00,28.93,86.87,3.0,3.151,0.1,1.274,6.81,1.278,0.0,12.614
2025-08-15 21:00:00,26.17,80.15,3.3,2.135,0.136,1.439,6.893,1.392,0.0,11.994
2025-08-15 22:00:00,23.27,77.14,3.0,0.922,0.244,0.083,7.514,1.308,0.0,10.071
2025-08-15 23:00:00,26.92,83.61,2.5,2.274,0.1,0.111,7.515,1.208,0.0,11.209
2025-08-16 00:00:00,23.83,81.04,2.0,1.06,0.136,0.088,0.0,0.276,0.0,1.56
2025-08-16 01:00:00,20.74,88.77,2.0,0.2,0.257,0.087,0.0,0.218,0.0,0.761
2025-08-16 02:00:00,22.01,85.26,1.9,0.286,0.1,0.088,0.0,0.203,0.0,0.677
2025-08-16 03:00:00,23.01,94.34,2.2,0.761,0.151,0.089,0.0,0.215,0.0,1.216
2025-08-16 04:00:00,25.9,91.01,1.8,1.729,0.243,0.107,0.0,0.147,0.0,2.225
2025-08-16 05:00:00,22.48,83.48,2.2,0.656,0.1,0.106,0.0,0.271,0.0,1.133
2025-08-16 06:00:00,26.64,86.58,3.9,2.61,0.165,1.533,0.0,0.676,0.0,4.984
2025-08-16 07:00:00,28.48,79.59,3.5,3.068,0.246,1.962,0.0,0.693,1.683,5.969
2025-08-16 08:00:00,26.73,80.17,3.0,2.39,0.1,1.691,0.0,0.641,2.957,4.823
2025-08-16 09:00:00,28.56,76.64,3.2,3.228,0.135,0.098,0.0,0.278,2.454,3.739
2025-08-16 10:00:00,28.62,80.83,2.3,2.735,0.274,0.085,0.0,0.218,2.373,3.312
2025-08-16 11:00:00,30.91,82.92,1.2,3.332,0.1,0.108,0.0,0.173,2.275,3.713
2025-08-16 12:00:00,31.95,78.8,1.6,3.912,0.132,0.095,0.0,0.22,1.603,4.359
2025-08-16 13:00:00,33.5,78.81,1.7,4.277,0.254,0.105,0.0,0.216,0.0,4.852
2025-08-16 14:00:00,34.31,78.62,1.5,4.5,0.1,0.097,0.0,0.141,0.0,4.838
2025-08-16 15:00:00,31.39,76.96,2.1,3.864,0.151,0.082,0.0,0.209,0.0,4.306
2025-08-16 16:00:00,29.06,69.11,2.0,2.973,0.256,0.108,0.0,0.272,0.0,3.609
2025-08-16 17:00:00,31.18,84.26,3.5,4.255,0.1,0.102,0.0,1.485,0.0,5.943
2025-08-16 18:00:00,30.62,86.02,4.0,4.425,0.114,0.097,0.0,1.355,0.0,5.99
2025-08-16 19:00:00,29.35,77.28,3.7,3.444,0.264,1.321,0.0,1.439,0.0,6.468
2025-08-16 20:00:00,27.19,78.15,3.4,2.76,0.1,1.575,0.0,1.356,0.0,5.791
2025-08-16 21:00:00,26.57,84.61,3.5,2.437,0.141,1.365,0.0,1.333,0.0,5.277
2025-08-16 22:00:00,27.45,85.75,4.0,2.821,0.21,0.097,0.0,1.415,0.0,4.542
2025-08-16 23:00:00,24.71,83.23,4.0,1.751,0.1,0.082,0.0,1.393,0.0,3.326
2025-08-17 00:00:00,22.66,78.95,1.6,0.473,0.156,0.111,6.667,0.13,0.0,7.537
2025-08-17 01:00:00,21.97,87.32,2.0,0.367,0.265,0.084,6.614,0.23,0.0,7.559
2025-08-17 02:00:00,22.3,88.76,2.4,0.52,0.1,0.116,7.44,0.312,0.0,8.488
2025-08-17 03:00:00,25.18,89.42,1.3,1.422,0.144,0.115,0.0,0.207,0.0,1.887
2025-08-17 04:00:00,22.95,86.94,1.9,0.621,0.245,0.119,0.0,0.217,0.0,1.201
2025-08-17 05:00:00,23.99,82.89,2.1,1.055,0.1,0.116,0.0,0.183,0.0,1.454
2025-08-17 06:00:00,24.33,87.97,3.3,1.402,0.168,2.139,0.0,0.614,0.0,4.323
2025-08-17 07:00:00,27.91,81.88,3.8,2.963,0.249,2.079,0.0,0.705,1.045,5.996
2025-08-17 08:00:00,30.49,77.68,4.0,4.28,0.1,1.521,0.0,0.669,3.042,6.57
2025-08-17 09:00:00,29.52,77.54,3.4,3.556,0.138,0.098,0.0,0.309,2.665,4.101
2025-08-17 10:00:00,30.18,68.27,1.7,3.328,0.216,0.083,0.0,0.172,3.644,3.799
2025-08-17 11:00:00,31.14,74.85,2.2,3.93,0.1,0.102,0.0,0.174,0.825,4.306
2025-08-17 12:00:00,28.31,78.25,2.1,2.672,0.158,0.101,0.0,0.327,1.223,3.258
2025-08-17 13:00:00,33.5,75.9,0.8,4.009,0.247,0.117,0.0,0.239,0.0,4.611
2025-08-17 14:00:00,32.76,81.6,1.8,4.158,0.1,0.119,0.0,0.144,0.0,4.521
2025-08-17 15:00:00,33.03,72.89,1.6,4.103,0.161,0.09,0.0,0.155,0.0,4.51
2025-08-17 16:00:00,30.82,77.24,2.0,3.514,0.258,0.103,0.0,0.199,0.0,4.074
2025-08-17 17:00:00,30.51,79.72,3.7,4.16,0.1,0.099,0.0,1.388,0.0,5.746
2025-08-17 18:00:00,29.44,88.71,3.8,3.518,0.165,0.102,0.0,1.38,0.0,5.165
2025-08-17 19:00:00,30.38,79.17,3.5,4.05,0.217,1.519,7.147,1.42,0.0,14.352
2025-08-17 20:00:00,26.99,74.78,4.0,2.69,0.1,1.748,6.683,1.451,0.0,12.673
2025-08-17 21:00:00,29.38,85.79,4.0,3.856,0.113,1.738,7.35,1.438,0.0,14.496
2025-08-17 22:00:00,25.7,92.33,3.5,2.06,0.237,0.085,6.813,1.323,0.0,10.518
2025-08-17 23:00:00,22.11,82.63,3.2,0.472,0.1,0.094,7.336,1.266,0.0,9.268
2025-08-18 00:00:00,22.9,89.4,1.0,0.578,0.151,0.11,7.843,0.149,0.0,8.832
2025-08-18 01:00:00,21.62,91.94,1.0,0.352,0.251,0.107,7.806,0.136,0.0,8.652
2025-08-18 02:00:00,19.14,91.09,1.5,0.717,0.1,0.105,6.769,0.131,0.0,7.822
2025-08-18 03:00:00,25.0,86.42,0.5,1.171,0.139,0.12,0.0,0.219,0.0,1.648
2025-08-18 04:00:00,24.15,81.7,0.8,1.091,0.233,0.093,0.0,0.22,0.0,1.637
2025-08-18 05:00:00,24.69,83.84,0.1,0.985,0.1,0.101,0.0,0.135,0.0,1.321
2025-08-18 06:00:00,25.18,85.29,3.0,1.645,0.164,2.145,0.0,0.71,0.0,4.665
2025-08-18 07:00:00,24.06,86.09,2.6,1.153,0.224,1.941,0.0,0.638,1.292,3.955
2025-08-18 08:00:00,26.7,81.67,2.3,2.219,0.1,1.907,0.0,0.531,2.383,4.758
2025-08-18 09:00:00,29.98,76.55,2.0,3.152,0.154,0.086,0.0,0.136,2.146,3.529
2025-08-18 10:00:00,28.35,79.78,0.5,2.37,0.225,0.09,0.0,0.181,2.935,2.865
2025-08-18 11:00:00,27.17,80.06,1.2,2.122,0.1,0.095,0.0,0.209,1.358,2.526
2025-08-18 12:00:00,31.42,76.7,0.6,3.227,0.121,0.099,0.0,0.102,1.238,3.548
2025-08-18 13:00:00,32.04,70.02,1.0,3.546,0.257,0.1,0.0,0.155,0.0,4.059
2025-08-18 14:00:00,32.63,73.09,1.8,4.227,0.1,0.116,0.0,0.247,0.0,4.691
2025-08-18 15:00:00,33.35,78.94,0.9,3.613,0.151,0.084,0.0,0.254,0.0,4.103
2025-08-18 16:00:00,32.71,67.89,0.6,3.627,0.22,0.09,0.0,0.173,0.0,4.109
2025-08-18 17:00:00,31.35,65.29,3.2,4.285,0.1,0.086,0.0,1.307,0.0,5.778
2025-08-18 18:00:00,31.72,84.54,2.5,3.943,0.152,0.109,0.0,1.179,0.0,5.384
2025-08-18 19:00:00,26.44,81.0,3.7,2.408,0.224,1.782,6.963,1.464,0.0,12.842
2025-08-18 20:00:00,28.18,83.03,3.6,3.145,0.1,1.736,7.184,1.398,0.0,13.563
2025-08-18 21:00:00,27.07,76.17,2.9,2.264,0.178,1.634,7.606,1.227,0.0,12.909
2025-08-18 22:00:00,23.07,86.69,2.6,0.69,0.202,0.081,7.311,1.262,0.0,9.545
2025-08-18 23:00:00,21.64,85.62,2.8,0.461,0.1,0.094,7.64,1.218,0.0,9.512
2025-08-19 00:00:00,21.85,77.27,0.9,0.251,0.134,0.115,0.0,0.129,0.0,0.628
2025-08-19 01:00:00,21.48,92.92,1.2,0.254,0.263,0.106,0.0,0.162,0.0,0.786
2025-08-19 02:00:00,23.43,86.79,1.4,0.937,0.1,0.088,0.0,0.149,0.0,1.275
2025-08-19 03:00:00,21.55,83.82,0.6,0.206,0.129,0.099,0.0,0.122,0.0,0.556
2025-08-19 04:00:00,21.68,83.31,1.4,0.334,0.232,0.084,0.0,0.122,0.0,0.772
2025-08-19 05:00:00,22.85,74.17,1.2,0.402,0.1,0.101,0.0,0.152,0.0,0.755
2025-08-19 06:00:00,26.48,85.97,2.3,2.039,0.206,2.089,0.0,0.557,0.0,4.89
2025-08-19 07:00:00,26.02,82.86,2.1,1.534,0.194,1.468,0.0,0.498,1.144,3.694
2025-08-19 08:00:00,27.03,79.03,2.5,2.159,0.1,1.882,0.0,0.631,3.016,4.771
2025-08-19 09:00:00,28.43,84.84,2.1,2.673,0.176,0.089,0.0,0.124,3.508,3.062
2025-08-19 10:00:00,31.74,70.08,1.4,3.575,0.206,0.12,0.0,0.173,3.04,4.075
2025-08-19 11:00:00,29.71,72.77,0.6,2.644,0.1,0.083,0.0,0.2,2.8,3.027
2025-08-19 12:00:00,33.6,70.55,1.2,4.172,0.14,0.105,0.0,0.243,0.934,4.66
2025-08-19 13:00:00,32.44,72.81,1.0,3.683,0.224,0.09,0.0,0.15,0.0,4.147
2025-08-19 14:00:00,32.06,74.34,0.8,3.474,0.1,0.115,0.0,0.224,0.0,3.913
2025-08-19 15:00:00,35.88,76.35,1.0,4.5,0.143,0.085,0.0,0.16,0.0,4.889
2025-08-19 16:00:00,30.05,73.07,1.4,2.981,0.258,0.097,0.0,0.306,0.0,3.641
2025-08-19 17:00:00,30.3,71.37,2.5,3.518,0.1,0.087,0.0,1.131,0.0,4.837
2025-08-19 18:00:00,27.95,85.43,2.8,2.77,0.159,0.112,0.0,1.203,0.0,4.244
2025-08-19 19:00:00,30.02,90.51,2.7,3.547,0.232,1.411,0.0,1.24,0.0,6.429
2025-08-19 20:00:00,29.83,80.72,3.0,3.472,0.1,1.312,0.0,1.214,0.0,6.099
2025-08-19 21:00:00,28.51,77.77,2.7,3.071,0.166,1.636,0.0,1.201,0.0,6.073
2025-08-19 22:00:00,26.63,90.38,2.3,2.193,0.257,0.113,0.0,1.189,0.0,3.752
2025-08-19 23:00:00,23.47,77.01,2.6,0.872,0.1,0.098,0.0,1.222,0.0,2.292
2025-08-20 00:00:00,22.29,83.52,1.7,0.43,0.181,0.095,6.897,0.198,0.0,7.8
2025-08-20 01:00:00,19.83,82.31,1.1,0.501,0.224,0.105,7.132,0.182,0.0,8.144
2025-08-20 02:00:00,25.22,80.2,1.1,1.39,0.1,0.106,6.68,0.1,0.0,8.376
2025-08-20 03:00:00,23.04,84.4,0.9,0.687,0.164,0.106,0.0,0.184,0.0,1.141
2025-08-20 04:00:00,22.1,80.88,1.0,0.292,0.224,0.091,0.0,0.148,0.0,0.755
2025-08-20 05:00:00,25.62,84.31,0.8,1.424,0.1,0.118,0.0,0.156,0.0,1.798
2025-08-20 06:00:00,23.21,83.14,2.7,1.021,0.156,1.594,0.0,0.537,0.0,3.308
2025-08-20 07:00:00,26.48,78.45,2.5,2.131,0.234,1.709,0.0,0.637,0.821,4.711
2025-08-20 08:00:00,26.91,78.15,2.0,2.151,0.1,1.644,0.0,0.59,2.591,4.486
2025-08-20 09:00:00,29.42,77.29,2.6,3.278,0.12,0.117,0.0,0.17,3.543,3.684
2025-08-20 10:00:00,29.57,81.05,0.0,2.66,0.223,0.113,0.0,0.159,3.877,3.156
2025-08-20 11:00:00,28.53,75.02,1.2,2.48,0.1,0.112,0.0,0.267,2.675,2.959
2025-08-20 12:00:00,31.61,78.93,0.4,3.082,0.139,0.08,0.0,0.17,1.309,3.471
2025-08-20 13:00:00,33.57,77.13,1.0,3.962,0.219,0.107,0.0,0.1,0.0,4.389
2025-08-20 14:00:00,32.12,76.86,0.5,3.436,0.1,0.089,0.0,0.137,0.0,3.763
2025-08-20 15:00:00,33.16,81.14,1.0,3.773,0.148,0.119,0.0,0.186,0.0,4.226
2025-08-20 16:00:00,29.93,69.21,1.2,3.007,0.28,0.101,0.0,0.293,0.0,3.681
2025-08-20 17:00:00,30.66,73.39,3.6,4.095,0.1,0.103,0.0,1.316,0.0,5.613
2025-08-20 18:00:00,28.73,85.82,2.4,2.752,0.171,0.094,0.0,1.174,0.0,4.191
2025-08-20 19:00:00,29.58,77.16,3.4,3.527,0.232,1.522,7.883,1.289,0.0,14.453
2025-08-20 20:00:00,27.21,65.92,3.1,2.539,0.1,1.65,6.829,1.332,0.0,12.45
2025-08-20 21:00:00,26.91,80.54,2.8,2.493,0.155,1.537,7.773,1.233,0.0,13.192
2025-08-20 22:00:00,26.3,83.67,3.3,2.31,0.263,0.106,7.544,1.192,0.0,11.414
2025-08-20 23:00:00,24.67,71.16,2.9,1.446,0.1,0.099,7.896,1.245,0.0,10.786
2025-08-21 00:00:00,23.11,91.87,1.3,0.803,0.159,0.109,0.0,0.183,0.0,1.253
2025-08-21 01:00:00,20.71,82.23,0.6,0.2,0.242,0.116,0.0,0.187,0.0,0.745
2025-08-21 02:00:00,22.03,87.64,0.7,0.2,0.1,0.082,0.0,0.181,0.0,0.564
2025-08-21 03:00:00,21.4,84.67,1.4,0.2,0.149,0.084,0.0,0.224,0.0,0.658
2025-08-21 04:00:00,22.19,78.75,1.6,0.261,0.217,0.107,0.0,0.192,0.0,0.777
2025-08-21 05:00:00,22.93,78.89,1.0,0.701,0.1,0.095,0.0,0.184,0.0,1.08
2025-08-21 06:00:00,23.06,78.32,1.4,0.778,0.163,1.643,0.0,0.511,0.0,3.095
2025-08-21 07:00:00,22.8,86.98,2.4,0.6,0.243,1.569,0.0,0.573,0.875,2.984
2025-08-21 08:00:00,26.03,79.26,2.5,1.954,0.1,1.852,0.0,0.629,2.75,4.536
2025-08-21 09:00:00,28.62,75.84,2.4,2.916,0.165,0.094,0.0,0.265,1.563,3.439
2025-08-21 10:00:00,27.51,72.33,1.1,2.22,0.241,0.1,0.0,0.182,1.985,2.743
2025-08-21 11:00:00,30.59,81.74,0.8,2.887,0.1,0.118,0.0,0.15,2.169,3.255
2025-08-21 12:00:00,34.21,82.12,1.3,4.5,0.165,0.11,0.0,0.136,1.313,4.911
2025-08-21 13:00:00,33.4,80.13,0.5,3.617,0.239,0.112,0.0,0.184,0.0,4.152
2025-08-21 14:00:00,34.5,76.46,1.5,4.5,0.1,0.085,0.0,0.145,0.0,4.83
2025-08-21 15:00:00,32.45,75.65,1.6,4.091,0.159,0.093,0.0,0.207,0.0,4.55
2025-08-21 16:00:00,33.11,68.72,0.6,3.648,0.236,0.084,0.0,0.176,0.0,4.143
2025-08-21 17:00:00,29.48,74.53,2.6,3.435,0.1,0.119,0.0,1.275,0.0,4.929
2025-08-21 18:00:00,28.57,73.58,3.2,2.966,0.153,0.107,0.0,1.376,0.0,4.602
2025-08-21 19:00:00,24.22,69.32,2.5,1.352,0.24,1.212,0.0,1.052,0.0,3.856
2025-08-21 20:00:00,28.81,85.29,2.8,3.251,0.1,1.485,0.0,1.238,0.0,6.074
2025-08-21 21:00:00,28.05,78.07,3.4,3.027,0.157,1.358,0.0,1.246,0.0,5.787
2025-08-21 22:00:00,23.7,88.98,3.3,1.111,0.274,0.102,0.0,1.385,0.0,2.871
2025-08-21 23:00:00,23.12,88.65,3.8,0.961,0.1,0.087,0.0,1.406,0.0,2.553
2025-08-22 00:00:00,21.43,87.98,1.1,0.2,0.14,0.082,7.734,0.24,0.0,8.396
2025-08-22 01:00:00,22.64,88.86,0.8,0.773,0.292,0.093,7.29,0.186,0.0,8.634
2025-08-22 02:00:00,23.58,82.92,1.0,0.775,0.1,0.092,7.213,0.113,0.0,8.292
2025-08-22 03:00:00,19.45,95.0,0.9,0.521,0.176,0.109,0.0,0.13,0.0,0.935
2025-08-22 04:00:00,23.18,85.41,0.9,0.622,0.232,0.099,0.0,0.172,0.0,1.125
2025-08-22 05:00:00,22.94,85.75,1.0,0.785,0.1,0.092,0.0,0.208,0.0,1.185
2025-08-22 06:00:00,24.56,79.75,2.1,1.518,0.147,1.851,0.0,0.573,0.0,4.089
2025-08-22 07:00:00,26.29,76.9,2.6,2.1,0.245,1.491,0.0,0.618,1.677,4.454
2025-08-22 08:00:00,26.61,82.39,1.9,2.057,0.1,1.917,0.0,0.537,2.552,4.611
2025-08-22 09:00:00,28.03,79.53,2.2,2.527,0.154,0.086,0.0,0.273,2.302,3.04
2025-08-22 10:00:00,29.07,73.05,1.0,2.476,0.229,0.091,0.0,0.186,2.715,2.982
2025-08-22 11:00:00,31.89,68.57,0.1,3.122,0.1,0.091,0.0,0.155,2.634,3.468
2025-08-22 12:00:00,31.85,68.45,1.3,3.781,0.172,0.099,0.0,0.204,1.291,4.256
2025-08-22 13:00:00,32.06,80.19,0.2,3.124,0.194,0.118,0.0,0.135,0.0,3.571
2025-08-22 14:00:00,29.99,70.93,1.3,3.216,0.106,0.093,0.0,0.171,0.0,3.586
2025-08-22 15:00:00,31.16,72.51,0.5,2.989,0.162,0.091,0.0,0.189,0.0,3.431
2025-08-22 16:00:00,32.57,82.06,0.8,3.671,0.209,0.087,0.0,0.214,0.0,4.181
2025-08-22 17:00:00,30.49,70.15,3.2,3.958,0.1,0.096,0.0,1.357,0.0,5.511
2025-08-22 18:00:00,30.38,73.37,3.9,4.146,0.135,0.087,0.0,1.411,0.0,5.779
2025-08-22 19:00:00,30.84,74.6,3.0,3.809,0.223,1.283,6.55,1.294,0.0,13.158
2025-08-22 20:00:00,28.45,88.09,2.2,2.716,0.1,1.714,6.769,1.123,0.0,12.421
2025-08-22 21:00:00,25.74,91.52,3.4,2.02,0.133,1.232,6.735,1.38,0.0,11.5
2025-08-22 22:00:00,23.63,86.76,2.9,1.047,0.222,0.108,6.981,1.218,0.0,9.576
2025-08-22 23:00:00,19.53,88.16,3.0,0.534,0.1,0.088,7.429,1.296,0.0,9.447
2025-08-23 00:00:00,22.17,82.29,2.0,0.503,0.173,0.08,0.0,0.255,0.0,1.012
2025-08-23 01:00:00,21.44,95.0,0.9,0.2,0.212,0.112,0.0,0.184,0.0,0.707
2025-08-23 02:00:00,22.34,87.34,1.8,0.38,0.1,0.108,0.0,0.219,0.0,0.808
2025-08-23 03:00:00,21.69,90.06,1.6,0.397,0.113,0.093,0.0,0.185,0.0,0.789
2025-08-23 04:00:00,21.94,84.67,2.3,0.22,0.242,0.083,0.0,0.126,0.0,0.671
2025-08-23 05:00:00,20.55,82.9,2.1,0.2,0.107,0.094,0.0,0.179,0.0,0.58
2025-08-23 06:00:00,22.84,91.32,2.6,0.637,0.114,1.571,0.0,0.614,0.0,2.936
2025-08-23 07:00:00,26.18,84.25,3.8,2.351,0.216,2.111,0.0,0.67,1.161,5.349
2025-08-23 08:00:00,29.33,87.26,3.5,3.681,0.1,1.821,0.0,0.703,2.656,6.305
2025-08-23 09:00:00,27.9,79.72,2.7,2.693,0.167,0.119,0.0,0.157,2.243,3.135
2025-08-23 10:00:00,29.75,72.76,1.8,3.141,0.218,0.094,0.0,0.108,1.99,3.561
2025-08-23 11:00:00,31.72,72.84,2.2,4.041,0.1,0.102,0.0,0.251,2.12,4.494
2025-08-23 12:00:00,29.87,75.32,1.3,3.153,0.134,0.088,0.0,0.174,1.189,3.548
2025-08-23 13:00:00,32.13,71.07,2.4,4.04,0.27,0.112,0.0,0.238,0.0,4.66
2025-08-23 14:00:00,30.64,68.46,1.2,3.259,0.1,0.082,0.0,0.16,0.0,3.6
2025-08-23 15:00:00,32.88,80.21,1.5,4.105,0.175,0.108,0.0,0.223,0.0,4.611
2025-08-23 16:00:00,31.31,72.08,1.4,3.466,0.244,0.096,0.0,0.261,0.0,4.067
2025-08-23 17:00:00,30.74,76.45,4.0,4.395,0.1,0.103,0.0,1.511,0.0,6.11
2025-08-23 18:00:00,28.08,78.48,3.6,3.128,0.164,0.104,0.0,1.344,0.0,4.74
2025-08-23 19:00:00,29.11,75.51,3.3,3.465,0.259,1.626,0.0,1.312,0.0,6.663
2025-08-23 20:00:00,29.88,87.25,4.0,4.187,0.1,1.323,0.0,1.445,0.0,7.054
2025-08-23 21:00:00,23.95,75.97,4.0,1.334,0.132,1.519,0.0,1.534,0.0,4.518
2025-08-23 22:00:00,23.75,84.31,4.0,1.232,0.235,0.097,0.0,1.382,0.0,2.947
2025-08-23 23:00:00,23.57,85.47,3.7,1.098,0.1,0.091,0.0,1.333,0.0,2.623
2025-08-24 00:00:00,23.46,84.92,1.9,0.941,0.138,0.1,7.586,0.251,0.0,9.016
2025-08-24 01:00:00,20.94,79.31,1.5,0.2,0.27,0.118,7.405,0.163,0.0,8.156
2025-08-24 02:00:00,17.36,90.35,2.5,1.098,0.1,0.118,7.35,0.257,0.0,8.923
2025-08-24 03:00:00,23.82,89.51,2.3,1.059,0.162,0.091,0.0,0.188,0.0,1.5
2025-08-24 04:00:00,23.42,81.82,2.2,0.892,0.258,0.115,0.0,0.235,0.0,1.5
2025-08-24 05:00:00,20.46,87.78,2.1,0.2,0.1,0.115,0.0,0.188,0.0,0.603
2025-08-24 06:00:00,23.2,84.87,3.5,0.982,0.187,1.62,0.0,0.63,0.0,3.42
2025-08-24 07:00:00,27.67,75.15,2.8,2.624,0.195,1.871,0.0,0.631,0.783,5.322
2025-08-24 08:00:00,28.78,75.73,3.6,3.402,0.1,2.066,0.0,0.624,2.286,6.192
2025-08-24 09:00:00,29.31,84.14,3.3,3.507,0.136,0.101,0.0,0.273,3.056,4.017
2025-08-24 10:00:00,28.85,78.55,2.3,2.919,0.209,0.095,0.0,0.207,2.986,3.43
2025-08-24 11:00:00,30.27,72.94,2.1,3.579,0.1,0.106,0.0,0.146,2.782,3.931
2025-08-24 12:00:00,30.75,70.51,2.0,3.546,0.153,0.087,0.0,0.226,1.41,4.011
2025-08-24 13:00:00,33.13,71.63,1.1,4.034,0.276,0.086,0.0,0.198,0.0,4.594
2025-08-24 14:00:00,30.3,71.78,1.8,3.223,0.1,0.113,0.0,0.1,0.0,3.536
2025-08-24 15:00:00,30.23,69.97,1.6,2.994,0.14,0.082,0.0,0.195,0.0,3.41
2025-08-24 16:00:00,32.46,66.1,1.9,4.066,0.246,0.112,0.0,0.208,0.0,4.632
2025-08-24 17:00:00,30.08,81.46,3.6,3.715,0.1,0.092,0.0,1.386,0.0,5.293
2025-08-24 18:00:00,31.18,81.85,3.7,4.404,0.153,0.099,0.0,1.299,0.0,5.956
2025-08-24 19:00:00,26.9,72.08,4.0,2.786,0.238,1.526,6.614,1.455,0.0,12.619
2025-08-24 20:00:00,26.53,80.68,3.6,2.3,0.1,1.66,6.881,1.406,0.0,12.348
2025-08-24 21:00:00,23.93,77.04,3.8,1.085,0.146,1.73,6.678,1.369,0.0,11.008
2025-08-24 22:00:00,24.12,81.69,3.2,1.443,0.223,0.112,6.517,1.241,0.0,9.536
2025-08-24 23:00:00,20.86,82.52,3.5,0.2,0.1,0.103,7.902,1.306,0.0,9.611
2025-08-25 00:00:00,21.41,83.06,1.3,0.2,0.163,0.094,7.677,0.194,0.0,8.329
2025-08-25 01:00:00,19.48,95.0,0.5,0.438,0.257,0.101,7.544,0.103,0.0,8.444
2025-08-25 02:00:00,22.51,83.8,1.5,0.569,0.1,0.081,6.758,0.127,0.0,7.636
2025-08-25 03:00:00,22.71,81.75,1.4,0.654,0.141,0.09,0.0,0.297,0.0,1.182
2025-08-25 04:00:00,19.54,81.38,0.9,0.454,0.223,0.095,0.0,0.177,0.0,0.948
2025-08-25 05:00:00,24.93,89.46,2.2,1.29,0.1,0.093,0.0,0.2,0.0,1.683
2025-08-25 06:00:00,27.71,74.74,3.0,2.583,0.146,1.509,0.0,0.606,0.0,4.844
2025-08-25 07:00:00,25.24,77.74,2.1,1.683,0.219,1.477,0.0,0.548,1.157,3.927
2025-08-25 08:00:00,25.51,87.23,2.8,1.713,0.1,1.743,0.0,0.714,2.306,4.27
2025-08-25 09:00:00,32.0,79.67,2.5,4.179,0.146,0.083,0.0,0.267,2.384,4.675
2025-08-25 10:00:00,26.99,77.96,0.7,1.724,0.252,0.091,0.0,0.29,2.809,2.357
2025-08-25 11:00:00,30.03,86.42,0.6,2.706,0.1,0.099,0.0,0.187,2.227,3.091
2025-08-25 12:00:00,31.07,76.04,1.4,3.375,0.136,0.088,0.0,0.144,1.013,3.744
2025-08-25 13:00:00,33.31,70.66,0.8,3.748,0.254,0.083,0.0,0.186,0.0,4.271
2025-08-25 14:00:00,32.01,72.59,1.0,3.42,0.1,0.097,0.0,0.206,0.0,3.823
2025-08-25 15:00:00,30.55,68.53,0.6,2.959,0.126,0.098,0.0,0.2,0.0,3.382
2025-08-25 16:00:00,29.37,81.08,0.7,2.509,0.243,0.117,0.0,0.149,0.0,3.017
2025-08-25 17:00:00,29.49,78.63,2.9,3.368,0.1,0.085,0.0,1.362,0.0,4.915
2025-08-25 18:00:00,27.46,82.62,3.2,2.445,0.136,0.105,0.0,1.241,0.0,3.927
2025-08-25 19:00:00,27.83,84.51,2.0,2.671,0.244,1.392,7.24,1.131,0.0,12.677
2025-08-25 20:00:00,25.62,77.93,3.0,1.972,0.1,1.274,6.879,1.266,0.0,11.491
2025-08-25 21:00:00,22.93,76.83,2.7,0.711,0.131,1.436,7.586,1.193,0.0,11.058
2025-08-25 22:00:00,25.85,82.74,3.6,1.993,0.249,0.097,6.785,1.382,0.0,10.506
2025-08-25 23:00:00,22.18,79.88,4.0,0.532,0.1,0.095,7.079,1.503,0.0,9.309
2025-08-26 00:00:00,20.09,86.02,0.9,0.225,0.152,0.111,0.0,0.196,0.0,0.683
2025-08-26 01:00:00,21.24,91.46,0.3,0.2,0.233,0.114,0.0,0.173,0.0,0.72
2025-08-26 02:00:00,21.42,85.16,1.0,0.2,0.1,0.086,0.0,0.1,0.0,0.486
2025-08-26 03:00:00,18.87,86.55,0.9,0.48,0.162,0.087,0.0,0.224,0.0,0.953
2025-08-26 04:00:00,22.49,84.73,1.8,0.372,0.252,0.097,0.0,0.183,0.0,0.904
2025-08-26 05:00:00,21.21,88.26,1.7,0.2,0.1,0.093,0.0,0.227,0.0,0.62
2025-08-26 06:00:00,26.39,79.66,2.8,2.17,0.142,2.03,0.0,0.674,0.0,5.016
2025-08-26 07:00:00,25.81,70.57,2.3,1.708,0.225,2.158,0.0,0.591,1.531,4.682
2025-08-26 08:00:00,25.72,82.35,2.8,1.817,0.1,1.57,0.0,0.522,2.224,4.009
2025-08-26 09:00:00,26.5,83.39,2.6,2.317,0.142,0.111,0.0,0.299,3.413,2.868
2025-08-26 10:00:00,28.66,79.23,1.1,2.576,0.224,0.104,0.0,0.273,1.407,3.178
2025-08-26 11:00:00,30.77,72.56,0.4,2.846,0.1,0.106,0.0,0.202,2.712,3.254
2025-08-26 12:00:00,30.61,69.13,1.4,3.495,0.129,0.091,0.0,0.156,0.932,3.872
2025-08-26 13:00:00,30.82,76.68,1.0,3.061,0.257,0.084,0.0,0.243,0.0,3.645
2025-08-26 14:00:00,31.41,74.71,1.0,3.252,0.1,0.102,0.0,0.165,0.0,3.619
2025-08-26 15:00:00,30.24,73.58,0.8,2.872,0.146,0.105,0.0,0.169,0.0,3.292
2025-08-26 16:00:00,30.13,83.92,0.7,2.666,0.245,0.119,0.0,0.23,0.0,3.26
2025-08-26 17:00:00,26.73,71.02,3.1,2.534,0.1,0.107,0.0,1.333,0.0,4.074
2025-08-26 18:00:00,30.28,85.88,2.3,3.513,0.134,0.098,0.0,1.05,0.0,4.795
2025-08-26 19:00:00,28.06,78.61,3.3,2.882,0.212,1.796,0.0,1.341,0.0,6.231
2025-08-26 20:00:00,25.16,70.82,2.6,1.66,0.1,1.424,0.0,1.272,0.0,4.456
2025-08-26 21:00:00,27.87,80.66,2.2,2.567,0.132,1.298,0.0,1.08,0.0,5.077
2025-08-26 22:00:00,23.95,87.8,3.7,1.257,0.263,0.105,0.0,1.445,0.0,3.071
2025-08-26 23:00:00,21.23,82.42,2.7,0.2,0.1,0.091,0.0,1.142,0.0,1.532
2025-08-27 00:00:00,23.12,77.82,0.7,0.515,0.102,0.117,6.984,0.161,0.0,7.879
2025-08-27 01:00:00,21.94,84.97,1.5,0.538,0.23,0.097,6.968,0.221,0.0,8.054
2025-08-27 02:00:00,21.76,81.71,1.7,0.2,0.1,0.086,7.511,0.19,0.0,8.086
2025-08-27 03:00:00,20.7,88.25,0.4,0.239,0.183,0.086,0.0,0.22,0.0,0.728
2025-08-27 04:00:00,22.51,89.06,0.6,0.379,0.232,0.106,0.0,0.1,0.0,0.817
2025-08-27 05:00:00,22.24,78.96,0.6,0.46,0.1,0.095,0.0,0.21,0.0,0.865
2025-08-27 06:00:00,24.5,79.47,2.9,1.45,0.15,1.702,0.0,0.633,0.0,3.934
2025-08-27 07:00:00,22.02,85.34,3.2,0.486,0.245,1.881,0.0,0.61,0.975,3.222
2025-08-27 08:00:00,25.52,75.71,2.1,1.731,0.1,1.599,0.0,0.587,2.045,4.018
2025-08-27 09:00:00,30.05,73.04,3.1,3.537,0.145,0.086,0.0,0.238,2.362,4.006
2025-08-27 10:00:00,27.52,71.11,0.7,1.954,0.236,0.106,0.0,0.245,3.441,2.541
2025-08-27 11:00:00,28.8,77.52,1.1,2.419,0.1,0.08,0.0,0.213,1.961,2.812
2025-08-27 12:00:00,29.83,76.35,0.5,2.673,0.147,0.116,0.0,0.185,1.276,3.122
2025-08-27 13:00:00,29.18,70.78,1.0,2.484,0.218,0.087,0.0,0.145,0.0,2.934
2025-08-27 14:00:00,27.86,74.03,1.0,1.997,0.1,0.098,0.0,0.186,0.0,2.381
2025-08-27 15:00:00,30.65,81.84,0.9,3.033,0.149,0.088,0.0,0.147,0.0,3.418
2025-08-27 16:00:00,30.7,69.93,1.2,2.966,0.236,0.089,0.0,0.182,0.0,3.472
2025-08-27 17:00:00,29.63,66.0,2.6,3.382,0.1,0.113,0.0,1.278,0.0,4.873
2025-08-27 18:00:00,28.45,79.28,2.6,2.789,0.163,0.103,0.0,1.209,0.0,4.264
2025-08-27 19:00:00,27.53,77.9,3.2,2.614,0.218,1.387,7.076,1.236,0.0,12.531
2025-08-27 20:00:00,27.7,76.45,3.5,2.645,0.1,1.351,7.425,1.391,0.0,12.911
2025-08-27 21:00:00,24.59,84.81,3.0,1.621,0.126,1.328,7.707,1.318,0.0,12.1
2025-08-27 22:00:00,22.81,87.2,3.2,0.603,0.252,0.102,6.55,1.392,0.0,8.899
2025-08-27 23:00:00,22.21,73.2,3.3,0.471,0.1,0.109,7.385,1.372,0.0,9.437
2025-08-28 00:00:00,22.56,81.93,1.3,0.343,0.105,0.09,0.0,0.176,0.0,0.715
2025-08-28 01:00:00,23.31,95.0,0.6,0.622,0.226,0.093,0.0,0.182,0.0,1.122
2025-08-28 02:00:00,20.07,88.92,0.7,0.4,0.1,0.109,0.0,0.19,0.0,0.799
2025-08-28 03:00:00,21.34,89.18,0.7,0.2,0.165,0.109,0.0,0.193,0.0,0.668
2025-08-28 04:00:00,22.19,91.06,1.8,0.351,0.236,0.088,0.0,0.1,0.0,0.775
2025-08-28 05:00:00,20.99,84.33,1.2,0.2,0.1,0.095,0.0,0.157,0.0,0.553
2025-08-28 06:00:00,23.55,86.98,2.7,0.945,0.147,2.066,0.0,0.639,0.0,3.796
2025-08-28 07:00:00,22.52,85.14,2.6,0.587,0.241,1.973,0.0,0.667,1.323,3.468
2025-08-28 08:00:00,23.36,82.7,2.0,0.932,0.1,1.557,0.0,0.526,1.893,3.115
2025-08-28 09:00:00,27.86,76.84,3.3,2.832,0.133,0.095,0.0,0.228,2.385,3.287
2025-08-28 10:00:00,27.94,77.86,1.2,2.313,0.228,0.119,0.0,0.174,2.714,2.834
2025-08-28 11:00:00,29.86,72.82,1.3,2.983,0.1,0.101,0.0,0.182,2.824,3.366
2025-08-28 12:00:00,30.32,74.87,0.3,2.692,0.158,0.109,0.0,0.202,1.513,3.16
2025-08-28 13:00:00,29.38,68.36,1.3,2.735,0.23,0.084,0.0,0.152,0.0,3.202
2025-08-28 14:00:00,30.95,70.05,0.9,3.091,0.1,0.113,0.0,0.219,0.0,3.524
2025-08-28 15:00:00,29.0,72.79,0.5,2.467,0.206,0.104,0.0,0.235,0.0,3.013
2025-08-28 16:00:00,32.43,70.09,0.6,3.577,0.229,0.087,0.0,0.149,0.0,4.041
2025-08-28 17:00:00,27.52,73.23,2.5,2.394,0.1,0.095,0.0,1.178,0.0,3.767
2025-08-28 18:00:00,28.22,76.18,2.5,2.751,0.149,0.083,0.0,1.206,0.0,4.189
2025-08-28 19:00:00,25.75,80.46,3.0,1.857,0.26,1.666,0.0,1.255,0.0,5.038
2025-08-28 20:00:00,26.87,84.75,2.8,2.426,0.1,1.647,0.0,1.251,0.0,5.424
2025-08-28 21:00:00,24.23,79.23,3.1,1.281,0.145,1.494,0.0,1.228,0.0,4.147
2025-08-28 22:00:00,22.74,89.68,3.7,0.975,0.282,0.098,0.0,1.43,0.0,2.786
2025-08-28 23:00:00,23.76,88.94,2.9,1.137,0.1,0.099,0.0,1.355,0.0,2.69
2025-08-29 00:00:00,21.58,87.72,0.1,0.282,0.146,0.081,6.948,0.119,0.0,7.576
2025-08-29 01:00:00,21.81,86.56,0.9,0.2,0.255,0.095,7.168,0.1,0.0,7.818
2025-08-29 02:00:00,19.39,87.6,1.5,0.434,0.1,0.085,6.948,0.24,0.0,7.808
2025-08-29 03:00:00,18.93,91.73,1.0,0.584,0.165,0.087,0.0,0.158,0.0,0.995
2025-08-29 04:00:00,21.69,91.31,1.6,0.2,0.227,0.118,0.0,0.165,0.0,0.71
2025-08-29 05:00:00,21.85,90.92,1.2,0.282,0.1,0.09,0.0,0.179,0.0,0.651
2025-08-29 06:00:00,24.3,83.21,1.8,1.274,0.17,1.788,0.0,0.48,0.0,3.712
2025-08-29 07:00:00,24.45,84.33,2.5,1.301,0.235,2.079,0.0,0.628,0.922,4.243
2025-08-29 08:00:00,26.17,86.72,2.6,1.931,0.1,1.738,0.0,0.546,1.616,4.315
2025-08-29 09:00:00,24.72,75.33,2.9,1.68,0.142,0.101,0.0,0.179,2.788,2.102
2025-08-29 10:00:00,31.19,75.41,1.7,3.477,0.236,0.087,0.0,0.142,2.069,3.942
2025-08-29 11:00:00,29.15,75.84,1.4,2.765,0.1,0.091,0.0,0.199,1.256,3.155
2025-08-29 12:00:00,31.24,79.3,1.2,3.302,0.156,0.1,0.0,0.1,1.004,3.658
2025-08-29 13:00:00,29.44,78.78,1.3,2.719,0.247,0.095,0.0,0.293,0.0,3.353
2025-08-29 14:00:00,31.32,72.85,0.9,3.369,0.1,0.082,0.0,0.159,0.0,3.71
2025-08-29 15:00:00,28.74,66.66,0.4,2.281,0.167,0.096,0.0,0.1,0.0,2.644
2025-08-29 16:00:00,30.87,76.03,1.0,3.226,0.233,0.113,0.0,0.127,0.0,3.698
2025-08-29 17:00:00,28.86,71.17,3.1,3.015,0.1,0.085,0.0,1.333,0.0,4.533
2025-08-29 18:00:00,28.41,69.55,2.5,2.907,0.151,0.081,0.0,1.27,0.0,4.409
2025-08-29 19:00:00,28.2,72.13,3.5,3.013,0.228,1.271,6.494,1.373,0.0,12.379
2025-08-29 20:00:00,24.01,81.63,3.4,1.086,0.1,1.612,7.353,1.349,0.0,11.5
2025-08-29 21:00:00,23.54,88.36,2.5,1.162,0.17,1.677,6.646,1.116,0.0,10.77
2025-08-29 22:00:00,24.05,83.19,3.5,1.367,0.261,0.082,6.592,1.442,0.0,9.744
2025-08-29 23:00:00,25.47,85.3,2.9,1.816,0.1,0.116,7.482,1.288,0.0,10.802
2025-08-30 00:00:00,21.17,91.11,1.5,0.2,0.157,0.105,0.0,0.211,0.0,0.673
2025-08-30 01:00:00,21.76,78.07,2.2,0.309,0.258,0.101,0.0,0.218,0.0,0.886
2025-08-30 02:00:00,20.54,88.6,1.8,0.2,0.1,0.09,0.0,0.23,0.0,0.62
2025-08-30 03:00:00,23.79,85.74,2.6,1.063,0.12,0.095,0.0,0.187,0.0,1.465
2025-08-30 04:00:00,18.75,88.03,1.5,0.534,0.237,0.118,0.0,0.241,0.0,1.13
2025-08-30 05:00:00,22.31,81.83,1.1,0.378,0.1,0.116,0.0,0.223,0.0,0.818
2025-08-30 06:00:00,20.77,78.91,3.2,0.2,0.182,1.89,0.0,0.65,0.0,2.922
2025-08-30 07:00:00,20.65,82.26,3.6,0.2,0.192,1.857,0.0,0.676,1.356,2.925
2025-08-30 08:00:00,26.15,88.25,2.9,2.165,0.1,1.592,0.0,0.526,1.59,4.383
2025-08-30 09:00:00,27.21,82.75,2.8,2.493,0.179,0.118,0.0,0.146,1.223,2.936
2025-08-30 10:00:00,27.78,74.46,1.9,2.386,0.227,0.11,0.0,0.234,3.333,2.957
2025-08-30 11:00:00,29.08,69.05,1.2,2.572,0.1,0.095,0.0,0.232,2.727,2.999
2025-08-30 12:00:00,34.68,66.39,1.9,4.5,0.18,0.113,0.0,0.261,1.446,5.054
2025-08-30 13:00:00,30.15,80.78,1.7,3.032,0.208,0.088,0.0,0.133,0.0,3.461
2025-08-30 14:00:00,31.47,69.22,2.0,3.823,0.1,0.089,0.0,0.325,0.0,4.336
2025-08-30 15:00:00,29.56,72.58,1.2,2.94,0.119,0.112,0.0,0.237,0.0,3.407
2025-08-30 16:00:00,30.48,81.41,2.3,3.814,0.208,0.102,0.0,0.191,0.0,4.315
2025-08-30 17:00:00,28.88,67.69,3.7,3.331,0.1,0.102,0.0,1.404,0.0,4.937
2025-08-30 18:00:00,27.59,84.46,4.0,3.042,0.133,0.103,0.0,1.355,0.0,4.633
2025-08-30 19:00:00,29.73,77.18,4.0,3.839,0.242,1.275,0.0,1.409,0.0,6.766
2025-08-30 20:00:00,27.47,74.26,3.3,2.606,0.1,1.41,0.0,1.361,0.0,5.476
2025-08-30 21:00:00,24.62,80.32,4.0,1.507,0.147,1.544,0.0,1.443,0.0,4.641
2025-08-30 22:00:00,19.75,79.39,3.2,0.423,0.269,0.09,0.0,1.404,0.0,2.186
2025-08-30 23:00:00,21.63,86.45,3.3,0.2,0.1,0.1,0.0,1.246,0.0,1.646
2025-08-31 00:00:00,25.27,81.96,2.6,1.598,0.169,0.102,7.911,0.222,0.0,10.003
2025-08-31 01:00:00,20.37,76.24,2.2,0.2,0.19,0.118,7.337,0.161,0.0,8.005
2025-08-31 02:00:00,22.2,84.9,2.6,0.395,0.1,0.09,6.795,0.306,0.0,7.685
2025-08-31 03:00:00,22.88,79.01,1.7,0.575,0.16,0.098,0.0,0.213,0.0,1.045
2025-08-31 04:00:00,21.54,86.22,1.8,0.2,0.229,0.119,0.0,0.206,0.0,0.754
2025-08-31 05:00:00,20.75,78.31,2.0,0.2,0.101,0.087,0.0,0.204,0.0,0.592
2025-08-31 06:00:00,19.39,80.56,3.3,0.535,0.14,2.002,0.0,0.62,0.0,3.297
2025-08-31 07:00:00,25.28,82.47,3.0,1.657,0.204,1.568,0.0,0.7,1.032,4.129
2025-08-31 08:00:00,24.32,78.94,2.9,1.377,0.1,2.052,0.0,0.644,1.724,4.173
2025-08-31 09:00:00,27.1,79.7,3.4,2.717,0.122,0.1,0.0,0.264,2.3,3.201
2025-08-31 10:00:00,26.17,80.4,1.4,1.748,0.238,0.119,0.0,0.22,2.685,2.326
2025-08-31 11:00:00,28.68,69.97,1.4,2.724,0.1,0.087,0.0,0.148,2.267,3.058
2025-08-31 12:00:00,29.93,74.48,2.0,3.457,0.16,0.108,0.0,0.308,0.716,4.033
2025-08-31 13:00:00,30.78,57.56,1.8,3.714,0.232,0.108,0.0,0.281,0.0,4.335
2025-08-31 14:00:00,28.87,75.24,2.2,2.805,0.1,0.109,0.0,0.213,0.0,3.227
2025-08-31 15:00:00,32.17,72.7,1.6,3.774,0.175,0.084,0.0,0.184,0.0,4.217
2025-08-31 16:00:00,28.98,69.89,1.6,2.715,0.212,0.092,0.0,0.229,0.0,3.248
2025-08-31 17:00:00,26.57,77.34,4.0,2.501,0.1,0.094,0.0,1.491,0.0,4.185
2025-08-31 18:00:00,27.88,82.86,3.5,3.09,0.194,0.093,0.0,1.444,0.0,4.82
2025-08-31 19:00:00,26.89,76.07,3.5,2.587,0.247,1.605,7.097,1.398,0.0,12.935
2025-08-31 20:00:00,25.79,75.28,3.6,1.934,0.1,1.233,6.625,1.375,0.0,11.267
2025-08-31 21:00:00,26.29,82.38,3.7,2.248,0.147,1.638,6.872,1.401,0.0,12.306
2025-08-31 22:00:00,22.69,76.32,4.0,0.753,0.227,0.101,7.264,1.346,0.0,9.692
2025-08-31 23:00:00,21.83,80.94,3.2,0.2,0.1,0.087,6.809,1.298,0.0,8.494
2025-09-01 00:00:00,19.4,91.31,1.5,0.434,0.152,0.089,7.468,0.214,0.0,8.357
2025-09-01 01:00:00,21.78,86.11,1.3,0.2,0.25,0.084,6.981,0.1,0.0,7.615
2025-09-01 02:00:00,20.66,76.6,1.6,0.2,0.1,0.098,6.609,0.208,0.0,7.215
2025-09-01 03:00:00,19.92,76.81,2.3,0.222,0.111,0.104,0.0,0.177,0.0,0.614
2025-09-01 04:00:00,18.2,86.01,1.6,0.803,0.188,0.103,0.0,0.276,0.0,1.371
2025-09-01 05:00:00,24.01,88.55,1.4,1.058,0.1,0.118,0.0,0.177,0.0,1.453
2025-09-01 06:00:00,21.04,74.91,2.0,0.2,0.151,1.653,0.0,0.545,0.0,2.549
2025-09-01 07:00:00,23.2,83.8,2.0,0.903,0.239,1.989,0.0,0.555,0.992,3.686
2025-09-01 08:00:00,25.92,86.65,2.6,2.013,0.1,1.961,0.0,0.611,2.306,4.685
2025-09-01 09:00:00,24.88,87.89,1.8,1.405,0.146,0.082,0.0,0.244,3.166,1.877
2025-09-01 10:00:00,25.64,78.66,1.2,1.55,0.276,0.117,0.0,0.17,2.768,2.113
2025-09-01 11:00:00,25.73,78.29,0.1,1.367,0.1,0.117,0.0,0.156,2.226,1.74
2025-09-01 12:00:00,30.8,64.14,1.5,3.329,0.141,0.096,0.0,0.234,1.354,3.8
2025-09-01 13:00:00,29.4,84.7,0.9,2.44,0.229,0.097,0.0,0.177,0.0,2.943
2025-09-01 14:00:00,34.77,71.12,1.1,4.5,0.1,0.113,0.0,0.214,0.0,4.927
2025-09-01 15:00:00,28.72,69.54,0.7,2.429,0.134,0.1,0.0,0.149,0.0,2.812
2025-09-01 16:00:00,28.33,73.53,0.2,2.005,0.27,0.112,0.0,0.175,0.0,2.562
2025-09-01 17:00:00,28.07,83.32,3.5,3.16,0.1,0.081,0.0,1.424,0.0,4.766
2025-09-01 18:00:00,28.25,88.04,3.5,3.046,0.127,0.09,0.0,1.396,0.0,4.659
2025-09-01 19:00:00,25.97,79.07,2.9,1.979,0.245,1.255,6.661,1.164,0.0,11.303
2025-09-01 20:00:00,26.3,84.99,3.3,2.314,0.1,1.473,7.089,1.35,0.0,12.326
2025-09-01 21:00:00,22.62,81.77,2.8,0.67,0.171,1.712,7.405,1.197,0.0,11.156
2025-09-01 22:00:00,20.81,77.81,3.1,0.2,0.221,0.103,6.861,1.252,0.0,8.637
2025-09-01 23:00:00,19.15,91.63,3.3,0.573,0.1,0.101,7.238,1.353,0.0,9.365
2025-09-02 00:00:00,17.55,82.09,1.2,1.066,0.179,0.095,0.0,0.138,0.0,1.478
2025-09-02 01:00:00,19.61,93.47,1.5,0.298,0.204,0.083,0.0,0.141,0.0,0.725
2025-09-02 02:00:00,19.77,92.49,1.2,0.452,0.1,0.111,0.0,0.186,0.0,0.849
2025-09-02 03:00:00,19.44,88.87,1.0,0.2,0.139,0.103,0.0,0.15,0.0,0.591
2025-09-02 04:00:00,22.75,94.34,0.7,0.432,0.263,0.117,0.0,0.1,0.0,0.913
2025-09-02 05:00:00,23.53,95.0,0.8,0.823,0.1,0.097,0.0,0.202,0.0,1.222
2025-09-02 06:00:00,22.22,82.12,2.8,0.445,0.134,1.729,0.0,0.675,0.0,2.984
2025-09-02 07:00:00,21.23,77.51,1.9,0.2,0.249,2.142,0.0,0.597,0.817,3.188
2025-09-02 08:00:00,24.37,70.68,2.9,1.364,0.1,1.542,0.0,0.59,2.272,3.596
2025-09-02 09:00:00,25.61,89.67,2.4,1.635,0.177,0.09,0.0,0.242,2.908,2.145
2025-09-02 10:00:00,26.73,74.8,0.7,1.656,0.246,0.1,0.0,0.145,2.868,2.147
2025-09-02 11:00:00,27.71,81.43,0.6,2.06,0.1,0.101,0.0,0.103,1.727,2.364
2025-09-02 12:00:00,28.57,71.1,1.3,2.456,0.171,0.102,0.0,0.151,0.829,2.88
2025-09-02 13:00:00,29.47,81.9,1.0,2.859,0.209,0.088,0.0,0.1,0.0,3.257
2025-09-02 14:00:00,29.27,70.5,1.6,2.863,0.1,0.117,0.0,0.146,0.0,3.226
2025-09-02 15:00:00,30.36,68.25,0.5,2.888,0.124,0.108,0.0,0.1,0.0,3.22
2025-09-02 16:00:00,30.09,73.76,0.8,2.883,0.183,0.09,0.0,0.183,0.0,3.339
2025-09-02 17:00:00,27.39,73.1,3.0,2.524,0.1,0.092,0.0,1.289,0.0,4.004
2025-09-02 18:00:00,29.63,79.98,2.7,3.195,0.179,0.115,0.0,1.147,0.0,4.636
2025-09-02 19:00:00,25.04,78.19,3.0,1.761,0.248,1.428,0.0,1.322,0.0,4.758
2025-09-02 20:00:00,22.79,83.14,3.1,0.64,0.1,1.534,0.0,1.27,0.0,3.543
2025-09-02 21:00:00,24.5,80.1,3.2,1.408,0.152,1.272,0.0,1.258,0.0,4.089
2025-09-02 22:00:00,21.49,79.67,3.6,0.2,0.238,0.09,0.0,1.287,0.0,1.815
2025-09-02 23:00:00,22.17,81.32,2.5,0.443,0.1,0.097,0.0,1.157,0.0,1.796
2025-09-03 00:00:00,17.12,95.0,1.1,1.096,0.181,0.106,6.962,0.177,0.0,8.522
2025-09-03 01:00:00,22.31,86.92,0.7,0.409,0.225,0.091,7.26,0.222,0.0,8.207
2025-09-03 02:00:00,21.06,76.08,1.2,0.2,0.1,0.118,7.727,0.18,0.0,8.325
2025-09-03 03:00:00,17.97,83.19,1.2,0.885,0.175,0.089,0.0,0.169,0.0,1.318
2025-09-03 04:00:00,18.51,85.68,0.6,0.659,0.25,0.111,0.0,0.197,0.0,1.217
2025-09-03 05:00:00,24.03,93.47,0.6,0.855,0.1,0.095,0.0,0.176,0.0,1.226
2025-09-03 06:00:00,21.45,88.14,2.7,0.2,0.157,2.04,0.0,0.541,0.0,2.938
2025-09-03 07:00:00,22.51,76.94,2.5,0.499,0.207,2.105,0.0,0.579,1.032,3.389
2025-09-03 08:00:00,21.65,92.09,2.4,0.245,0.1,1.575,0.0,0.564,1.361,2.483
2025-09-03 09:00:00,25.82,78.29,2.8,1.785,0.166,0.1,0.0,0.225,3.25,2.276
2025-09-03 10:00:00,27.21,83.23,1.3,2.086,0.215,0.086,0.0,0.165,3.051,2.551
2025-09-03 11:00:00,29.66,69.98,0.8,2.699,0.1,0.108,0.0,0.133,1.159,3.041
2025-09-03 12:00:00,27.28,62.81,0.7,1.68,0.108,0.113,0.0,0.243,1.427,2.144
2025-09-03 13:00:00,27.6,67.16,0.5,1.845,0.227,0.096,0.0,0.163,0.0,2.331
2025-09-03 14:00:00,30.73,57.75,1.0,2.85,0.1,0.096,0.0,0.204,0.0,3.25
2025-09-03 15:00:00,31.39,84.76,0.4,3.064,0.159,0.088,0.0,0.157,0.0,3.468
2025-09-03 16:00:00,27.03,75.88,1.0,2.058,0.254,0.092,0.0,0.222,0.0,2.626
2025-09-03 17:00:00,30.21,71.13,3.5,3.739,0.1,0.093,0.0,1.353,0.0,5.285
2025-09-03 18:00:00,27.61,79.26,2.9,2.512,0.152,0.086,0.0,1.306,0.0,4.056
2025-09-03 19:00:00,27.99,79.39,2.8,2.757,0.254,1.386,7.84,1.102,0.0,13.339
2025-09-03 20:00:00,24.95,83.1,3.8,1.629,0.1,1.744,6.755,1.413,0.0,11.641
2025-09-03 21:00:00,19.98,87.6,3.6,0.24,0.138,1.395,7.432,1.39,0.0,10.595
2025-09-03 22:00:00,22.33,81.55,2.7,0.575,0.243,0.091,6.768,1.246,0.0,8.924
2025-09-03 23:00:00,23.11,79.84,3.1,0.811,0.1,0.095,6.938,1.235,0.0,9.179
2025-09-04 00:00:00,19.21,89.34,1.1,0.311,0.15,0.118,0.0,0.148,0.0,0.727
2025-09-04 01:00:00,19.47,89.81,1.1,0.2,0.224,0.111,0.0,0.13,0.0,0.665
2025-09-04 02:00:00,19.62,86.5,1.7,0.603,0.1,0.088,0.0,0.226,0.0,1.017
2025-09-04 03:00:00,15.71,95.0,1.0,1.458,0.13,0.11,0.0,0.226,0.0,1.925
2025-09-04 04:00:00,23.06,83.01,1.1,0.627,0.239,0.111,0.0,0.101,0.0,1.077
2025-09-04 05:00:00,20.0,79.74,1.3,0.271,0.1,0.118,0.0,0.199,0.0,0.688
2025-09-04 06:00:00,23.14,85.09,3.0,0.819,0.139,2.082,0.0,0.595,0.0,3.635
2025-09-04 07:00:00,23.46,78.18,2.9,1.037,0.244,1.509,0.0,0.717,1.247,3.507
2025-09-04 08:00:00,26.77,82.48,2.7,2.189,0.1,1.767,0.0,0.645,1.533,4.702
2025-09-04 09:00:00,26.79,74.28,1.9,2.023,0.187,0.108,0.0,0.189,1.851,2.507
2025-09-04 10:00:00,27.03,75.0,0.8,1.939,0.197,0.119,0.0,0.167,2.704,2.422
2025-09-04 11:00:00,27.08,85.21,1.3,2.187,0.1,0.083,0.0,0.255,2.071,2.625
2025-09-04 12:00:00,30.41,72.78,1.1,3.144,0.148,0.095,0.0,0.186,1.297,3.573
2025-09-04 13:00:00,26.9,70.21,1.3,2.107,0.236,0.1,0.0,0.1,0.0,2.542
2025-09-04 14:00:00,30.85,79.85,1.8,3.454,0.1,0.097,0.0,0.279,0.0,3.929
2025-09-04 15:00:00,28.07,68.95,0.5,2.073,0.17,0.098,0.0,0.207,0.0,2.548
2025-09-04 16:00:00,31.09,71.34,1.5,3.249,0.242,0.095,0.0,0.167,0.0,3.753
2025-09-04 17:00:00,28.66,78.64,2.9,3.076,0.1,0.119,0.0,1.289,0.0,4.583
2025-09-04 18:00:00,28.35,81.69,3.4,3.138,0.151,0.112,0.0,1.309,0.0,4.71
2025-09-04 19:00:00,26.3,84.55,3.0,2.119,0.216,1.642,0.0,1.245,0.0,5.222
2025-09-04 20:00:00,22.26,76.26,3.9,0.477,0.1,1.446,0.0,1.41,0.0,3.434
2025-09-04 21:00:00,22.3,84.53,3.1,0.655,0.173,1.729,0.0,1.318,0.0,3.875
2025-09-04 22:00:00,23.39,80.67,2.7,1.009,0.228,0.084,0.0,1.263,0.0,2.584
2025-09-04 23:00:00,21.6,81.21,3.2,0.379,0.1,0.086,0.0,1.354,0.0,1.919
2025-09-05 00:00:00,22.16,91.21,1.1,0.283,0.162,0.118,7.481,0.208,0.0,8.252
2025-09-05 01:00:00,20.49,83.05,1.5,0.2,0.243,0.103,6.881,0.266,0.0,7.694
2025-09-05 02:00:00,18.27,87.39,1.2,0.828,0.1,0.086,6.564,0.272,0.0,7.851
2025-09-05 03:00:00,18.69,86.57,2.0,0.655,0.145,0.118,0.0,0.225,0.0,1.143
2025-09-05 04:00:00,20.54,79.84,1.0,0.2,0.233,0.119,0.0,0.162,0.0,0.714
2025-09-05 05:00:00,17.71,89.07,1.0,0.778,0.1,0.115,0.0,0.17,0.0,1.164
2025-09-05 06:00:00,24.73,85.8,2.3,1.395,0.163,1.612,0.0,0.484,0.0,3.654
2025-09-05 07:00:00,24.08,71.62,2.5,1.292,0.228,1.641,0.0,0.604,1.044,3.765
2025-09-05 08:00:00,26.56,81.39,2.6,2.144,0.1,1.733,0.0,0.577,1.831,4.554
2025-09-05 09:00:00,23.64,74.58,2.6,1.107,0.139,0.103,0.0,0.193,3.065,1.543
2025-09-05 10:00:00,29.08,82.49,1.0,2.658,0.27,0.12,0.0,0.179,2.736,3.227
2025-09-05 11:00:00,31.6,68.53,0.8,3.216,0.1,0.118,0.0,0.1,1.469,3.534
2025-09-05 12:00:00,27.06,73.02,0.6,1.775,0.133,0.117,0.0,0.16,1.318,2.185
2025-09-05 13:00:00,30.7,76.01,0.8,3.018,0.212,0.084,0.0,0.186,0.0,3.499
2025-09-05 14:00:00,29.72,74.27,1.5,2.84,0.1,0.11,0.0,0.117,0.0,3.167
2025-09-05 15:00:00,27.23,78.02,1.5,2.096,0.155,0.115,0.0,0.264,0.0,2.63
2025-09-05 16:00:00,29.78,67.21,1.0,2.969,0.248,0.093,0.0,0.201,0.0,3.511
2025-09-05 17:00:00,29.5,84.02,2.6,3.314,0.1,0.089,0.0,1.284,0.0,4.787
2025-09-05 18:00:00,26.31,79.63,3.0,2.073,0.147,0.11,0.0,1.297,0.0,3.627
2025-09-05 19:00:00,27.76,85.25,3.8,3.173,0.23,1.255,6.868,1.432,0.0,12.957
2025-09-05 20:00:00,22.21,84.37,3.4,0.421,0.1,1.765,6.701,1.42,0.0,10.406
2025-09-05 21:00:00,21.18,81.49,3.2,0.2,0.125,1.294,7.001,1.381,0.0,10.0
2025-09-05 22:00:00,22.42,76.58,3.4,0.722,0.235,0.098,6.616,1.439,0.0,9.11
2025-09-05 23:00:00,21.22,81.42,3.6,0.2,0.1,0.119,7.696,1.372,0.0,9.488
2025-09-06 00:00:00,19.14,93.14,1.3,0.479,0.14,0.12,0.0,0.15,0.0,0.889
2025-09-06 01:00:00,20.93,92.72,1.6,0.2,0.235,0.111,0.0,0.141,0.0,0.687
2025-09-06 02:00:00,20.34,82.9,1.6,0.21,0.1,0.114,0.0,0.149,0.0,0.572
2025-09-06 03:00:00,21.0,71.7,2.0,0.2,0.162,0.119,0.0,0.245,0.0,0.725
2025-09-06 04:00:00,20.03,84.13,1.9,0.2,0.252,0.117,0.0,0.342,0.0,0.911
2025-09-06 05:00:00,21.91,82.8,2.1,0.279,0.1,0.105,0.0,0.289,0.0,0.772
2025-09-06 06:00:00,21.37,81.75,3.1,0.262,0.175,1.969,0.0,0.639,0.0,3.045
2025-09-06 07:00:00,26.33,84.2,3.8,2.311,0.224,1.868,0.0,0.746,1.236,5.148
2025-09-06 08:00:00,23.32,84.38,3.3,1.016,0.1,1.805,0.0,0.634,1.862,3.555
2025-09-06 09:00:00,28.99,83.4,3.6,3.458,0.155,0.115,0.0,0.233,1.538,3.962
2025-09-06 10:00:00,27.1,79.23,2.3,2.121,0.23,0.11,0.0,0.167,2.867,2.627
2025-09-06 11:00:00,26.02,66.75,2.2,1.837,0.1,0.114,0.0,0.169,1.813,2.22
2025-09-06 12:00:00,30.93,73.1,1.9,3.625,0.161,0.084,0.0,0.236,0.684,4.106
2025-09-06 13:00:00,29.56,85.72,2.1,3.084,0.221,0.103,0.0,0.288,0.0,3.696
2025-09-06 14:00:00,30.82,75.87,2.5,3.743,0.1,0.093,0.0,0.277,0.0,4.213
2025-09-06 15:00:00,31.21,76.04,2.0,3.757,0.147,0.101,0.0,0.283,0.0,4.288
2025-09-06 16:00:00,29.38,76.6,1.5,2.884,0.256,0.105,0.0,0.234,0.0,3.479
2025-09-06 17:00:00,27.19,77.83,4.0,2.878,0.1,0.114,0.0,1.438,0.0,4.53
2025-09-06 18:00:00,28.51,65.08,3.8,3.334,0.14,0.081,0.0,1.379,0.0,4.934
2025-09-06 19:00:00,25.84,77.25,2.9,1.84,0.216,1.298,0.0,1.287,0.0,4.642
2025-09-06 20:00:00,25.57,79.81,4.0,1.997,0.1,1.753,0.0,1.354,0.0,5.204
2025-09-06 21:00:00,20.02,87.96,3.8,0.343,0.123,1.78,0.0,1.385,0.0,3.631
2025-09-06 22:00:00,22.71,83.24,4.0,0.901,0.223,0.082,0.0,1.401,0.0,2.607
2025-09-06 23:00:00,20.05,76.01,3.5,0.272,0.1,0.093,0.0,1.422,0.0,1.887
2025-09-07 00:00:00,22.52,87.35,1.2,0.328,0.164,0.08,7.094,0.117,0.0,7.783
2025-09-07 01:00:00,20.47,81.78,1.9,0.2,0.262,0.11,6.745,0.253,0.0,7.57
2025-09-07 02:00:00,19.73,79.92,2.0,0.286,0.1,0.107,6.543,0.228,0.0,7.264
2025-09-07 03:00:00,20.27,81.62,1.8,0.2,0.111,0.103,0.0,0.225,0.0,0.639
2025-09-07 04:00:00,18.54,87.91,1.8,0.69,0.243,0.108,0.0,0.181,0.0,1.221
2025-09-07 05:00:00,23.27,90.54,1.4,0.863,0.1,0.102,0.0,0.118,0.0,1.183
2025-09-07 06:00:00,24.86,85.41,3.2,1.548,0.14,1.612,0.0,0.685,0.0,3.984
2025-09-07 07:00:00,23.66,84.71,3.2,1.149,0.239,1.983,0.0,0.697,1.1,4.068
2025-09-07 08:00:00,26.75,82.37,3.7,2.581,0.1,2.004,0.0,0.723,1.696,5.408
2025-09-07 09:00:00,24.81,78.95,3.5,1.698,0.151,0.114,0.0,0.246,2.551,2.209
2025-09-07 10:00:00,25.67,80.48,1.7,1.567,0.234,0.118,0.0,0.144,2.129,2.063
2025-09-07 11:00:00,27.97,63.66,2.5,2.567,0.1,0.11,0.0,0.194,2.463,2.97
2025-09-07 12:00:00,29.35,75.36,1.7,2.834,0.129,0.082,0.0,0.223,1.432,3.268
2025-09-07 13:00:00,28.61,68.98,2.0,2.856,0.214,0.081,0.0,0.171,0.0,3.322
2025-09-07 14:00:00,30.18,79.81,1.7,3.304,0.1,0.11,0.0,0.154,0.0,3.667
2025-09-07 15:00:00,29.66,73.47,2.5,3.22,0.136,0.082,0.0,0.151,0.0,3.589
2025-09-07 16:00:00,27.2,74.96,1.8,2.428,0.247,0.093,0.0,0.232,0.0,2.999
2025-09-07 17:00:00,28.68,68.23,3.8,3.285,0.1,0.085,0.0,1.441,0.0,4.911
2025-09-07 18:00:00,28.16,82.08,3.7,3.232,0.173,0.119,0.0,1.457,0.0,4.981
2025-09-07 19:00:00,25.92,81.58,3.9,2.331,0.229,1.39,6.659,1.313,0.0,11.923
2025-09-07 20:00:00,26.1,82.78,4.0,2.295,0.1,1.233,7.544,1.499,0.0,12.67
2025-09-07 21:00:00,21.25,77.49,4.0,0.2,0.16,1.77,7.015,1.496,0.0,10.64
2025-09-07 22:00:00,22.57,79.13,3.8,0.616,0.267,0.104,7.299,1.47,0.0,9.757
2025-09-07 23:00:00,19.08,85.36,4.0,0.65,0.1,0.081,7.537,1.446,0.0,9.815
2025-09-08 00:00:00,18.19,81.72,1.3,0.851,0.159,0.113,7.779,0.202,0.0,9.103
2025-09-08 01:00:00,18.42,87.97,0.8,0.519,0.218,0.086,7.66,0.186,0.0,8.668
2025-09-08 02:00:00,17.78,75.2,0.4,0.572,0.1,0.112,7.254,0.118,0.0,8.156
2025-09-08 03:00:00,18.54,83.36,0.8,0.645,0.129,0.104,0.0,0.131,0.0,1.01
2025-09-08 04:00:00,19.54,94.18,1.2,0.435,0.244,0.087,0.0,0.196,0.0,0.963
2025-09-08 05:00:00,21.91,86.44,1.2,0.5,0.1,0.11,0.0,0.175,0.0,0.885
2025-09-08 06:00:00,21.21,83.83,3.0,0.2,0.126,1.767,0.0,0.679,0.0,2.773
2025-09-08 07:00:00,20.52,91.48,2.1,0.2,0.249,1.899,0.0,0.547,1.321,2.895
2025-09-08 08:00:00,25.9,68.32,2.3,1.968,0.1,2.066,0.0,0.513,2.118,4.646
2025-09-08 09:00:00,24.23,74.37,2.0,1.192,0.197,0.09,0.0,0.14,3.029,1.619
2025-09-08 10:00:00,26.6,74.99,0.5,1.659,0.199,0.095,0.0,0.126,2.543,2.078
2025-09-08 11:00:00,28.4,80.05,0.7,2.383,0.1,0.12,0.0,0.209,1.431,2.812
2025-09-08 12:00:00,28.82,79.18,1.1,2.507,0.128,0.1,0.0,0.158,1.285,2.893
2025-09-08 13:00:00,30.66,69.87,1.3,3.322,0.215,0.102,0.0,0.204,0.0,3.843
2025-09-08 14:00:00,29.91,78.99,0.6,2.602,0.1,0.091,0.0,0.1,0.0,2.894
2025-09-08 15:00:00,27.73,72.19,0.7,1.924,0.186,0.097,0.0,0.178,0.0,2.385
2025-09-08 16:00:00,31.79,80.86,0.3,3.125,0.26,0.1,0.0,0.161,0.0,3.645
2025-09-08 17:00:00,28.02,70.59,3.1,2.619,0.1,0.09,0.0,1.353,0.0,4.163
2025-09-08 18:00:00,26.47,76.38,2.7,2.163,0.15,0.09,0.0,1.241,0.0,3.643
2025-09-08 19:00:00,26.93,76.0,3.7,2.401,0.224,1.56,6.669,1.425,0.0,12.28
2025-09-08 20:00:00,24.57,85.28,3.2,1.501,0.1,1.31,6.912,1.404,0.0,11.227
2025-09-08 21:00:00,23.5,78.94,2.9,1.025,0.146,1.532,6.542,1.271,0.0,10.516
2025-09-08 22:00:00,25.43,82.79,2.7,1.744,0.24,0.108,6.773,1.316,0.0,10.182
2025-09-08 23:00:00,20.24,86.78,2.4,0.27,0.1,0.088,6.948,1.191,0.0,8.596
2025-09-09 00:00:00,19.21,87.92,0.5,0.441,0.126,0.11,0.0,0.137,0.0,0.814
2025-09-09 01:00:00,19.36,90.23,0.8,0.372,0.237,0.094,0.0,0.167,0.0,0.871
2025-09-09 02:00:00,20.62,87.06,0.7,0.275,0.1,0.12,0.0,0.146,0.0,0.641
2025-09-09 03:00:00,16.93,83.7,0.6,1.016,0.138,0.119,0.0,0.144,0.0,1.418
2025-09-09 04:00:00,16.74,83.45,1.2,1.177,0.221,0.112,0.0,0.156,0.0,1.666
2025-09-09 05:00:00,19.6,84.37,1.2,0.471,0.1,0.094,0.0,0.171,0.0,0.836
2025-09-09 06:00:00,19.06,84.25,2.3,0.641,0.159,2.115,0.0,0.621,0.0,3.535
2025-09-09 07:00:00,22.08,80.82,3.3,0.659,0.274,2.159,0.0,0.577,0.608,3.669
2025-09-09 08:00:00,24.77,80.1,1.8,1.357,0.1,1.773,0.0,0.558,2.098,3.788
2025-09-09 09:00:00,23.97,70.86,2.5,1.147,0.126,0.105,0.0,0.232,2.707,1.609
2025-09-09 10:00:00,24.37,80.34,0.9,1.009,0.233,0.08,0.0,0.247,1.821,1.569
2025-09-09 11:00:00,27.65,76.66,0.8,2.056,0.1,0.082,0.0,0.155,1.831,2.392
2025-09-09 12:00:00,29.64,79.81,0.7,2.607,0.113,0.1,0.0,0.228,1.091,3.049
2025-09-09 13:00:00,26.3,74.21,1.0,1.774,0.281,0.104,0.0,0.137,0.0,2.296
2025-09-09 14:00:00,30.25,65.31,0.9,2.851,0.1,0.092,0.0,0.155,0.0,3.198
2025-09-09 15:00:00,30.07,72.41,0.8,2.868,0.137,0.084,0.0,0.196,0.0,3.286
2025-09-09 16:00:00,29.78,73.8,0.5,2.69,0.261,0.111,0.0,0.195,0.0,3.258
2025-09-09 17:00:00,29.38,79.47,2.4,3.189,0.1,0.097,0.0,1.163,0.0,4.549
2025-09-09 18:00:00,29.82,66.65,2.9,3.448,0.112,0.106,0.0,1.273,0.0,4.938
2025-09-09 19:00:00,24.77,78.65,2.8,1.577,0.254,1.59,0.0,1.246,0.0,4.667
2025-09-09 20:00:00,24.18,82.57,2.9,1.272,0.1,1.528,0.0,1.307,0.0,4.207
2025-09-09 21:00:00,22.1,78.25,3.0,0.2,0.158,1.307,0.0,1.266,0.0,2.93
2025-09-09 22:00:00,21.52,83.37,2.8,0.2,0.297,0.105,0.0,1.235,0.0,1.837
2025-09-09 23:00:00,22.78,81.11,2.9,0.856,0.1,0.093,0.0,1.316,0.0,2.365
2025-09-10 00:00:00,17.49,81.55,0.7,0.997,0.147,0.113,7.041,0.18,0.0,8.479
2025-09-10 01:00:00,17.71,83.75,1.6,0.95,0.265,0.088,7.168,0.232,0.0,8.702
2025-09-10 02:00:00,20.9,82.45,0.7,0.2,0.1,0.092,6.857,0.295,0.0,7.544
2025-09-10 03:00:00,20.54,89.21,0.9,0.2,0.16,0.098,0.0,0.1,0.0,0.558
2025-09-10 04:00:00,18.96,81.52,0.7,0.471,0.247,0.11,0.0,0.12,0.0,0.947
2025-09-10 05:00:00,21.58,79.73,0.7,0.303,0.1,0.109,0.0,0.125,0.0,0.637
2025-09-10 06:00:00,21.85,91.84,2.5,0.369,0.14,1.683,0.0,0.558,0.0,2.75
2025-09-10 07:00:00,24.79,86.36,2.5,1.46,0.244,1.808,0.0,0.668,0.812,4.18
2025-09-10 08:00:00,23.95,70.69,2.3,1.093,0.1,1.609,0.0,0.452,1.363,3.254
2025-09-10 09:00:00,26.67,74.62,2.4,2.273,0.104,0.111,0.0,0.246,2.646,2.733
2025-09-10 10:00:00,30.3,78.21,0.7,2.994,0.23,0.088,0.0,0.1,1.85,3.412
2025-09-10 11:00:00,28.27,77.38,1.2,2.454,0.1,0.113,0.0,0.186,1.958,2.853
2025-09-10 12:00:00,28.24,67.35,1.8,2.588,0.163,0.117,0.0,0.218,1.311,3.086
2025-09-10 13:00:00,29.75,80.0,0.7,2.653,0.264,0.12,0.0,0.215,0.0,3.251
2025-09-10 14:00:00,28.29,78.13,1.2,2.464,0.1,0.114,0.0,0.171,0.0,2.85
2025-09-10 15:00:00,32.25,76.61,1.0,3.52,0.128,0.089,0.0,0.172,0.0,3.909
2025-09-10 16:00:00,28.44,81.59,1.3,2.388,0.239,0.097,0.0,0.1,0.0,2.824
2025-09-10 17:00:00,26.96,78.02,3.3,2.345,0.1,0.084,0.0,1.439,0.0,3.967
2025-09-10 18:00:00,25.08,79.24,3.1,1.795,0.145,0.087,0.0,1.308,0.0,3.335
2025-09-10 19:00:00,26.78,86.24,3.0,2.269,0.23,1.23,7.326,1.299,0.0,12.354
2025-09-10 20:00:00,25.14,85.51,2.8,1.689,0.1,1.585,7.522,1.306,0.0,12.201
2025-09-10 21:00:00,21.8,77.35,2.7,0.3,0.156,1.52,6.801,1.228,0.0,10.005
2025-09-10 22:00:00,22.2,86.17,3.0,0.775,0.24,0.117,7.659,1.295,0.0,10.085
2025-09-10 23:00:00,18.04,80.92,2.5,0.939,0.1,0.099,6.528,1.234,0.0,8.9
2025-09-11 00:00:00,19.6,87.72,0.8,0.2,0.155,0.106,0.0,0.1,0.0,0.561
2025-09-11 01:00:00,19.5,88.18,1.4,0.518,0.228,0.096,0.0,0.22,0.0,1.062
2025-09-11 02:00:00,21.21,79.08,1.0,0.2,0.1,0.113,0.0,0.285,0.0,0.698
2025-09-11 03:00:00,17.67,85.19,1.4,0.862,0.135,0.117,0.0,0.278,0.0,1.392
2025-09-11 04:00:00,17.41,86.52,1.6,0.912,0.216,0.097,0.0,0.274,0.0,1.499
2025-09-11 05:00:00,18.78,82.06,0.9,0.577,0.1,0.083,0.0,0.273,0.0,1.034
2025-09-11 06:00:00,19.15,84.57,2.6,0.583,0.173,1.558,0.0,0.544,0.0,2.857
2025-09-11 07:00:00,24.36,85.58,2.4,1.214,0.222,1.959,0.0,0.564,1.28,3.959
2025-09-11 08:00:00,25.98,79.85,2.2,1.797,0.1,1.674,0.0,0.528,2.104,4.1
2025-09-11 09:00:00,25.43,79.57,2.1,1.644,0.144,0.111,0.0,0.388,1.936,2.288
2025-09-11 10:00:00,27.99,83.92,1.3,2.114,0.236,0.11,0.0,0.202,2.423,2.662
2025-09-11 11:00:00,27.39,78.12,1.1,1.936,0.1,0.108,0.0,0.112,2.224,2.256
2025-09-11 12:00:00,27.84,75.81,1.7,2.582,0.154,0.113,0.0,0.147,0.897,2.995
2025-09-11 13:00:00,27.98,69.41,1.4,2.396,0.218,0.11,0.0,0.197,0.0,2.921
2025-09-11 14:00:00,28.19,77.36,0.7,2.174,0.1,0.105,0.0,0.103,0.0,2.482
2025-09-11 15:00:00,26.16,75.86,1.3,1.565,0.167,0.08,0.0,0.284,0.0,2.096
2025-09-11 16:00:00,28.38,81.22,0.9,2.333,0.246,0.101,0.0,0.216,0.0,2.896
2025-09-11 17:00:00,27.13,75.99,3.5,2.712,0.1,0.104,0.0,1.374,0.0,4.29
2025-09-11 18:00:00,27.27,67.92,2.8,2.759,0.145,0.118,0.0,1.196,0.0,4.219
2025-09-11 19:00:00,25.09,69.95,2.6,1.777,0.209,1.59,0.0,1.147,0.0,4.722
2025-09-11 20:00:00,23.41,83.68,2.7,0.857,0.1,1.545,0.0,1.247,0.0,3.749
2025-09-11 21:00:00,21.05,78.7,2.7,0.2,0.155,1.525,0.0,1.239,0.0,3.119
2025-09-11 22:00:00,21.26,85.18,2.7,0.2,0.242,0.084,0.0,1.162,0.0,1.688
2025-09-11 23:00:00,21.23,84.81,2.8,0.2,0.1,0.097,0.0,1.241,0.0,1.638
2025-09-12 00:00:00,17.43,84.36,1.3,0.923,0.137,0.085,7.785,0.188,0.0,9.119
2025-09-12 01:00:00,18.77,85.31,1.7,0.58,0.218,0.082,6.797,0.238,0.0,7.915
2025-09-12 02:00:00,18.82,81.67,0.5,0.719,0.1,0.093,7.492,0.269,0.0,8.674
2025-09-12 03:00:00,17.56,85.72,1.5,0.795,0.159,0.106,0.0,0.1,0.0,1.16
2025-09-12 04:00:00,18.26,82.27,0.8,0.672,0.236,0.115,0.0,0.214,0.0,1.236
2025-09-12 05:00:00,20.28,82.38,1.1,0.2,0.1,0.112,0.0,0.149,0.0,0.562
2025-09-12 06:00:00,19.27,81.38,1.8,0.518,0.18,1.652,0.0,0.568,0.0,2.919
2025-09-12 07:00:00,22.7,80.42,2.7,0.536,0.244,1.473,0.0,0.623,1.232,2.876
2025-09-12 08:00:00,22.13,84.61,1.7,0.506,0.1,1.73,0.0,0.561,1.928,2.897
2025-09-12 09:00:00,26.36,77.8,2.6,2.062,0.139,0.093,0.0,0.167,2.327,2.461
2025-09-12 10:00:00,29.48,82.12,1.1,2.626,0.222,0.095,0.0,0.232,1.5,3.175
2025-09-12 11:00:00,25.72,83.45,1.1,1.323,0.1,0.102,0.0,0.184,1.889,1.71
2025-09-12 12:00:00,28.6,79.08,0.7,2.256,0.133,0.081,0.0,0.241,1.133,2.711
2025-09-12 13:00:00,27.21,76.88,1.2,2.081,0.251,0.095,0.0,0.266,0.0,2.693
2025-09-12 14:00:00,30.03,75.63,1.2,3.01,0.1,0.102,0.0,0.197,0.0,3.409
2025-09-12 15:00:00,26.4,78.53,0.9,1.671,0.163,0.097,0.0,0.227,0.0,2.158
2025-09-12 16:00:00,28.52,75.25,1.3,2.6,0.235,0.107,0.0,0.233,0.0,3.174
2025-09-12 17:00:00,25.7,80.68,3.0,1.786,0.1,0.087,0.0,1.341,0.0,3.314
2025-09-12 18:00:00,25.66,80.07,3.2,1.641,0.153,0.086,0.0,1.377,0.0,3.257
2025-09-12 19:00:00,23.22,76.65,2.9,0.924,0.257,1.385,6.885,1.214,0.0,10.664
2025-09-12 20:00:00,24.7,84.48,3.1,1.646,0.1,1.261,7.181,1.308,0.0,11.497
2025-09-12 21:00:00,20.92,82.01,3.2,0.2,0.17,1.342,7.014,1.247,0.0,9.974
2025-09-12 22:00:00,21.8,82.47,2.8,0.2,0.244,0.083,6.536,1.228,0.0,8.292
2025-09-12 23:00:00,19.42,81.86,2.5,0.424,0.1,0.096,7.358,1.177,0.0,9.155
2025-09-13 00:00:00,18.78,86.03,1.9,0.699,0.144,0.108,0.0,0.237,0.0,1.188
2025-09-13 01:00:00,18.68,90.78,2.3,0.622,0.207,0.091,0.0,0.207,0.0,1.128
2025-09-13 02:00:00,17.14,90.44,1.9,1.103,0.1,0.08,0.0,0.2,0.0,1.483
2025-09-13 03:00:00,18.77,87.56,1.9,0.56,0.141,0.102,0.0,0.258,0.0,1.062
2025-09-13 04:00:00,21.25,88.19,1.8,0.2,0.248,0.108,0.0,0.247,0.0,0.803
2025-09-13 05:00:00,18.58,90.6,2.1,0.609,0.1,0.096,0.0,0.227,0.0,1.031
2025-09-13 06:00:00,22.54,82.25,3.2,0.737,0.172,1.654,0.0,0.696,0.0,3.258
2025-09-13 07:00:00,24.24,75.98,3.1,1.333,0.242,1.793,0.0,0.682,0.597,4.05
2025-09-13 08:00:00,22.06,86.51,3.7,0.591,0.1,1.513,0.0,0.798,1.607,3.002
2025-09-13 09:00:00,22.4,75.8,3.1,0.625,0.134,0.106,0.0,0.232,2.104,1.096
2025-09-13 10:00:00,26.24,73.55,2.2,2.102,0.225,0.109,0.0,0.177,2.631,2.613
2025-09-13 11:00:00,26.0,66.78,2.2,1.953,0.1,0.108,0.0,0.227,1.354,2.389
2025-09-13 12:00:00,30.42,77.66,2.0,3.515,0.143,0.093,0.0,0.163,1.064,3.914
2025-09-13 13:00:00,28.17,66.1,1.3,2.386,0.215,0.114,0.0,0.171,0.0,2.886
2025-09-13 14:00:00,27.08,70.25,1.8,2.467,0.1,0.118,0.0,0.227,0.0,2.911
2025-09-13 15:00:00,26.4,77.15,1.7,1.911,0.153,0.092,0.0,0.176,0.0,2.333
2025-09-13 16:00:00,29.25,78.41,1.6,2.668,0.242,0.091,0.0,0.187,0.0,3.187
2025-09-13 17:00:00,25.96,72.5,3.9,2.221,0.1,0.108,0.0,1.403,0.0,3.833
2025-09-13 18:00:00,25.85,76.33,4.0,2.075,0.129,0.108,0.0,1.418,0.0,3.731
2025-09-13 19:00:00,26.01,74.08,3.6,2.267,0.233,1.506,0.0,1.324,0.0,5.331
2025-09-13 20:00:00,22.56,77.26,3.7,0.754,0.1,1.754,0.0,1.448,0.0,4.055
2025-09-13 21:00:00,21.92,82.88,3.7,0.383,0.166,1.288,0.0,1.461,0.0,3.297
2025-09-13 22:00:00,20.76,80.49,4.0,0.2,0.223,0.099,0.0,1.488,0.0,2.009
2025-09-13 23:00:00,20.78,83.02,3.7,0.2,0.1,0.081,0.0,1.439,0.0,1.82
2025-09-14 00:00:00,19.66,77.87,1.3,0.289,0.159,0.082,7.853,0.168,0.0,8.551
2025-09-14 01:00:00,17.94,91.46,1.2,0.87,0.232,0.082,7.709,0.194,0.0,9.088
2025-09-14 02:00:00,18.2,88.55,1.9,0.853,0.1,0.1,7.66,0.169,0.0,8.881
2025-09-14 03:00:00,17.71,89.76,1.5,1.179,0.18,0.104,0.0,0.188,0.0,1.651
2025-09-14 04:00:00,16.55,91.65,2.1,1.237,0.206,0.08,0.0,0.21,0.0,1.733
2025-09-14 05:00:00,19.95,80.12,1.3,0.244,0.1,0.105,0.0,0.119,0.0,0.568
2025-09-14 06:00:00,23.44,81.21,3.1,0.983,0.167,1.793,0.0,0.653,0.0,3.597
2025-09-14 07:00:00,20.48,72.08,2.8,0.2,0.207,1.601,0.0,0.595,1.356,2.603
2025-09-14 08:00:00,21.94,95.0,3.5,0.503,0.1,1.451,0.0,0.691,1.616,2.745
2025-09-14 09:00:00,23.09,77.7,3.6,0.869,0.158,0.086,0.0,0.245,2.262,1.358
2025-09-14 10:00:00,26.69,82.19,1.9,2.252,0.242,0.104,0.0,0.225,2.156,2.824
2025-09-14 11:00:00,27.31,69.57,1.4,2.186,0.1,0.106,0.0,0.226,1.751,2.619
2025-09-14 12:00:00,27.19,79.79,1.5,2.076,0.133,0.106,0.0,0.132,1.265,2.448
2025-09-14 13:00:00,26.55,83.49,1.9,1.922,0.229,0.086,0.0,0.191,0.0,2.428
2025-09-14 14:00:00,28.24,73.7,1.1,2.473,0.1,0.116,0.0,0.151,0.0,2.841
2025-09-14 15:00:00,25.58,69.15,1.7,1.614,0.174,0.096,0.0,0.26,0.0,2.145
2025-09-14 16:00:00,27.65,74.11,2.4,2.533,0.222,0.111,0.0,0.307,0.0,3.173
2025-09-14 17:00:00,27.94,64.62,3.7,2.971,0.1,0.087,0.0,1.399,0.0,4.556
2025-09-14 18:00:00,23.72,76.81,3.2,1.123,0.17,0.099,0.0,1.333,0.0,2.725
2025-09-14 19:00:00,22.1,82.55,3.6,0.406,0.219,1.513,7.476,1.295,0.0,10.91
2025-09-14 20:00:00,25.47,79.82,3.5,2.053,0.1,1.662,7.036,1.383,0.0,12.234
2025-09-14 21:00:00,20.89,80.13,4.0,0.2,0.132,1.573,7.838,1.427,0.0,11.17
2025-09-14 22:00:00,22.3,85.64,4.0,0.567,0.233,0.096,6.599,1.508,0.0,9.003
2025-09-14 23:00:00,19.33,87.26,4.0,0.568,0.1,0.091,6.538,1.429,0.0,8.725
2025-09-15 00:00:00,18.34,76.9,0.9,0.67,0.136,0.119,6.659,0.135,0.0,7.719
2025-09-15 01:00:00,18.74,86.24,1.5,0.607,0.24,0.091,7.607,0.127,0.0,8.672
2025-09-15 02:00:00,16.59,95.0,0.5,0.955,0.1,0.085,7.809,0.175,0.0,9.124
2025-09-15 03:00:00,18.28,79.12,1.4,0.536,0.169,0.092,0.0,0.166,0.0,0.963
2025-09-15 04:00:00,18.01,84.77,1.4,0.713,0.215,0.093,0.0,0.252,0.0,1.273
2025-09-15 05:00:00,17.4,93.95,0.9,0.892,0.1,0.085,0.0,0.21,0.0,1.287
2025-09-15 06:00:00,20.92,88.52,3.0,0.2,0.145,1.95,0.0,0.631,0.0,2.926
2025-09-15 07:00:00,21.22,78.99,2.3,0.2,0.229,1.886,0.0,0.617,1.248,2.932
2025-09-15 08:00:00,22.68,81.03,2.0,0.587,0.1,1.668,0.0,0.647,0.808,3.002
2025-09-15 09:00:00,22.39,78.44,2.9,0.746,0.152,0.12,0.0,0.179,1.688,1.196
2025-09-15 10:00:00,27.8,73.26,1.0,2.124,0.204,0.106,0.0,0.147,2.302,2.581
2025-09-15 11:00:00,27.76,75.39,1.2,2.26,0.1,0.108,0.0,0.284,2.176,2.753
2025-09-15 12:00:00,28.69,73.4,1.7,2.682,0.144,0.102,0.0,0.164,1.107,3.093
2025-09-15 13:00:00,27.28,74.77,0.7,1.991,0.241,0.102,0.0,0.204,0.0,2.539
2025-09-15 14:00:00,25.32,70.26,0.9,1.487,0.107,0.081,0.0,0.238,0.0,1.913
2025-09-15 15:00:00,30.67,67.82,1.6,3.43,0.176,0.111,0.0,0.198,0.0,3.915
2025-09-15 16:00:00,27.15,74.6,1.3,1.847,0.241,0.116,0.0,0.222,0.0,2.426
2025-09-15 17:00:00,25.32,84.33,2.7,1.755,0.1,0.085,0.0,1.221,0.0,3.16
2025-09-15 18:00:00,26.04,77.41,2.6,1.863,0.123,0.112,0.0,1.31,0.0,3.408
2025-09-15 19:00:00,25.96,76.79,2.8,1.938,0.26,1.521,6.747,1.224,0.0,11.69
2025-09-15 20:00:00,22.88,83.77,2.7,0.808,0.1,1.371,6.597,1.185,0.0,10.061
2025-09-15 21:00:00,23.54,80.76,3.1,0.928,0.147,1.753,7.211,1.34,0.0,11.378
2025-09-15 22:00:00,22.04,92.34,3.0,0.538,0.214,0.081,7.455,1.321,0.0,9.608
2025-09-15 23:00:00,17.76,84.22,3.1,1.009,0.1,0.091,7.825,1.305,0.0,10.331
2025-09-16 00:00:00,17.38,88.7,0.7,1.092,0.173,0.115,0.0,0.172,0.0,1.552
2025-09-16 01:00:00,19.33,82.02,1.0,0.428,0.267,0.099,0.0,0.154,0.0,0.949
2025-09-16 02:00:00,13.65,88.52,0.2,1.83,0.1,0.104,0.0,0.119,0.0,2.152
2025-09-16 03:00:00,17.67,87.17,1.1,0.969,0.163,0.11,0.0,0.151,0.0,1.393
2025-09-16 04:00:00,16.25,84.91,1.5,1.215,0.235,0.086,0.0,0.21,0.0,1.746
2025-09-16 05:00:00,18.47,81.73,0.4,0.462,0.1,0.089,0.0,0.153,0.0,0.803
2025-09-16 06:00:00,19.77,79.81,2.7,0.39,0.15,2.159,0.0,0.541,0.0,3.24
2025-09-16 07:00:00,20.89,82.96,2.3,0.2,0.22,1.611,0.0,0.559,0.967,2.591
2025-09-16 08:00:00,21.89,83.14,2.8,0.514,0.1,1.828,0.0,0.615,1.62,3.058
2025-09-16 09:00:00,22.37,77.81,2.6,0.507,0.152,0.092,0.0,0.252,1.643,1.003
2025-09-16 10:00:00,28.66,78.44,1.2,2.489,0.23,0.114,0.0,0.199,2.718,3.032
2025-09-16 11:00:00,29.06,75.57,1.0,2.464,0.1,0.118,0.0,0.269,1.965,2.951
2025-09-16 12:00:00,25.31,75.3,1.5,1.526,0.135,0.086,0.0,0.147,0.95,1.894
2025-09-16 13:00:00,29.93,73.2,1.1,2.809,0.245,0.104,0.0,0.212,0.0,3.37
2025-09-16 14:00:00,27.12,74.09,0.7,1.944,0.1,0.112,0.0,0.203,0.0,2.359
2025-09-16 15:00:00,27.75,87.69,1.0,2.242,0.134,0.113,0.0,0.195,0.0,2.684
2025-09-16 16:00:00,26.96,76.36,0.9,1.807,0.284,0.098,0.0,0.161,0.0,2.349
2025-09-16 17:00:00,25.27,78.98,3.1,1.841,0.1,0.089,0.0,1.256,0.0,3.286
2025-09-16 18:00:00,26.7,79.19,2.8,2.246,0.157,0.095,0.0,1.251,0.0,3.75
2025-09-16 19:00:00,24.21,77.13,2.7,1.118,0.238,1.651,0.0,1.147,0.0,4.154
2025-09-16 20:00:00,22.01,86.47,3.1,0.567,0.1,1.796,0.0,1.247,0.0,3.71
2025-09-16 21:00:00,19.47,80.1,3.0,0.396,0.143,1.533,0.0,1.235,0.0,3.307
2025-09-16 22:00:00,18.88,88.28,3.4,0.756,0.21,0.088,0.0,1.373,0.0,2.427
2025-09-16 23:00:00,16.73,82.57,2.8,1.383,0.105,0.082,0.0,1.285,0.0,2.854
2025-09-17 00:00:00,18.22,80.4,0.2,0.669,0.145,0.118,7.858,0.103,0.0,8.893
2025-09-17 01:00:00,15.91,87.62,0.9,1.301,0.233,0.099,7.309,0.11,0.0,9.053
2025-09-17 02:00:00,17.13,80.48,0.3,0.798,0.102,0.109,7.692,0.1,0.0,8.801
2025-09-17 03:00:00,19.76,88.47,1.2,0.49,0.134,0.106,0.0,0.234,0.0,0.964
2025-09-17 04:00:00,20.0,79.23,0.3,0.326,0.262,0.116,0.0,0.206,0.0,0.91
2025-09-17 05:00:00,18.95,82.65,0.6,0.54,0.1,0.091,0.0,0.201,0.0,0.931
2025-09-17 06:00:00,19.9,75.84,2.4,0.2,0.11,1.758,0.0,0.664,0.0,2.732
2025-09-17 07:00:00,24.06,95.0,3.1,1.159,0.229,2.098,0.0,0.738,0.994,4.224
2025-09-17 08:00:00,23.31,71.73,2.1,0.915,0.1,1.862,0.0,0.516,1.074,3.392
2025-09-17 09:00:00,23.33,78.5,2.5,0.699,0.151,0.083,0.0,0.205,2.52,1.138
2025-09-17 10:00:00,22.89,82.72,1.2,0.662,0.237,0.088,0.0,0.226,1.337,1.213
2025-09-17 11:00:00,26.66,80.94,1.6,1.83,0.1,0.089,0.0,0.1,2.115,2.12
2025-09-17 12:00:00,28.11,79.06,1.3,2.294,0.136,0.12,0.0,0.177,1.233,2.727
2025-09-17 13:00:00,26.41,72.62,1.4,1.702,0.23,0.089,0.0,0.241,0.0,2.263
2025-09-17 14:00:00,27.97,80.76,1.3,2.37,0.103,0.115,0.0,0.173,0.0,2.76
2025-09-17 15:00:00,26.82,78.77,0.5,1.866,0.132,0.083,0.0,0.202,0.0,2.284
2025-09-17 16:00:00,26.59,75.87,1.1,1.867,0.227,0.087,0.0,0.1,0.0,2.282
2025-09-17 17:00:00,22.34,76.96,3.3,0.607,0.1,0.115,0.0,1.349,0.0,2.171
2025-09-17 18:00:00,24.7,75.48,2.6,1.459,0.121,0.116,0.0,1.196,0.0,2.892
2025-09-17 19:00:00,25.28,73.9,2.8,1.765,0.245,1.306,7.576,1.232,0.0,12.123
2025-09-17 20:00:00,21.59,86.19,2.7,0.276,0.1,1.338,7.058,1.181,0.0,9.953
2025-09-17 21:00:00,21.32,88.11,3.3,0.2,0.128,1.518,7.817,1.409,0.0,11.073
2025-09-17 22:00:00,18.9,78.58,3.0,0.759,0.214,0.082,7.777,1.279,0.0,10.111
2025-09-17 23:00:00,19.54,83.47,2.9,0.54,0.1,0.118,6.556,1.267,0.0,8.581
2025-09-18 00:00:00,17.69,84.48,0.5,0.746,0.175,0.094,0.0,0.268,0.0,1.284
2025-09-18 01:00:00,16.1,85.63,1.0,1.037,0.247,0.1,0.0,0.133,0.0,1.517
2025-09-18 02:00:00,19.34,86.32,0.8,0.432,0.1,0.084,0.0,0.18,0.0,0.796
2025-09-18 03:00:00,18.9,90.53,1.1,0.57,0.167,0.081,0.0,0.149,0.0,0.966
2025-09-18 04:00:00,17.1,81.46,0.5,0.883,0.233,0.099,0.0,0.13,0.0,1.345
2025-09-18 05:00:00,19.55,80.01,1.1,0.388,0.1,0.085,0.0,0.198,0.0,0.771
2025-09-18 06:00:00,20.65,89.18,2.3,0.212,0.17,1.894,0.0,0.572,0.0,2.848
2025-09-18 07:00:00,22.01,79.24,2.0,0.607,0.269,2.012,0.0,0.659,0.997,3.548
2025-09-18 08:00:00,19.8,73.68,2.0,0.357,0.1,1.463,0.0,0.647,1.614,2.566
2025-09-18 09:00:00,25.14,76.02,2.0,1.547,0.2,0.104,0.0,0.203,2.693,2.055
2025-09-18 10:00:00,23.99,75.35,0.9,0.869,0.21,0.113,0.0,0.1,1.91,1.292
2025-09-18 11:00:00,25.34,83.53,1.0,1.356,0.1,0.098,0.0,0.167,1.687,1.72
2025-09-18 12:00:00,30.63,79.43,1.1,3.13,0.151,0.118,0.0,0.236,0.576,3.636
2025-09-18 13:00:00,27.62,79.94,1.1,2.285,0.24,0.084,0.0,0.139,0.0,2.748
2025-09-18 14:00:00,26.76,78.1,0.7,1.864,0.103,0.093,0.0,0.251,0.0,2.31
2025-09-18 15:00:00,23.86,78.94,1.4,1.165,0.17,0.089,0.0,0.222,0.0,1.647
2025-09-18 16:00:00,28.76,71.36,0.8,2.291,0.245,0.12,0.0,0.116,0.0,2.771
2025-09-18 17:00:00,23.86,74.76,3.2,1.05,0.1,0.092,0.0,1.276,0.0,2.517
2025-09-18 18:00:00,23.34,72.05,2.9,1.052,0.157,0.096,0.0,1.244,0.0,2.548
2025-09-18 19:00:00,23.14,77.39,3.2,1.026,0.223,1.709,0.0,1.264,0.0,4.222
2025-09-18 20:00:00,24.47,83.42,2.9,1.398,0.1,1.758,0.0,1.209,0.0,4.465
2025-09-18 21:00:00,22.21,82.23,3.2,0.2,0.151,1.763,0.0,1.276,0.0,3.39
2025-09-18 22:00:00,19.6,89.56,3.0,0.371,0.22,0.102,0.0,1.26,0.0,1.953
2025-09-18 23:00:00,19.27,78.54,3.3,0.605,0.1,0.107,0.0,1.397,0.0,2.208
2025-09-19 00:00:00,16.92,87.7,0.7,0.899,0.149,0.094,7.536,0.192,0.0,8.87
2025-09-19 01:00:00,17.53,79.55,0.3,0.816,0.214,0.104,7.353,0.184,0.0,8.671
2025-09-19 02:00:00,17.26,86.47,0.6,1.089,0.1,0.092,7.656,0.186,0.0,9.123
2025-09-19 03:00:00,18.77,89.5,1.4,0.738,0.161,0.11,0.0,0.153,0.0,1.162
2025-09-19 04:00:00,19.27,84.12,0.9,0.516,0.258,0.092,0.0,0.236,0.0,1.101
2025-09-19 05:00:00,19.35,87.0,1.0,0.412,0.1,0.115,0.0,0.159,0.0,0.787
2025-09-19 06:00:00,19.1,78.2,2.1,0.498,0.16,1.543,0.0,0.549,0.0,2.75
2025-09-19 07:00:00,21.97,73.23,2.5,0.449,0.22,1.852,0.0,0.621,0.972,3.142
2025-09-19 08:00:00,22.01,82.79,2.1,0.374,0.1,1.815,0.0,0.692,1.121,2.981
2025-09-19 09:00:00,21.82,87.17,2.1,0.309,0.143,0.091,0.0,0.186,2.294,0.729
2025-09-19 10:00:00,24.04,72.02,0.8,0.804,0.233,0.081,0.0,0.1,2.564,1.218
2025-09-19 11:00:00,25.81,81.87,1.2,1.513,0.1,0.086,0.0,0.2,1.2,1.899
2025-09-19 12:00:00,27.84,75.02,1.2,2.342,0.137,0.119,0.0,0.221,1.219,2.818
2025-09-19 13:00:00,26.7,67.53,1.2,1.781,0.252,0.118,0.0,0.165,0.0,2.316
2025-09-19 14:00:00,25.33,68.34,0.4,1.306,0.1,0.085,0.0,0.131,0.0,1.622
2025-09-19 15:00:00,27.06,74.28,1.0,1.993,0.124,0.095,0.0,0.116,0.0,2.328
2025-09-19 16:00:00,26.65,72.78,0.9,1.847,0.221,0.099,0.0,0.194,0.0,2.361
2025-09-19 17:00:00,25.96,69.19,2.4,1.943,0.1,0.099,0.0,1.279,0.0,3.421
2025-09-19 18:00:00,26.03,68.53,3.0,2.105,0.157,0.092,0.0,1.367,0.0,3.721
2025-09-19 19:00:00,24.97,74.21,2.9,1.533,0.201,1.748,6.839,1.279,0.0,11.6
2025-09-19 20:00:00,21.26,80.97,3.2,0.2,0.1,1.745,7.289,1.292,0.0,10.626
2025-09-19 21:00:00,19.93,81.52,3.0,0.255,0.149,1.211,6.767,1.304,0.0,9.687
2025-09-19 22:00:00,18.09,80.49,2.8,0.981,0.228,0.106,7.188,1.229,0.0,9.732
2025-09-19 23:00:00,19.66,85.25,3.4,0.324,0.1,0.083,6.878,1.307,0.0,8.692
2025-09-20 00:00:00,19.8,90.4,0.9,0.2,0.123,0.104,0.0,0.185,0.0,0.613
2025-09-20 01:00:00,16.65,87.77,1.8,1.107,0.24,0.115,0.0,0.267,0.0,1.729
2025-09-20 02:00:00,16.59,85.39,1.1,0.945,0.1,0.106,0.0,0.173,0.0,1.324
2025-09-20 03:00:00,19.32,90.44,1.4,0.334,0.143,0.099,0.0,0.183,0.0,0.758
2025-09-20 04:00:00,18.38,80.4,2.0,0.85,0.23,0.118,0.0,0.197,0.0,1.395
2025-09-20 05:00:00,19.07,83.12,1.3,0.435,0.1,0.11,0.0,0.228,0.0,0.873
2025-09-20 06:00:00,17.67,81.99,2.7,0.859,0.151,1.62,0.0,0.661,0.0,3.29
2025-09-20 07:00:00,21.68,75.37,4.0,0.252,0.251,1.719,0.0,0.666,1.206,2.888
2025-09-20 08:00:00,20.56,77.9,2.8,0.2,0.1,1.987,0.0,0.612,1.542,2.899
2025-09-20 09:00:00,21.55,68.07,4.0,0.2,0.148,0.081,0.0,0.324,1.465,0.753
2025-09-20 10:00:00,23.93,86.56,1.7,1.13,0.247,0.083,0.0,0.185,2.093,1.645
2025-09-20 11:00:00,24.61,71.07,1.6,1.108,0.1,0.114,0.0,0.267,1.647,1.589
2025-09-20 12:00:00,25.95,82.73,2.0,1.768,0.127,0.082,0.0,0.245,1.116,2.222
2025-09-20 13:00:00,24.62,74.39,2.3,1.328,0.22,0.107,0.0,0.308,0.0,1.963
2025-09-20 14:00:00,28.39,76.82,1.3,2.43,0.1,0.093,0.0,0.175,0.0,2.797
2025-09-20 15:00:00,28.47,71.76,1.6,2.587,0.182,0.113,0.0,0.233,0.0,3.115
2025-09-20 16:00:00,23.36,75.84,2.1,0.951,0.242,0.114,0.0,0.251,0.0,1.558
2025-09-20 17:00:00,26.96,79.01,3.9,2.643,0.1,0.118,0.0,1.48,0.0,4.341
2025-09-20 18:00:00,23.24,80.32,4.0,0.942,0.128,0.084,0.0,1.458,0.0,2.611
2025-09-20 19:00:00,24.53,82.32,4.0,1.628,0.239,1.454,0.0,1.496,0.0,4.817
2025-09-20 20:00:00,21.85,78.16,4.0,0.402,0.1,1.544,0.0,1.408,0.0,3.454
2025-09-20 21:00:00,20.7,79.15,3.9,0.2,0.146,1.75,0.0,1.417,0.0,3.512
2025-09-20 22:00:00,19.18,75.03,3.9,0.64,0.215,0.091,0.0,1.348,0.0,2.293
2025-09-20 23:00:00,20.24,86.86,3.9,0.2,0.1,0.083,0.0,1.415,0.0,1.798
2025-09-21 00:00:00,15.57,90.61,1.7,1.421,0.143,0.088,7.393,0.16,0.0,9.205
2025-09-21 01:00:00,17.84,93.88,2.1,0.999,0.247,0.1,7.238,0.231,0.0,8.815
2025-09-21 02:00:00,18.41,87.53,1.9,0.777,0.1,0.107,7.599,0.256,0.0,8.839
2025-09-21 03:00:00,18.0,81.96,2.1,0.946,0.174,0.108,0.0,0.242,0.0,1.469
2025-09-21 04:00:00,20.91,76.71,2.2,0.2,0.223,0.083,0.0,0.254,0.0,0.76
2025-09-21 05:00:00,17.43,89.45,2.0,0.929,0.1,0.11,0.0,0.214,0.0,1.354
2025-09-21 06:00:00,20.69,74.02,3.5,0.203,0.162,1.915,0.0,0.673,0.0,2.954
2025-09-21 07:00:00,20.3,79.85,2.9,0.2,0.208,1.733,0.0,0.573,1.08,2.714
2025-09-21 08:00:00,23.61,78.88,3.1,1.16,0.1,1.851,0.0,0.55,1.552,3.662
2025-09-21 09:00:00,23.04,78.1,3.6,0.87,0.183,0.111,0.0,0.184,2.464,1.348
2025-09-21 10:00:00,23.68,77.18,2.4,1.047,0.225,0.09,0.0,0.188,2.569,1.55
2025-09-21 11:00:00,27.25,76.45,1.0,2.054,0.1,0.118,0.0,0.226,1.808,2.498
2025-09-21 12:00:00,25.35,62.73,1.6,1.587,0.158,0.086,0.0,0.136,0.75,1.966
2025-09-21 13:00:00,24.47,74.28,1.8,1.071,0.263,0.116,0.0,0.163,0.0,1.614
2025-09-21 14:00:00,25.98,62.85,1.4,1.54,0.1,0.11,0.0,0.17,0.0,1.92
2025-09-21 15:00:00,27.52,77.87,1.5,2.294,0.148,0.106,0.0,0.259,0.0,2.807
2025-09-21 16:00:00,28.18,72.03,2.0,2.644,0.273,0.083,0.0,0.208,0.0,3.209
2025-09-21 17:00:00,25.46,64.97,4.0,1.92,0.1,0.117,0.0,1.447,0.0,3.584
2025-09-21 18:00:00,26.23,72.93,3.0,2.159,0.145,0.092,0.0,1.298,0.0,3.694
2025-09-21 19:00:00,21.01,75.6,3.7,0.2,0.245,1.647,7.272,1.467,0.0,10.831
2025-09-21 20:00:00,21.09,85.95,4.0,0.368,0.1,1.731,6.782,1.442,0.0,10.422
2025-09-21 21:00:00,20.03,82.54,4.0,0.472,0.152,1.347,6.613,1.352,0.0,9.936
2025-09-21 22:00:00,19.09,84.72,3.9,0.732,0.261,0.117,6.814,1.435,0.0,9.357
2025-09-21 23:00:00,18.35,90.15,4.0,0.941,0.1,0.104,7.577,1.512,0.0,10.234
2025-09-22 00:00:00,18.27,84.72,1.0,0.631,0.133,0.106,7.824,0.212,0.0,8.906
2025-09-22 01:00:00,16.06,89.57,1.5,1.203,0.217,0.117,7.543,0.206,0.0,9.286
2025-09-22 02:00:00,16.77,89.42,0.7,1.023,0.1,0.101,7.24,0.19,0.0,8.654
2025-09-22 03:00:00,16.66,79.36,1.0,1.015,0.134,0.098,0.0,0.1,0.0,1.346
2025-09-22 04:00:00,15.84,92.56,0.5,1.142,0.208,0.105,0.0,0.1,0.0,1.556
2025-09-22 05:00:00,17.85,77.14,1.4,0.692,0.1,0.102,0.0,0.236,0.0,1.129
2025-09-22 06:00:00,18.85,87.59,2.5,0.673,0.174,1.484,0.0,0.66,0.0,2.992
2025-09-22 07:00:00,20.02,73.97,2.6,0.264,0.234,1.57,0.0,0.58,0.912,2.647
2025-09-22 08:00:00,21.61,83.01,2.4,0.284,0.1,1.45,0.0,0.6,1.472,2.434
2025-09-22 09:00:00,22.97,87.76,2.7,0.823,0.131,0.084,0.0,0.263,2.471,1.301
2025-09-22 10:00:00,23.41,75.94,1.2,0.816,0.225,0.109,0.0,0.268,1.977,1.418
2025-09-22 11:00:00,27.01,74.48,0.6,2.099,0.1,0.08,0.0,0.164,1.821,2.444
2025-09-22 12:00:00,24.14,77.86,0.6,1.043,0.144,0.092,0.0,0.206,0.931,1.485
2025-09-22 13:00:00,25.31,72.56,1.0,1.259,0.203,0.098,0.0,0.279,0.0,1.84
2025-09-22 14:00:00,30.73,83.09,1.3,3.287,0.1,0.118,0.0,0.174,0.0,3.678
2025-09-22 15:00:00,24.83,75.17,1.7,1.349,0.15,0.093,0.0,0.206,0.0,1.797
2025-09-22 16:00:00,23.86,73.2,1.1,0.801,0.241,0.111,0.0,0.128,0.0,1.282
2025-09-22 17:00:00,26.2,73.06,3.4,2.056,0.1,0.096,0.0,1.292,0.0,3.544
2025-09-22 18:00:00,20.94,72.34,2.4,0.2,0.167,0.084,0.0,1.221,0.0,1.671
2025-09-22 19:00:00,22.5,75.31,3.8,0.73,0.225,1.259,7.043,1.469,0.0,10.726
2025-09-22 20:00:00,24.78,78.25,3.2,1.468,0.1,1.459,6.705,1.377,0.0,11.11
2025-09-22 21:00:00,17.95,79.11,3.0,1.068,0.162,1.235,6.975,1.225,0.0,10.665
2025-09-22 22:00:00,16.09,79.71,2.9,1.585,0.243,0.103,6.542,1.259,0.0,9.732
2025-09-22 23:00:00,15.78,94.74,2.6,1.71,0.1,0.1,6.489,1.233,0.0,9.631
2025-09-23 00:00:00,18.38,80.05,0.7,0.743,0.166,0.108,0.0,0.1,0.0,1.117
2025-09-23 01:00:00,18.22,86.53,1.8,0.758,0.251,0.087,0.0,0.226,0.0,1.322
2025-09-23 02:00:00,15.59,88.96,0.6,1.461,0.1,0.104,0.0,0.262,0.0,1.927
2025-09-23 03:00:00,17.56,88.95,0.6,0.713,0.151,0.087,0.0,0.225,0.0,1.175
2025-09-23 04:00:00,19.12,84.9,0.7,0.698,0.238,0.109,0.0,0.1,0.0,1.144
2025-09-23 05:00:00,20.51,83.04,0.5,0.2,0.1,0.092,0.0,0.185,0.0,0.578
2025-09-23 06:00:00,18.49,85.26,2.5,0.754,0.146,1.882,0.0,0.611,0.0,3.394
2025-09-23 07:00:00,16.62,82.89,2.9,1.332,0.246,2.076,0.0,0.648,0.898,4.302
2025-09-23 08:00:00,20.13,78.71,2.3,0.218,0.1,1.792,0.0,0.586,1.669,2.695
2025-09-23 09:00:00,22.02,70.64,2.0,0.66,0.104,0.088,0.0,0.192,2.016,1.045
2025-09-23 10:00:00,23.47,74.66,1.1,0.763,0.249,0.115,0.0,0.1,1.931,1.227
2025-09-23 11:00:00,24.62,70.02,1.0,1.246,0.1,0.094,0.0,0.195,1.567,1.635
2025-09-23 12:00:00,27.37,71.47,1.4,2.135,0.136,0.109,0.0,0.223,1.184,2.604
2025-09-23 13:00:00,28.1,74.37,0.8,2.327,0.253,0.093,0.0,0.147,0.0,2.819
2025-09-23 14:00:00,26.11,75.79,0.9,1.567,0.1,0.092,0.0,0.24,0.0,1.999
2025-09-23 15:00:00,27.84,83.11,0.9,2.211,0.174,0.106,0.0,0.1,0.0,2.59
2025-09-23 16:00:00,26.23,72.12,1.0,1.755,0.196,0.086,0.0,0.1,0.0,2.137
2025-09-23 17:00:00,25.0,79.63,2.8,1.523,0.1,0.115,0.0,1.259,0.0,2.997
2025-09-23 18:00:00,25.22,78.53,2.8,1.951,0.145,0.096,0.0,1.21,0.0,3.402
2025-09-23 19:00:00,22.77,84.93,2.3,0.73,0.256,1.212,0.0,1.21,0.0,3.408
2025-09-23 20:00:00,24.45,82.88,2.8,1.345,0.1,1.383,0.0,1.222,0.0,4.051
2025-09-23 21:00:00,17.91,76.51,3.3,0.945,0.124,1.671,0.0,1.394,0.0,4.133
2025-09-23 22:00:00,18.09,74.38,3.3,0.97,0.237,0.114,0.0,1.298,0.0,2.62
2025-09-23 23:00:00,17.64,85.8,2.8,0.93,0.1,0.103,0.0,1.257,0.0,2.39
2025-09-24 00:00:00,17.49,82.55,1.5,1.126,0.143,0.092,7.809,0.1,0.0,9.269
2025-09-24 01:00:00,18.24,80.89,1.0,0.741,0.272,0.101,7.535,0.177,0.0,8.826
2025-09-24 02:00:00,16.13,79.66,0.5,1.138,0.1,0.113,7.053,0.168,0.0,8.572
2025-09-24 03:00:00,14.2,86.6,0.3,1.676,0.144,0.093,0.0,0.221,0.0,2.134
2025-09-24 04:00:00,18.1,92.73,1.5,0.709,0.215,0.095,0.0,0.119,0.0,1.138
2025-09-24 05:00:00,18.76,82.2,0.9,0.44,0.1,0.102,0.0,0.161,0.0,0.803
2025-09-24 06:00:00,15.75,85.95,2.0,1.491,0.1,2.079,0.0,0.634,0.0,4.303
2025-09-24 07:00:00,19.86,81.04,1.6,0.322,0.232,1.859,0.0,0.607,1.101,3.02
2025-09-24 08:00:00,18.78,73.55,2.3,0.713,0.1,1.589,0.0,0.546,0.803,2.948
2025-09-24 09:00:00,21.46,82.12,2.7,0.2,0.122,0.084,0.0,0.196,1.961,0.601
2025-09-24 10:00:00,22.31,71.53,0.7,0.361,0.204,0.084,0.0,0.1,1.369,0.749
2025-09-24 11:00:00,25.91,75.87,0.6,1.187,0.1,0.118,0.0,0.1,1.839,1.505
2025-09-24 12:00:00,25.67,73.1,0.8,1.342,0.175,0.113,0.0,0.154,1.042,1.784
2025-09-24 13:00:00,24.07,78.67,1.5,1.123,0.209,0.111,0.0,0.163,0.0,1.605
2025-09-24 14:00:00,27.48,68.71,0.4,2.032,0.1,0.1,0.0,0.266,0.0,2.498
2025-09-24 15:00:00,23.84,76.16,0.7,0.771,0.159,0.107,0.0,0.19,0.0,1.226
2025-09-24 16:00:00,25.99,70.6,1.5,1.676,0.258,0.085,0.0,0.184,0.0,2.202
2025-09-24 17:00:00,23.48,73.2,3.2,1.029,0.1,0.105,0.0,1.344,0.0,2.579
2025-09-24 18:00:00,23.12,58.82,3.1,0.973,0.18,0.112,0.0,1.343,0.0,2.608
2025-09-24 19:00:00,23.21,88.91,2.7,1.028,0.231,1.237,6.885,1.299,0.0,10.681
2025-09-24 20:00:00,21.95,82.75,3.0,0.4,0.1,1.378,7.357,1.295,0.0,10.53
2025-09-24 21:00:00,21.88,77.72,2.8,0.321,0.16,1.266,7.301,1.244,0.0,10.292
2025-09-24 22:00:00,18.54,77.38,2.7,0.612,0.229,0.09,6.767,1.233,0.0,8.931
2025-09-24 23:00:00,18.09,81.76,2.6,0.898,0.1,0.111,6.523,1.208,0.0,8.84
2025-09-25 00:00:00,15.98,88.78,1.3,1.53,0.153,0.093,0.0,0.163,0.0,1.939
2025-09-25 01:00:00,16.41,76.34,1.0,1.287,0.23,0.108,0.0,0.231,0.0,1.856
2025-09-25 02:00:00,16.62,85.29,1.1,1.143,0.1,0.111,0.0,0.174,0.0,1.528
2025-09-25 03:00:00,15.99,94.65,1.1,1.309,0.175,0.113,0.0,0.131,0.0,1.727
2025-09-25 04:00:00,13.93,79.53,1.2,1.761,0.284,0.115,0.0,0.186,0.0,2.347
2025-09-25 05:00:00,17.93,84.64,0.9,0.732,0.1,0.104,0.0,0.213,0.0,1.148
2025-09-25 06:00:00,19.01,94.02,2.3,0.604,0.154,1.642,0.0,0.512,0.0,2.912
2025-09-25 07:00:00,18.65,84.71,2.2,0.701,0.229,1.548,0.0,0.56,0.738,3.038
2025-09-25 08:00:00,19.04,80.63,1.9,0.658,0.109,1.803,0.0,0.515,1.668,3.085
2025-09-25 09:00:00,24.47,80.98,2.1,1.368,0.16,0.084,0.0,0.321,2.48,1.932
2025-09-25 10:00:00,24.2,75.0,0.9,1.063,0.255,0.116,0.0,0.18,1.223,1.615
2025-09-25 11:00:00,24.16,82.26,0.4,0.831,0.1,0.098,0.0,0.238,1.936,1.267
2025-09-25 12:00:00,23.59,72.81,0.4,0.677,0.153,0.115,0.0,0.176,1.147,1.12
2025-09-25 13:00:00,24.56,64.41,1.4,1.12,0.233,0.108,0.0,0.209,0.0,1.671
2025-09-25 14:00:00,27.92,72.04,1.1,2.277,0.1,0.114,0.0,0.18,0.0,2.671
2025-09-25 15:00:00,26.0,69.37,0.8,1.37,0.166,0.115,0.0,0.163,0.0,1.814
2025-09-25 16:00:00,24.47,73.4,1.9,1.249,0.22,0.082,0.0,0.204,0.0,1.754
2025-09-25 17:00:00,25.26,74.46,2.3,1.754,0.1,0.109,0.0,1.142,0.0,3.105
2025-09-25 18:00:00,22.24,82.99,3.4,0.592,0.142,0.089,0.0,1.342,0.0,2.165
2025-09-25 19:00:00,24.51,81.92,3.0,1.383,0.26,1.794,0.0,1.192,0.0,4.628
2025-09-25 20:00:00,22.99,81.32,3.3,0.766,0.1,1.667,0.0,1.339,0.0,3.872
2025-09-25 21:00:00,18.97,81.54,3.0,0.731,0.193,1.202,0.0,1.227,0.0,3.353
2025-09-25 22:00:00,17.52,77.71,2.3,1.054,0.222,0.117,0.0,1.165,0.0,2.559
2025-09-25 23:00:00,13.5,73.34,3.0,2.377,0.1,0.092,0.0,1.302,0.0,3.871
2025-09-26 00:00:00,14.21,85.76,1.1,1.689,0.142,0.097,7.285,0.255,0.0,9.467
2025-09-26 01:00:00,13.92,89.77,0.1,1.593,0.233,0.104,6.551,0.17,0.0,8.651
2025-09-26 02:00:00,15.97,85.46,1.8,1.372,0.1,0.117,7.327,0.19,0.0,9.106
2025-09-26 03:00:00,15.44,83.12,1.1,1.507,0.149,0.117,0.0,0.152,0.0,1.925
2025-09-26 04:00:00,14.42,87.52,1.3,1.848,0.263,0.103,0.0,0.224,0.0,2.438
2025-09-26 05:00:00,16.81,83.83,0.5,0.86,0.1,0.093,0.0,0.161,0.0,1.213
2025-09-26 06:00:00,19.02,91.43,2.8,0.494,0.165,1.641,0.0,0.584,0.0,2.884
2025-09-26 07:00:00,20.26,87.72,2.9,0.369,0.228,1.702,0.0,0.643,1.002,2.942
2025-09-26 08:00:00,17.91,84.8,2.6,0.96,0.1,1.57,0.0,0.515,1.312,3.146
2025-09-26 09:00:00,21.87,82.24,2.5,0.22,0.13,0.107,0.0,0.229,1.116,0.685
2025-09-26 10:00:00,21.19,70.55,0.6,0.2,0.239,0.101,0.0,0.13,2.455,0.67
2025-09-26 11:00:00,25.65,79.07,0.9,1.515,0.102,0.111,0.0,0.161,1.863,1.889
2025-09-26 12:00:00,26.27,76.69,0.8,1.872,0.141,0.084,0.0,0.274,0.773,2.37
2025-09-26 13:00:00,24.25,77.24,1.2,1.053,0.233,0.096,0.0,0.163,0.0,1.545
2025-09-26 14:00:00,24.61,76.46,0.7,1.223,0.1,0.09,0.0,0.209,0.0,1.622
2025-09-26 15:00:00,24.9,76.47,1.2,1.148,0.138,0.101,0.0,0.239,0.0,1.627
2025-09-26 16:00:00,21.71,88.31,0.7,0.36,0.227,0.099,0.0,0.213,0.0,0.898
2025-09-26 17:00:00,24.8,75.38,2.9,1.622,0.1,0.098,0.0,1.282,0.0,3.101
2025-09-26 18:00:00,22.85,81.68,3.2,0.933,0.141,0.093,0.0,1.264,0.0,2.43
2025-09-26 19:00:00,23.51,76.09,2.7,1.102,0.201,1.636,7.683,1.202,0.0,11.825
2025-09-26 20:00:00,19.12,83.95,3.3,0.607,0.1,1.489,7.418,1.263,0.0,10.877
2025-09-26 21:00:00,18.54,86.25,3.2,0.685,0.162,1.321,7.05,1.298,0.0,10.517
2025-09-26 22:00:00,16.0,84.82,2.9,1.516,0.25,0.102,7.07,1.246,0.0,10.183
2025-09-26 23:00:00,15.72,92.59,3.5,1.589,0.1,0.104,7.709,1.309,0.0,10.81
2025-09-27 00:00:00,14.46,80.77,1.8,1.742,0.175,0.081,0.0,0.232,0.0,2.23
2025-09-27 01:00:00,17.23,83.36,2.2,1.152,0.219,0.088,0.0,0.193,0.0,1.651
2025-09-27 02:00:00,14.51,87.06,2.5,1.961,0.1,0.09,0.0,0.207,0.0,2.358
2025-09-27 03:00:00,15.92,90.2,1.7,1.381,0.136,0.09,0.0,0.123,0.0,1.73
2025-09-27 04:00:00,15.66,86.09,2.1,1.458,0.234,0.09,0.0,0.215,0.0,1.996
2025-09-27 05:00:00,15.12,90.67,1.5,1.415,0.1,0.091,0.0,0.192,0.0,1.798
2025-09-27 06:00:00,17.81,79.69,2.9,1.024,0.147,1.629,0.0,0.601,0.0,3.401
2025-09-27 07:00:00,20.17,75.85,3.2,0.31,0.219,2.077,0.0,0.677,0.788,3.282
2025-09-27 08:00:00,18.75,81.54,2.8,0.6,0.1,1.67,0.0,0.626,1.597,2.997
2025-09-27 09:00:00,23.07,78.06,2.9,0.781,0.131,0.094,0.0,0.267,2.433,1.273
2025-09-27 10:00:00,21.79,79.71,2.0,0.442,0.217,0.091,0.0,0.243,2.538,0.992
2025-09-27 11:00:00,23.37,75.62,1.6,0.939,0.1,0.119,0.0,0.234,1.817,1.392
2025-09-27 12:00:00,25.69,73.1,2.1,1.575,0.164,0.101,0.0,0.296,1.054,2.137
2025-09-27 13:00:00,24.4,73.83,1.9,1.216,0.232,0.104,0.0,0.214,0.0,1.767
2025-09-27 14:00:00,25.62,74.14,2.5,1.932,0.1,0.109,0.0,0.179,0.0,2.32
2025-09-27 15:00:00,24.92,72.68,2.0,1.407,0.166,0.093,0.0,0.189,0.0,1.855
2025-09-27 16:00:00,25.09,73.79,2.2,1.503,0.275,0.119,0.0,0.197,0.0,2.093
2025-09-27 17:00:00,20.53,73.74,4.0,0.275,0.1,0.086,0.0,1.388,0.0,1.849
2025-09-27 18:00:00,20.32,81.28,3.9,0.337,0.184,0.098,0.0,1.302,0.0,1.922
2025-09-27 19:00:00,22.78,79.42,4.0,0.891,0.238,1.287,0.0,1.452,0.0,3.868
2025-09-27 20:00:00,22.12,91.28,4.0,0.475,0.1,1.674,0.0,1.442,0.0,3.691
2025-09-27 21:00:00,17.9,82.36,3.9,1.145,0.178,1.264,0.0,1.517,0.0,4.105
2025-09-27 22:00:00,17.7,80.25,3.9,1.3,0.234,0.102,0.0,1.514,0.0,3.149
2025-09-27 23:00:00,17.47,95.0,4.0,1.238,0.1,0.084,0.0,1.474,0.0,2.896
2025-09-28 00:00:00,17.07,87.26,1.5,1.023,0.14,0.098,7.358,0.224,0.0,8.843
2025-09-28 01:00:00,12.49,90.75,1.5,2.421,0.245,0.091,7.908,0.154,0.0,10.819
2025-09-28 02:00:00,14.03,88.96,2.4,2.283,0.1,0.116,6.683,0.231,0.0,9.413
2025-09-28 03:00:00,15.03,88.91,2.5,2.026,0.141,0.082,0.0,0.221,0.0,2.47
2025-09-28 04:00:00,17.08,87.87,1.4,1.008,0.261,0.106,0.0,0.2,0.0,1.575
2025-09-28 05:00:00,20.57,78.73,1.5,0.2,0.1,0.108,0.0,0.158,0.0,0.565
2025-09-28 06:00:00,17.52,84.84,3.8,1.095,0.103,2.08,0.0,0.722,0.0,3.999
2025-09-28 07:00:00,16.96,74.93,3.5,1.371,0.21,2.072,0.0,0.613,0.668,4.265
2025-09-28 08:00:00,20.96,79.13,3.6,0.2,0.107,2.143,0.0,0.837,0.805,3.287
2025-09-28 09:00:00,23.64,74.82,3.7,1.09,0.174,0.09,0.0,0.332,2.161,1.686
2025-09-28 10:00:00,23.02,78.79,1.7,0.781,0.225,0.091,0.0,0.267,2.398,1.364
2025-09-28 11:00:00,22.54,77.43,1.9,0.594,0.1,0.096,0.0,0.144,2.048,0.934
2025-09-28 12:00:00,26.13,77.21,1.9,1.664,0.125,0.102,0.0,0.126,0.952,2.016
2025-09-28 13:00:00,26.19,75.64,1.5,1.926,0.247,0.095,0.0,0.207,0.0,2.475
2025-09-28 14:00:00,23.82,70.97,1.9,0.909,0.103,0.11,0.0,0.193,0.0,1.314
2025-09-28 15:00:00,25.76,72.9,2.3,1.696,0.188,0.08,0.0,0.311,0.0,2.276
2025-09-28 16:00:00,26.19,79.41,1.7,1.691,0.205,0.081,0.0,0.231,0.0,2.208
2025-09-28 17:00:00,25.67,81.1,3.9,1.998,0.1,0.109,0.0,1.416,0.0,3.622
2025-09-28 18:00:00,22.76,71.27,3.9,0.69,0.133,0.115,0.0,1.495,0.0,2.434
2025-09-28 19:00:00,21.12,70.79,3.7,0.2,0.239,1.666,7.381,1.399,0.0,10.885
2025-09-28 20:00:00,22.2,76.37,4.0,0.292,0.1,1.27,6.625,1.451,0.0,9.739
2025-09-28 21:00:00,17.25,86.78,3.5,1.274,0.139,1.761,7.332,1.417,0.0,11.923
2025-09-28 22:00:00,18.52,89.07,4.0,0.897,0.219,0.101,7.905,1.406,0.0,10.528
2025-09-28 23:00:00,14.77,79.62,4.0,2.418,0.1,0.11,7.565,1.491,0.0,11.683
2025-09-29 00:00:00,17.43,86.73,0.6,0.909,0.14,0.088,7.769,0.197,0.0,9.103
2025-09-29 01:00:00,14.94,94.97,1.7,1.619,0.229,0.102,7.148,0.154,0.0,9.253
2025-09-29 02:00:00,17.06,88.08,1.1,0.885,0.1,0.093,6.685,0.28,0.0,8.043
2025-09-29 03:00:00,16.06,92.9,0.7,1.192,0.183,0.119,0.0,0.148,0.0,1.642
2025-09-29 04:00:00,13.99,90.19,1.4,1.92,0.279,0.099,0.0,0.112,0.0,2.409
2025-09-29 05:00:00,18.76,79.69,1.2,0.531,0.1,0.11,0.0,0.147,0.0,0.889
2025-09-29 06:00:00,19.98,82.05,1.8,0.29,0.148,1.874,0.0,0.492,0.0,2.804
2025-09-29 07:00:00,20.19,81.73,2.3,0.43,0.263,1.508,0.0,0.593,0.786,2.794
2025-09-29 08:00:00,19.01,80.52,2.6,0.569,0.1,1.831,0.0,0.69,1.823,3.19
2025-09-29 09:00:00,20.99,83.03,1.6,0.2,0.168,0.102,0.0,0.212,2.009,0.681
2025-09-29 10:00:00,22.88,79.04,1.0,0.694,0.205,0.109,0.0,0.26,2.239,1.268
2025-09-29 11:00:00,22.64,61.08,1.1,0.563,0.1,0.093,0.0,0.235,1.411,0.991
2025-09-29 12:00:00,27.03,68.24,0.5,1.65,0.157,0.114,0.0,0.1,0.82,2.021
2025-09-29 13:00:00,25.2,63.27,1.1,1.415,0.219,0.105,0.0,0.228,0.0,1.967
2025-09-29 14:00:00,21.1,74.88,1.0,0.2,0.1,0.082,0.0,0.151,0.0,0.533
2025-09-29 15:00:00,25.5,75.41,0.5,1.402,0.162,0.108,0.0,0.191,0.0,1.863
2025-09-29 16:00:00,23.97,76.22,1.4,1.191,0.186,0.116,0.0,0.188,0.0,1.682
2025-09-29 17:00:00,23.58,70.96,3.3,1.066,0.1,0.107,0.0,1.473,0.0,2.746
2025-09-29 18:00:00,22.1,80.37,2.9,0.551,0.137,0.095,0.0,1.283,0.0,2.067
2025-09-29 19:00:00,22.66,82.03,2.9,0.546,0.221,1.554,6.968,1.296,0.0,10.587
2025-09-29 20:00:00,21.84,73.72,3.3,0.2,0.1,1.303,7.877,1.38,0.0,10.86
2025-09-29 21:00:00,19.29,74.22,2.9,0.743,0.12,1.561,6.483,1.193,0.0,10.1
2025-09-29 22:00:00,17.15,83.0,2.2,1.161,0.258,0.1,7.393,1.211,0.0,10.123
2025-09-29 23:00:00,16.56,93.2,3.2,1.509,0.1,0.081,7.617,1.3,0.0,10.608
2025-09-30 00:00:00,15.65,93.69,0.7,1.411,0.153,0.093,0.0,0.136,0.0,1.793
2025-09-30 01:00:00,13.92,88.61,0.8,1.702,0.22,0.088,0.0,0.216,0.0,2.226
2025-09-30 02:00:00,15.82,82.35,1.6,1.492,0.103,0.096,0.0,0.123,0.0,1.814
2025-09-30 03:00:00,15.81,90.23,0.9,1.37,0.15,0.09,0.0,0.225,0.0,1.836
2025-09-30 04:00:00,17.93,82.93,1.0,0.646,0.194,0.113,0.0,0.172,0.0,1.126
2025-09-30 05:00:00,18.3,80.41,1.2,0.852,0.1,0.108,0.0,0.181,0.0,1.241
2025-09-30 06:00:00,16.43,72.28,2.7,1.545,0.128,1.973,0.0,0.504,0.0,4.15
2025-09-30 07:00:00,19.89,82.06,2.1,0.2,0.256,1.7,0.0,0.616,0.91,2.772
2025-09-30 08:00:00,18.53,76.85,2.5,0.766,0.1,1.442,0.0,0.61,1.487,2.919
2025-09-30 09:00:00,22.29,78.93,2.5,0.475,0.179,0.089,0.0,0.202,1.101,0.945
2025-09-30 10:00:00,21.68,65.5,1.1,0.363,0.24,0.11,0.0,0.137,1.548,0.851
2025-09-30 11:00:00,21.95,76.61,1.1,0.2,0.1,0.104,0.0,0.223,1.678,0.627
2025-09-30 12:00:00,24.7,62.65,2.0,1.714,0.151,0.102,0.0,0.228,0.939,2.195
2025-09-30 13:00:00,20.77,79.64,0.5,0.2,0.225,0.091,0.0,0.166,0.0,0.682
2025-09-30 14:00:00,22.33,76.61,1.4,0.523,0.1,0.083,0.0,0.142,0.0,0.848
2025-09-30 15:00:00,24.52,72.81,1.5,1.341,0.125,0.111,0.0,0.209,0.0,1.787
2025-09-30 16:00:00,24.41,77.62,1.2,1.106,0.236,0.082,0.0,0.198,0.0,1.621
2025-09-30 17:00:00,22.94,70.87,2.7,0.753,0.1,0.082,0.0,1.304,0.0,2.24
2025-09-30 18:00:00,20.08,77.36,3.7,0.262,0.167,0.092,0.0,1.327,0.0,1.847
2025-09-30 19:00:00,20.02,82.42,2.1,0.2,0.218,1.544,0.0,1.104,0.0,3.065
2025-09-30 20:00:00,20.54,64.53,2.7,0.2,0.1,1.795,0.0,1.333,0.0,3.429
2025-09-30 21:00:00,19.53,79.32,3.5,0.477,0.151,1.254,0.0,1.365,0.0,3.247
2025-09-30 22:00:00,17.43,82.89,2.9,1.071,0.266,0.099,0.0,1.269,0.0,2.705
2025-09-30 23:00:00,18.15,83.26,3.6,0.923,0.1,0.104,0.0,1.43,0.0,2.557
2025-10-01 00:00:00,16.02,92.48,0.4,1.219,0.142,0.113,6.589,0.252,0.0,8.316
2025-10-01 01:00:00,13.8,80.18,0.6,1.636,0.21,0.108,6.747,0.109,0.0,8.809
2025-10-01 02:00:00,14.33,82.89,0.8,1.616,0.1,0.112,7.704,0.283,0.0,9.816
2025-10-01 03:00:00,12.82,76.22,1.2,2.206,0.158,0.101,0.0,0.183,0.0,2.648
2025-10-01 04:00:00,15.26,92.75,0.9,1.461,0.237,0.097,0.0,0.191,0.0,1.986
2025-10-01 05:00:00,17.88,83.01,0.8,0.664,0.1,0.105,0.0,0.177,0.0,1.046
2025-10-01 06:00:00,18.28,80.81,3.1,0.872,0.185,2.089,0.0,0.72,0.0,3.866
2025-10-01 07:00:00,20.56,81.29,3.1,0.2,0.203,1.837,0.0,0.696,0.693,2.936
2025-10-01 08:00:00,19.3,83.18,2.3,0.605,0.11,1.876,0.0,0.579,1.172,3.171
2025-10-01 09:00:00,23.06,80.18,1.8,0.659,0.174,0.094,0.0,0.148,1.137,1.075
2025-10-01 10:00:00,21.96,90.24,0.1,0.218,0.23,0.104,0.0,0.142,2.073,0.694
2025-10-01 11:00:00,25.49,78.03,1.1,1.395,0.1,0.105,0.0,0.116,1.622,1.716
2025-10-01 12:00:00,24.05,72.48,1.3,0.95,0.136,0.11,0.0,0.232,1.02,1.429
2025-10-01 13:00:00,25.64,71.4,1.0,1.54,0.243,0.103,0.0,0.147,0.0,2.032
2025-10-01 14:00:00,26.96,72.04,1.0,1.972,0.106,0.088,0.0,0.174,0.0,2.341
2025-10-01 15:00:00,24.29,66.7,0.7,1.12,0.137,0.103,0.0,0.229,0.0,1.589
2025-10-01 16:00:00,24.41,75.0,1.3,1.126,0.232,0.092,0.0,0.228,0.0,1.678
2025-10-01 17:00:00,25.22,79.67,3.7,1.691,0.1,0.083,0.0,1.407,0.0,3.281
2025-10-01 18:00:00,22.05,73.93,2.1,0.454,0.138,0.113,0.0,1.098,0.0,1.804
2025-10-01 19:00:00,19.06,74.41,3.0,0.632,0.229,1.24,6.923,1.299,0.0,10.322
2025-10-01 20:00:00,22.96,87.58,2.6,0.771,0.1,1.579,7.727,1.178,0.0,11.355
2025-10-01 21:00:00,17.75,74.42,2.4,0.844,0.145,1.793,7.401,1.209,0.0,11.392
2025-10-01 22:00:00,17.49,72.66,2.5,1.048,0.238,0.084,7.631,1.142,0.0,10.143
2025-10-01 23:00:00,17.95,78.48,3.2,0.869,0.1,0.089,6.534,1.365,0.0,8.957
2025-10-02 00:00:00,14.3,77.49,1.2,1.779,0.104,0.11,0.0,0.195,0.0,2.188
2025-10-02 01:00:00,13.2,87.73,1.6,2.08,0.234,0.084,0.0,0.197,0.0,2.594
2025-10-02 02:00:00,14.93,84.2,1.0,1.486,0.1,0.113,0.0,0.2,0.0,1.899
2025-10-02 03:00:00,12.03,84.7,0.3,1.908,0.188,0.08,0.0,0.153,0.0,2.33
2025-10-02 04:00:00,14.78,90.96,0.9,1.656,0.237,0.116,0.0,0.181,0.0,2.189
2025-10-02 05:00:00,16.38,80.79,0.4,1.059,0.1,0.083,0.0,0.228,0.0,1.47
2025-10-02 06:00:00,16.64,86.88,2.0,1.258,0.141,2.104,0.0,0.614,0.0,4.118
2025-10-02 07:00:00,15.94,89.11,2.7,1.497,0.263,2.062,0.0,0.654,0.592,4.476
2025-10-02 08:00:00,21.94,77.72,2.6,0.2,0.1,1.828,0.0,0.619,1.643,2.747
2025-10-02 09:00:00,20.99,82.13,2.7,0.2,0.16,0.111,0.0,0.216,2.351,0.687
2025-10-02 10:00:00,24.19,75.79,0.9,0.971,0.253,0.083,0.0,0.229,2.08,1.537
2025-10-02 11:00:00,22.69,80.38,1.3,0.596,0.1,0.085,0.0,0.144,1.96,0.925
2025-10-02 12:00:00,22.56,66.95,0.8,0.454,0.193,0.095,0.0,0.264,0.945,1.007
2025-10-02 13:00:00,24.78,65.98,1.4,1.216,0.225,0.101,0.0,0.229,0.0,1.771
2025-10-02 14:00:00,24.22,72.04,1.1,0.906,0.1,0.115,0.0,0.243,0.0,1.364
2025-10-02 15:00:00,22.61,69.76,0.9,0.517,0.173,0.102,0.0,0.201,0.0,0.993
2025-10-02 16:00:00,26.08,72.22,1.1,1.574,0.238,0.107,0.0,0.176,0.0,2.095
2025-10-02 17:00:00,22.15,74.66,3.0,0.597,0.1,0.107,0.0,1.326,0.0,2.131
2025-10-02 18:00:00,19.28,80.6,3.6,0.598,0.147,0.115,0.0,1.312,0.0,2.172
2025-10-02 19:00:00,22.83,76.41,3.1,0.807,0.237,1.666,0.0,1.266,0.0,3.977
2025-10-02 20:00:00,18.79,75.88,3.0,0.681,0.1,1.786,0.0,1.27,0.0,3.837
2025-10-02 21:00:00,17.34,79.8,2.9,1.176,0.125,1.212,0.0,1.196,0.0,3.709
2025-10-02 22:00:00,14.4,79.15,3.3,2.091,0.252,0.088,0.0,1.366,0.0,3.797
2025-10-02 23:00:00,18.62,79.57,3.3,0.663,0.1,0.117,0.0,1.389,0.0,2.269
2025-10-03 00:00:00,13.08,77.13,0.9,1.978,0.148,0.112,6.717,0.1,0.0,9.054
2025-10-03 01:00:00,14.6,86.14,0.5,1.579,0.272,0.091,7.42,0.145,0.0,9.507
2025-10-03 02:00:00,15.71,83.16,0.6,1.081,0.1,0.119,6.597,0.161,0.0,8.058
2025-10-03 03:00:00,15.14,90.63,0.9,1.418,0.115,0.115,0.0,0.194,0.0,1.842
2025-10-03 04:00:00,14.92,77.96,1.5,1.831,0.275,0.083,0.0,0.239,0.0,2.427
2025-10-03 05:00:00,13.25,81.53,0.9,1.983,0.1,0.112,0.0,0.163,0.0,2.358
2025-10-03 06:00:00,15.63,92.06,2.3,1.737,0.163,2.005,0.0,0.628,0.0,4.533
2025-10-03 07:00:00,18.33,76.85,1.8,0.683,0.23,1.599,0.0,0.548,0.796,3.06
2025-10-03 08:00:00,18.16,78.82,3.1,0.87,0.1,1.922,0.0,0.618,1.195,3.51
2025-10-03 09:00:00,20.94,72.37,2.7,0.2,0.125,0.119,0.0,0.243,1.198,0.687
2025-10-03 10:00:00,22.86,70.26,1.3,0.687,0.232,0.107,0.0,0.126,1.665,1.153
2025-10-03 11:00:00,24.32,83.49,1.4,1.113,0.1,0.113,0.0,0.179,1.7,1.504
2025-10-03 12:00:00,21.83,75.66,0.9,0.2,0.155,0.084,0.0,0.169,0.844,0.608
2025-10-03 13:00:00,27.46,74.87,1.0,2.206,0.255,0.109,0.0,0.151,0.0,2.721
2025-10-03 14:00:00,25.49,65.52,1.6,1.809,0.1,0.088,0.0,0.324,0.0,2.322
2025-10-03 15:00:00,24.17,76.0,1.1,0.872,0.164,0.083,0.0,0.247,0.0,1.367
2025-10-03 16:00:00,25.3,80.59,1.2,1.569,0.241,0.102,0.0,0.197,0.0,2.109
2025-10-03 17:00:00,26.42,81.5,3.3,2.234,0.1,0.11,0.0,1.357,0.0,3.802
2025-10-03 18:00:00,19.68,80.34,3.3,0.398,0.145,0.102,0.0,1.347,0.0,1.992
2025-10-03 19:00:00,20.3,72.8,2.9,0.25,0.251,1.759,7.626,1.303,0.0,11.189
2025-10-03 20:00:00,15.77,81.57,3.0,1.545,0.1,1.617,7.634,1.356,0.0,12.252
2025-10-03 21:00:00,18.33,84.89,3.3,0.874,0.116,1.271,6.881,1.376,0.0,10.517
2025-10-03 22:00:00,17.39,74.03,3.3,1.028,0.208,0.117,7.9,1.23,0.0,10.483
2025-10-03 23:00:00,15.75,78.64,3.5,1.805,0.1,0.086,6.596,1.396,0.0,9.983
2025-10-04 00:00:00,13.82,89.64,2.0,2.281,0.118,0.11,0.0,0.169,0.0,2.678
2025-10-04 01:00:00,11.23,90.18,2.0,2.743,0.268,0.086,0.0,0.183,0.0,3.28
2025-10-04 02:00:00,14.69,78.26,1.6,1.708,0.1,0.12,0.0,0.248,0.0,2.175
2025-10-04 03:00:00,16.49,89.77,1.6,1.214,0.168,0.093,0.0,0.104,0.0,1.58
2025-10-04 04:00:00,13.92,85.67,2.1,2.15,0.252,0.1,0.0,0.299,0.0,2.802
2025-10-04 05:00:00,16.26,88.15,1.6,1.329,0.1,0.099,0.0,0.238,0.0,1.766
2025-10-04 06:00:00,14.28,79.83,3.3,2.3,0.221,1.513,0.0,0.68,0.0,4.714
2025-10-04 07:00:00,18.53,84.78,3.9,0.808,0.295,1.796,0.0,0.75,0.848,3.649
2025-10-04 08:00:00,18.54,84.22,3.8,0.891,0.1,1.548,0.0,0.76,1.246,3.299
2025-10-04 09:00:00,19.28,76.69,3.4,0.234,0.132,0.112,0.0,0.264,1.716,0.742
2025-10-04 10:00:00,20.49,77.09,1.7,0.206,0.265,0.118,0.0,0.239,1.466,0.829
2025-10-04 11:00:00,22.08,72.51,1.8,0.26,0.1,0.112,0.0,0.154,1.539,0.626
2025-10-04 12:00:00,24.04,83.06,2.1,1.092,0.178,0.097,0.0,0.255,0.506,1.622
2025-10-04 13:00:00,22.0,73.6,1.8,0.428,0.185,0.08,0.0,0.234,0.0,0.928
2025-10-04 14:00:00,23.54,69.39,1.6,0.725,0.1,0.081,0.0,0.269,0.0,1.176
2025-10-04 15:00:00,23.9,70.63,2.3,1.2,0.174,0.1,0.0,0.227,0.0,1.701
2025-10-04 16:00:00,21.82,75.44,1.9,0.28,0.244,0.107,0.0,0.222,0.0,0.853
2025-10-04 17:00:00,25.36,79.52,3.6,2.022,0.1,0.113,0.0,1.325,0.0,3.559
2025-10-04 18:00:00,20.35,70.32,4.0,0.2,0.153,0.104,0.0,1.439,0.0,1.896
2025-10-04 19:00:00,19.42,87.69,4.0,0.373,0.244,1.787,0.0,1.471,0.0,3.875
2025-10-04 20:00:00,17.67,81.54,3.4,1.104,0.1,1.496,0.0,1.379,0.0,4.079
2025-10-04 21:00:00,20.54,83.89,3.7,0.217,0.142,1.56,0.0,1.481,0.0,3.4
2025-10-04 22:00:00,17.46,82.51,3.7,1.277,0.254,0.089,0.0,1.415,0.0,3.035
2025-10-04 23:00:00,14.19,84.34,4.0,2.278,0.1,0.094,0.0,1.432,0.0,3.904
2025-10-05 00:00:00,16.26,84.45,2.1,1.202,0.147,0.107,7.263,0.239,0.0,8.958
2025-10-05 01:00:00,14.4,90.88,1.6,1.765,0.267,0.104,6.877,0.17,0.0,9.183
2025-10-05 02:00:00,14.31,85.96,1.2,1.788,0.1,0.095,7.639,0.252,0.0,9.874
2025-10-05 03:00:00,13.58,89.63,2.2,2.22,0.14,0.084,0.0,0.182,0.0,2.627
2025-10-05 04:00:00,13.47,83.03,1.4,2.149,0.264,0.094,0.0,0.17,0.0,2.676
2025-10-05 05:00:00,15.9,85.22,1.9,1.406,0.1,0.082,0.0,0.153,0.0,1.741
2025-10-05 06:00:00,15.61,78.98,3.2,1.579,0.138,1.858,0.0,0.664,0.0,4.238
2025-10-05 07:00:00,20.36,87.64,3.4,0.332,0.221,1.673,0.0,0.701,0.818,2.927
2025-10-05 08:00:00,17.02,75.83,4.0,1.414,0.1,1.713,0.0,0.8,1.838,4.027
2025-10-05 09:00:00,22.53,76.82,4.0,0.712,0.148,0.103,0.0,0.267,1.805,1.23
2025-10-05 10:00:00,21.26,75.43,1.1,0.2,0.237,0.103,0.0,0.173,2.036,0.713
2025-10-05 11:00:00,22.91,73.99,2.2,0.838,0.1,0.104,0.0,0.1,1.029,1.142
2025-10-05 12:00:00,24.51,78.42,1.7,1.236,0.176,0.1,0.0,0.213,0.719,1.725
2025-10-05 13:00:00,22.81,72.62,2.2,0.794,0.279,0.1,0.0,0.218,0.0,1.391
2025-10-05 14:00:00,25.23,80.97,2.2,1.626,0.1,0.113,0.0,0.216,0.0,2.055
2025-10-05 15:00:00,19.7,70.11,2.4,0.323,0.198,0.099,0.0,0.296,0.0,0.916
2025-10-05 16:00:00,22.18,75.65,1.9,0.401,0.226,0.101,0.0,0.235,0.0,0.963
2025-10-05 17:00:00,21.08,71.88,3.4,0.2,0.1,0.12,0.0,1.33,0.0,1.75
2025-10-05 18:00:00,19.55,79.1,4.0,0.44,0.163,0.087,0.0,1.395,0.0,2.086
2025-10-05 19:00:00,19.9,78.37,3.8,0.47,0.22,1.636,7.61,1.358,0.0,11.294
2025-10-05 20:00:00,19.51,79.22,3.7,0.527,0.1,1.484,6.797,1.371,0.0,10.278
2025-10-05 21:00:00,18.69,87.5,3.6,0.822,0.14,1.698,7.019,1.396,0.0,11.075
2025-10-05 22:00:00,16.79,79.73,4.0,1.626,0.206,0.096,7.458,1.335,0.0,10.721
2025-10-05 23:00:00,14.39,87.18,4.0,2.361,0.1,0.092,6.892,1.433,0.0,10.878
2025-10-06 00:00:00,14.95,81.35,0.5,1.443,0.144,0.088,6.804,0.206,0.0,8.684
2025-10-06 01:00:00,14.08,86.36,1.2,1.799,0.245,0.115,7.808,0.136,0.0,10.103
2025-10-06 02:00:00,15.13,80.02,0.9,1.444,0.1,0.109,6.832,0.167,0.0,8.651
2025-10-06 03:00:00,15.06,82.48,0.4,1.419,0.154,0.083,0.0,0.113,0.0,1.769
2025-10-06 04:00:00,14.44,84.79,1.1,1.809,0.24,0.109,0.0,0.1,0.0,2.258
2025-10-06 05:00:00,13.84,93.32,0.7,1.671,0.1,0.081,0.0,0.13,0.0,1.983
2025-10-06 06:00:00,15.24,83.5,1.9,1.553,0.131,1.571,0.0,0.496,0.0,3.751
2025-10-06 07:00:00,16.6,89.83,2.2,1.413,0.241,1.867,0.0,0.614,0.406,4.135
2025-10-06 08:00:00,18.25,81.1,2.1,0.738,0.1,1.774,0.0,0.591,1.377,3.203
2025-10-06 09:00:00,20.42,76.51,2.2,0.2,0.17,0.114,0.0,0.165,2.169,0.648
2025-10-06 10:00:00,22.3,84.7,0.5,0.329,0.211,0.104,0.0,0.229,2.027,0.873
2025-10-06 11:00:00,22.18,77.94,0.8,0.205,0.1,0.119,0.0,0.212,1.148,0.635
2025-10-06 12:00:00,23.08,71.59,0.7,0.664,0.125,0.114,0.0,0.159,0.757,1.061
2025-10-06 13:00:00,23.77,76.56,1.2,1.02,0.232,0.094,0.0,0.201,0.0,1.546
2025-10-06 14:00:00,22.95,72.54,1.2,0.641,0.1,0.113,0.0,0.14,0.0,0.994
2025-10-06 15:00:00,22.16,64.26,1.1,0.232,0.132,0.115,0.0,0.1,0.0,0.578
2025-10-06 16:00:00,20.42,79.48,0.9,0.2,0.237,0.119,0.0,0.182,0.0,0.737
2025-10-06 17:00:00,21.22,81.23,2.9,0.2,0.1,0.081,0.0,1.195,0.0,1.576
2025-10-06 18:00:00,21.93,86.19,2.7,0.2,0.179,0.115,0.0,1.215,0.0,1.709
2025-10-06 19:00:00,18.96,80.56,2.7,0.62,0.26,1.242,6.744,1.249,0.0,10.115
2025-10-06 20:00:00,18.37,78.76,3.3,0.917,0.1,1.517,7.093,1.228,0.0,10.855
2025-10-06 21:00:00,18.13,85.73,2.3,0.967,0.166,1.449,6.908,1.178,0.0,10.668
2025-10-06 22:00:00,17.0,87.25,3.0,1.446,0.239,0.117,7.912,1.316,0.0,11.031
2025-10-06 23:00:00,13.57,92.43,2.9,2.404,0.1,0.096,7.187,1.155,0.0,10.943
2025-10-07 00:00:00,15.68,84.97,1.2,1.481,0.144,0.104,0.0,0.222,0.0,1.951
2025-10-07 01:00:00,15.38,84.97,0.4,1.188,0.279,0.108,0.0,0.258,0.0,1.833
2025-10-07 02:00:00,11.82,82.42,1.0,2.486,0.1,0.081,0.0,0.167,0.0,2.834
2025-10-07 03:00:00,12.45,88.48,1.1,2.328,0.127,0.104,0.0,0.221,0.0,2.781
2025-10-07 04:00:00,15.97,77.45,0.2,1.109,0.209,0.101,0.0,0.107,0.0,1.525
2025-10-07 05:00:00,14.76,88.12,0.6,1.558,0.1,0.104,0.0,0.213,0.0,1.975
2025-10-07 06:00:00,12.69,85.94,2.5,2.563,0.117,1.495,0.0,0.623,0.0,4.797
2025-10-07 07:00:00,15.12,84.48,2.7,1.965,0.241,1.48,0.0,0.627,0.868,4.313
2025-10-07 08:00:00,18.14,80.69,2.6,0.856,0.1,1.568,0.0,0.614,1.394,3.138
2025-10-07 09:00:00,18.07,86.11,2.7,0.835,0.151,0.115,0.0,0.251,2.156,1.352
2025-10-07 10:00:00,20.4,81.36,0.6,0.2,0.209,0.094,0.0,0.164,1.661,0.667
2025-10-07 11:00:00,22.1,72.72,0.4,0.415,0.1,0.097,0.0,0.112,0.981,0.724
2025-10-07 12:00:00,25.04,71.86,1.0,1.115,0.167,0.096,0.0,0.174,0.49,1.551
2025-10-07 13:00:00,22.91,69.81,0.5,0.276,0.23,0.109,0.0,0.163,0.0,0.777
2025-10-07 14:00:00,25.13,76.76,0.7,1.358,0.1,0.09,0.0,0.111,0.0,1.659
2025-10-07 15:00:00,25.49,69.2,1.4,1.543,0.12,0.083,0.0,0.186,0.0,1.931
2025-10-07 16:00:00,25.0,80.22,1.1,1.302,0.228,0.095,0.0,0.179,0.0,1.804
2025-10-07 17:00:00,22.48,82.37,2.8,0.456,0.1,0.109,0.0,1.218,0.0,1.882
2025-10-07 18:00:00,18.07,72.6,2.7,0.736,0.148,0.117,0.0,1.253,0.0,2.254
2025-10-07 19:00:00,20.5,77.52,3.2,0.2,0.246,1.23,0.0,1.349,0.0,3.026
2025-10-07 20:00:00,20.09,80.08,3.1,0.329,0.1,1.686,0.0,1.26,0.0,3.376
2025-10-07 21:00:00,17.1,85.97,2.5,1.123,0.154,1.24,0.0,1.21,0.0,3.726
2025-10-07 22:00:00,18.63,91.05,2.2,0.784,0.246,0.093,0.0,1.201,0.0,2.324
2025-10-07 23:00:00,16.27,75.82,3.8,1.531,0.1,0.081,0.0,1.35,0.0,3.062
2025-10-08 00:00:00,14.83,83.61,0.5,1.409,0.188,0.116,7.144,0.1,0.0,8.958
2025-10-08 01:00:00,15.11,84.47,1.2,1.602,0.222,0.108,7.366,0.139,0.0,9.437
2025-10-08 02:00:00,13.81,79.0,1.6,1.925,0.1,0.095,7.133,0.224,0.0,9.477
2025-10-08 03:00:00,9.74,83.37,1.1,2.838,0.127,0.095,0.0,0.159,0.0,3.219
2025-10-08 04:00:00,13.23,87.33,0.8,1.84,0.239,0.106,0.0,0.111,0.0,2.295
2025-10-08 05:00:00,16.57,82.85,0.4,0.954,0.1,0.084,0.0,0.226,0.0,1.364
2025-10-08 06:00:00,14.6,75.28,1.9,1.85,0.183,1.544,0.0,0.495,0.0,4.073
2025-10-08 07:00:00,16.68,95.0,2.7,1.376,0.232,2.05,0.0,0.604,0.929,4.262
2025-10-08 08:00:00,16.74,81.33,3.1,1.392,0.1,1.586,0.0,0.683,1.514,3.761
2025-10-08 09:00:00,22.28,79.01,2.3,0.423,0.156,0.109,0.0,0.254,1.804,0.941
2025-10-08 10:00:00,23.33,71.51,0.8,0.709,0.274,0.089,0.0,0.194,1.668,1.266
2025-10-08 11:00:00,20.52,77.06,1.3,0.286,0.1,0.084,0.0,0.155,1.362,0.624
2025-10-08 12:00:00,22.86,73.98,0.7,0.436,0.16,0.116,0.0,0.2,0.771,0.911
2025-10-08 13:00:00,22.12,64.76,1.1,0.554,0.183,0.116,0.0,0.184,0.0,1.037
2025-10-08 14:00:00,24.23,68.65,1.0,1.053,0.1,0.104,0.0,0.201,0.0,1.458
2025-10-08 15:00:00,23.9,78.18,0.8,0.897,0.17,0.098,0.0,0.244,0.0,1.41
2025-10-08 16:00:00,23.86,84.52,1.0,1.015,0.266,0.102,0.0,0.12,0.0,1.502
2025-10-08 17:00:00,22.34,77.59,3.7,0.378,0.1,0.096,0.0,1.412,0.0,1.987
2025-10-08 18:00:00,25.21,82.52,3.2,1.891,0.144,0.11,0.0,1.326,0.0,3.472
2025-10-08 19:00:00,18.06,77.67,3.4,1.165,0.248,1.653,6.892,1.397,0.0,11.355
2025-10-08 20:00:00,15.74,79.57,2.6,1.722,0.114,1.691,7.357,1.31,0.0,12.194
2025-10-08 21:00:00,16.43,87.01,3.4,1.315,0.152,1.514,7.785,1.437,0.0,12.203
2025-10-08 22:00:00,13.46,91.31,3.3,2.546,0.256,0.112,7.071,1.363,0.0,11.348
2025-10-08 23:00:00,12.54,90.75,2.4,2.697,0.1,0.086,7.325,1.154,0.0,11.363
2025-10-09 00:00:00,12.27,79.86,1.2,2.425,0.171,0.081,0.0,0.165,0.0,2.843
2025-10-09 01:00:00,11.89,85.46,0.8,2.102,0.255,0.106,0.0,0.21,0.0,2.673
2025-10-09 02:00:00,11.67,87.39,0.4,2.271,0.1,0.084,0.0,0.1,0.0,2.556
2025-10-09 03:00:00,14.05,84.5,1.1,1.95,0.166,0.102,0.0,0.17,0.0,2.387
2025-10-09 04:00:00,13.01,87.14,1.2,2.08,0.253,0.109,0.0,0.15,0.0,2.592
2025-10-09 05:00:00,14.3,88.35,1.1,1.564,0.1,0.096,0.0,0.123,0.0,1.883
2025-10-09 06:00:00,16.94,88.01,2.5,1.304,0.149,1.472,0.0,0.609,0.0,3.533
2025-10-09 07:00:00,15.66,89.98,2.4,1.698,0.261,2.079,0.0,0.629,0.655,4.666
2025-10-09 08:00:00,17.71,78.35,3.5,1.09,0.1,1.471,0.0,0.709,0.665,3.37
2025-10-09 09:00:00,19.95,71.63,2.0,0.2,0.15,0.116,0.0,0.217,1.758,0.683
2025-10-09 10:00:00,17.69,78.79,1.3,0.974,0.239,0.082,0.0,0.173,2.12,1.467
2025-10-09 11:00:00,18.06,85.18,1.0,0.667,0.1,0.109,0.0,0.154,1.414,1.031
2025-10-09 12:00:00,22.95,72.42,0.7,0.64,0.131,0.117,0.0,0.213,0.683,1.101
2025-10-09 13:00:00,23.67,77.64,1.0,1.014,0.241,0.116,0.0,0.154,0.0,1.525
2025-10-09 14:00:00,26.2,77.48,0.4,1.387,0.1,0.116,0.0,0.136,0.0,1.739
2025-10-09 15:00:00,23.17,75.16,0.8,0.768,0.152,0.115,0.0,0.193,0.0,1.229
2025-10-09 16:00:00,23.66,74.84,1.0,0.835,0.244,0.1,0.0,0.13,0.0,1.31
2025-10-09 17:00:00,21.35,71.14,2.4,0.2,0.1,0.102,0.0,1.185,0.0,1.587
2025-10-09 18:00:00,21.05,65.59,3.2,0.2,0.175,0.105,0.0,1.286,0.0,1.766
2025-10-09 19:00:00,21.9,72.89,2.6,0.273,0.245,1.738,0.0,1.185,0.0,3.44
2025-10-09 20:00:00,14.92,78.05,2.4,1.706,0.1,1.703,0.0,1.175,0.0,4.684
2025-10-09 21:00:00,17.43,87.04,2.6,0.91,0.143,1.67,0.0,1.249,0.0,3.971
2025-10-09 22:00:00,18.81,82.48,3.9,0.886,0.266,0.107,0.0,1.428,0.0,2.687
2025-10-09 23:00:00,14.99,81.65,2.2,1.723,0.1,0.105,0.0,1.168,0.0,3.096
2025-10-10 00:00:00,16.04,80.74,1.2,1.34,0.131,0.117,7.498,0.223,0.0,9.308
2025-10-10 01:00:00,12.12,89.08,0.7,2.109,0.221,0.088,7.192,0.202,0.0,9.812
2025-10-10 02:00:00,12.85,92.79,0.9,1.908,0.1,0.088,7.087,0.167,0.0,9.35
2025-10-10 03:00:00,13.12,91.11,1.2,2.122,0.165,0.119,0.0,0.215,0.0,2.622
2025-10-10 04:00:00,10.24,88.23,1.2,2.834,0.244,0.102,0.0,0.178,0.0,3.358
2025-10-10 05:00:00,12.61,76.86,0.7,2.024,0.1,0.099,0.0,0.194,0.0,2.417
2025-10-10 06:00:00,13.75,81.24,2.0,2.093,0.166,2.052,0.0,0.609,0.0,4.92
2025-10-10 07:00:00,17.84,91.29,2.7,0.887,0.23,2.052,0.0,0.646,0.713,3.815
2025-10-10 08:00:00,19.2,85.61,2.7,0.662,0.1,1.567,0.0,0.555,1.457,2.885
2025-10-10 09:00:00,19.68,70.76,2.4,0.525,0.182,0.087,0.0,0.197,1.718,0.99
2025-10-10 10:00:00,21.63,76.72,1.2,0.284,0.246,0.112,0.0,0.218,1.327,0.86
2025-10-10 11:00:00,21.19,77.57,0.8,0.2,0.1,0.111,0.0,0.1,0.87,0.511
2025-10-10 12:00:00,24.03,70.99,0.7,0.939,0.153,0.089,0.0,0.186,0.785,1.367
2025-10-10 13:00:00,22.74,62.66,1.0,0.717,0.237,0.114,0.0,0.193,0.0,1.261
2025-10-10 14:00:00,22.98,74.49,1.2,0.784,0.1,0.099,0.0,0.323,0.0,1.306
2025-10-10 15:00:00,22.33,70.27,1.1,0.634,0.155,0.099,0.0,0.205,0.0,1.093
2025-10-10 16:00:00,23.25,70.88,1.2,0.667,0.218,0.119,0.0,0.181,0.0,1.185
2025-10-10 17:00:00,20.8,73.98,2.7,0.2,0.1,0.101,0.0,1.29,0.0,1.69
2025-10-10 18:00:00,21.86,76.33,3.6,0.386,0.15,0.085,0.0,1.364,0.0,1.985
2025-10-10 19:00:00,17.49,78.4,2.9,1.144,0.204,1.368,7.158,1.26,0.0,11.134
2025-10-10 20:00:00,16.25,75.58,3.0,1.494,0.1,1.4,6.712,1.277,0.0,10.983
2025-10-10 21:00:00,17.63,80.45,2.5,0.976,0.138,1.775,7.041,1.226,0.0,11.156
2025-10-10 22:00:00,15.26,74.21,2.9,1.942,0.177,0.091,7.613,1.221,0.0,11.044
2025-10-10 23:00:00,13.68,85.8,3.2,2.377,0.1,0.097,6.817,1.356,0.0,10.747
2025-10-11 00:00:00,14.7,70.91,2.1,1.704,0.171,0.11,0.0,0.187,0.0,2.171
2025-10-11 01:00:00,11.95,84.35,2.4,2.605,0.234,0.091,0.0,0.326,0.0,3.256
2025-10-11 02:00:00,12.39,90.6,2.0,2.49,0.1,0.108,0.0,0.135,0.0,2.832
2025-10-11 03:00:00,14.96,80.5,1.9,2.01,0.15,0.088,0.0,0.169,0.0,2.418
2025-10-11 04:00:00,15.67,88.78,1.6,1.361,0.227,0.09,0.0,0.1,0.0,1.778
2025-10-11 05:00:00,16.51,90.02,1.5,1.183,0.1,0.119,0.0,0.344,0.0,1.747
2025-10-11 06:00:00,14.77,66.46,3.7,2.37,0.124,1.706,0.0,0.634,0.0,4.834
2025-10-11 07:00:00,18.24,80.8,3.7,0.893,0.255,1.965,0.0,0.732,0.558,3.846
2025-10-11 08:00:00,16.27,65.62,2.9,1.535,0.1,2.045,0.0,0.666,1.226,4.346
2025-10-11 09:00:00,17.62,77.86,3.6,1.33,0.144,0.094,0.0,0.212,1.515,1.781
2025-10-11 10:00:00,16.66,76.96,2.1,1.153,0.196,0.094,0.0,0.25,1.328,1.694
2025-10-11 11:00:00,23.74,63.34,1.4,0.89,0.1,0.111,0.0,0.137,1.472,1.239
2025-10-11 12:00:00,20.72,84.43,2.0,0.2,0.132,0.104,0.0,0.17,0.792,0.606
2025-10-11 13:00:00,22.33,75.63,1.4,0.298,0.239,0.094,0.0,0.113,0.0,0.745
2025-10-11 14:00:00,21.32,69.75,0.8,0.259,0.1,0.11,0.0,0.208,0.0,0.677
2025-10-11 15:00:00,23.56,81.53,1.7,0.846,0.152,0.115,0.0,0.104,0.0,1.216
2025-10-11 16:00:00,21.46,65.83,1.9,0.2,0.234,0.089,0.0,0.227,0.0,0.75
2025-10-11 17:00:00,19.27,69.61,3.8,0.551,0.1,0.081,0.0,1.394,0.0,2.126
2025-10-11 18:00:00,20.85,65.5,4.0,0.2,0.182,0.091,0.0,1.527,0.0,2.0
2025-10-11 19:00:00,16.83,87.45,4.0,1.471,0.23,1.605,0.0,1.434,0.0,4.74
2025-10-11 20:00:00,16.43,81.66,3.9,1.507,0.1,1.749,0.0,1.46,0.0,4.816
2025-10-11 21:00:00,13.24,84.85,4.0,2.767,0.161,1.718,0.0,1.461,0.0,6.106
2025-10-11 22:00:00,13.05,84.51,3.6,2.779,0.236,0.089,0.0,1.375,0.0,4.479
2025-10-11 23:00:00,14.42,87.11,4.0,2.313,0.1,0.115,0.0,1.496,0.0,4.024
2025-10-12 00:00:00,10.21,85.59,1.9,3.044,0.127,0.112,6.819,0.227,0.0,10.329
2025-10-12 01:00:00,10.43,87.15,1.9,3.098,0.234,0.109,7.706,0.253,0.0,11.4
2025-10-12 02:00:00,12.48,86.54,1.6,2.292,0.1,0.108,7.495,0.15,0.0,10.145
2025-10-12 03:00:00,11.84,82.75,1.2,2.531,0.145,0.112,0.0,0.212,0.0,3.0
2025-10-12 04:00:00,16.14,84.96,1.6,1.25,0.266,0.114,0.0,0.238,0.0,1.868
2025-10-12 05:00:00,16.7,85.61,1.9,1.14,0.1,0.113,0.0,0.153,0.0,1.505
2025-10-12 06:00:00,13.68,83.55,3.1,2.274,0.143,1.528,0.0,0.646,0.0,4.59
2025-10-12 07:00:00,17.03,74.16,3.4,1.299,0.194,1.96,0.0,0.586,0.392,4.039
2025-10-12 08:00:00,18.61,73.28,3.2,0.78,0.1,2.046,0.0,0.577,1.539,3.503
2025-10-12 09:00:00,17.88,83.86,3.5,0.911,0.159,0.087,0.0,0.251,1.115,1.409
2025-10-12 10:00:00,17.74,75.47,1.4,0.878,0.244,0.089,0.0,0.282,1.964,1.493
2025-10-12 11:00:00,21.0,78.68,1.9,0.2,0.1,0.111,0.0,0.3,1.555,0.712
2025-10-12 12:00:00,21.55,69.34,1.5,0.2,0.107,0.094,0.0,0.181,0.505,0.582
2025-10-12 13:00:00,21.66,66.84,1.2,0.2,0.212,0.096,0.0,0.138,0.0,0.646
2025-10-12 14:00:00,23.15,69.78,1.7,0.814,0.1,0.095,0.0,0.248,0.0,1.258
2025-10-12 15:00:00,21.19,73.09,2.4,0.2,0.168,0.089,0.0,0.122,0.0,0.578
2025-10-12 16:00:00,20.09,71.48,1.2,0.206,0.235,0.118,0.0,0.166,0.0,0.725
2025-10-12 17:00:00,21.18,82.23,3.8,0.2,0.1,0.112,0.0,1.378,0.0,1.79
2025-10-12 18:00:00,20.56,77.9,4.0,0.333,0.129,0.09,0.0,1.436,0.0,1.989
2025-10-12 19:00:00,17.01,87.69,4.0,1.447,0.262,1.264,6.643,1.509,0.0,11.125
2025-10-12 20:00:00,18.88,82.02,3.6,0.703,0.1,1.424,6.917,1.247,0.0,10.391
2025-10-12 21:00:00,13.53,69.49,3.5,2.466,0.159,1.449,6.582,1.383,0.0,12.039
2025-10-12 22:00:00,14.12,88.28,3.3,2.363,0.21,0.08,7.188,1.35,0.0,11.192
2025-10-12 23:00:00,13.56,76.69,4.0,2.732,0.1,0.115,6.907,1.437,0.0,11.291
2025-10-13 00:00:00,11.99,86.35,0.7,2.06,0.175,0.114,7.33,0.184,0.0,9.863
2025-10-13 01:00:00,11.6,81.92,0.9,2.423,0.218,0.114,7.137,0.201,0.0,10.093
2025-10-13 02:00:00,15.08,95.0,0.3,1.292,0.1,0.112,6.831,0.166,0.0,8.501
2025-10-13 03:00:00,11.17,92.99,1.4,2.515,0.128,0.109,0.0,0.1,0.0,2.853
2025-10-13 04:00:00,16.61,81.49,1.5,1.163,0.219,0.105,0.0,0.149,0.0,1.636
2025-10-13 05:00:00,14.4,83.61,1.3,1.843,0.1,0.118,0.0,0.27,0.0,2.332
2025-10-13 06:00:00,14.92,84.22,1.9,1.743,0.169,1.952,0.0,0.49,0.0,4.355
2025-10-13 07:00:00,16.7,85.87,2.7,1.364,0.231,1.894,0.0,0.623,0.533,4.112
2025-10-13 08:00:00,21.07,80.15,1.8,0.2,0.1,2.008,0.0,0.51,1.13,2.818
2025-10-13 09:00:00,17.08,73.32,2.5,1.235,0.173,0.09,0.0,0.255,1.729,1.753
2025-10-13 10:00:00,18.1,73.41,1.1,0.731,0.221,0.119,0.0,0.172,1.559,1.243
2025-10-13 11:00:00,19.68,75.73,1.1,0.402,0.1,0.081,0.0,0.216,1.441,0.8
2025-10-13 12:00:00,21.66,80.98,1.2,0.2,0.143,0.106,0.0,0.206,0.614,0.654
2025-10-13 13:00:00,19.52,76.34,1.0,0.44,0.262,0.083,0.0,0.16,0.0,0.945
2025-10-13 14:00:00,22.31,70.13,0.2,0.465,0.1,0.114,0.0,0.1,0.0,0.779
2025-10-13 15:00:00,24.65,77.45,1.2,1.277,0.17,0.119,0.0,0.143,0.0,1.709
2025-10-13 16:00:00,21.83,72.87,1.0,0.345,0.231,0.096,0.0,0.121,0.0,0.794
2025-10-13 17:00:00,20.37,80.21,2.6,0.239,0.1,0.114,0.0,1.162,0.0,1.615
2025-10-13 18:00:00,18.85,89.64,2.4,0.759,0.195,0.093,0.0,1.205,0.0,2.252
2025-10-13 19:00:00,19.92,76.65,3.6,0.2,0.257,1.296,6.537,1.48,0.0,9.769
2025-10-13 20:00:00,16.04,84.01,3.5,1.749,0.1,1.366,7.818,1.236,0.0,12.268
2025-10-13 21:00:00,18.75,77.83,3.3,0.935,0.102,1.381,6.675,1.25,0.0,10.343
2025-10-13 22:00:00,17.68,82.44,2.7,0.968,0.238,0.105,7.709,1.248,0.0,10.269
2025-10-13 23:00:00,14.13,84.39,2.0,1.891,0.1,0.112,6.956,1.106,0.0,10.165
2025-10-14 00:00:00,12.72,84.23,1.3,2.306,0.16,0.088,0.0,0.212,0.0,2.766
2025-10-14 01:00:00,13.79,95.0,1.1,1.767,0.222,0.084,0.0,0.182,0.0,2.255
2025-10-14 02:00:00,13.71,84.47,0.9,1.741,0.1,0.089,0.0,0.241,0.0,2.171
2025-10-14 03:00:00,11.03,88.73,1.4,2.687,0.169,0.092,0.0,0.222,0.0,3.169
2025-10-14 04:00:00,11.95,75.55,1.3,2.311,0.274,0.091,0.0,0.234,0.0,2.91
2025-10-14 05:00:00,11.55,86.4,1.1,2.5,0.1,0.089,0.0,0.233,0.0,2.922
2025-10-14 06:00:00,15.18,88.71,2.5,1.683,0.167,1.776,0.0,0.541,0.0,4.166
2025-10-14 07:00:00,16.78,78.91,2.5,1.316,0.289,2.056,0.0,0.631,0.514,4.292
2025-10-14 08:00:00,15.05,67.45,2.8,1.883,0.1,1.512,0.0,0.654,1.105,4.149
2025-10-14 09:00:00,17.68,78.25,2.2,1.132,0.147,0.114,0.0,0.198,1.814,1.591
2025-10-14 10:00:00,17.55,77.09,1.2,1.009,0.248,0.1,0.0,0.168,1.21,1.524
2025-10-14 11:00:00,19.26,79.38,0.6,0.366,0.1,0.106,0.0,0.153,1.606,0.726
2025-10-14 12:00:00,22.23,84.86,1.5,0.297,0.177,0.113,0.0,0.152,0.844,0.738
2025-10-14 13:00:00,20.8,72.3,1.2,0.2,0.229,0.092,0.0,0.117,0.0,0.638
2025-10-14 14:00:00,21.62,69.72,0.7,0.2,0.1,0.118,0.0,0.279,0.0,0.697
2025-10-14 15:00:00,19.46,68.37,1.0,0.358,0.121,0.083,0.0,0.235,0.0,0.797
2025-10-14 16:00:00,21.68,75.79,0.7,0.2,0.232,0.101,0.0,0.171,0.0,0.704
2025-10-14 17:00:00,20.54,78.15,3.6,0.224,0.1,0.09,0.0,1.303,0.0,1.717
2025-10-14 18:00:00,18.48,74.27,3.6,0.794,0.157,0.096,0.0,1.411,0.0,2.458
2025-10-14 19:00:00,18.08,82.34,3.3,0.954,0.203,1.469,0.0,1.306,0.0,3.933
2025-10-14 20:00:00,17.34,82.33,3.6,1.24,0.1,1.749,0.0,1.372,0.0,4.461
2025-10-14 21:00:00,14.55,81.77,3.1,2.087,0.133,1.465,0.0,1.402,0.0,5.087
2025-10-14 22:00:00,12.36,78.49,3.3,2.91,0.272,0.108,0.0,1.424,0.0,4.714
2025-10-14 23:00:00,16.24,81.83,3.5,1.57,0.1,0.118,0.0,1.24,0.0,3.028
2025-10-15 00:00:00,11.59,73.05,1.0,2.307,0.161,0.1,6.724,0.198,0.0,9.489
2025-10-15 01:00:00,11.89,86.97,1.0,2.127,0.206,0.096,7.175,0.189,0.0,9.793
2025-10-15 02:00:00,13.38,86.13,1.4,2.032,0.1,0.119,7.365,0.209,0.0,9.824
2025-10-15 03:00:00,17.33,86.74,1.3,0.944,0.132,0.113,0.0,0.16,0.0,1.349
2025-10-15 04:00:00,10.67,87.72,0.7,2.44,0.221,0.118,0.0,0.171,0.0,2.95
2025-10-15 05:00:00,14.0,86.17,0.1,1.574,0.1,0.096,0.0,0.1,0.0,1.87
2025-10-15 06:00:00,13.3,82.45,2.4,2.396,0.147,1.941,0.0,0.646,0.0,5.13
2025-10-15 07:00:00,14.76,81.8,1.7,1.825,0.223,1.62,0.0,0.583,0.847,4.252
2025-10-15 08:00:00,15.79,72.98,2.1,1.356,0.1,2.063,0.0,0.65,1.374,4.169
2025-10-15 09:00:00,16.47,75.53,2.2,1.282,0.139,0.117,0.0,0.176,0.88,1.714
2025-10-15 10:00:00,19.3,77.25,0.8,0.513,0.247,0.091,0.0,0.187,1.485,1.037
2025-10-15 11:00:00,18.19,72.08,1.3,0.901,0.1,0.084,0.0,0.292,1.338,1.377
2025-10-15 12:00:00,22.62,79.1,1.4,0.467,0.152,0.088,0.0,0.159,0.838,0.865
2025-10-15 13:00:00,21.78,70.91,1.2,0.395,0.245,0.105,0.0,0.136,0.0,0.881
2025-10-15 14:00:00,22.5,75.08,1.3,0.364,0.1,0.091,0.0,0.203,0.0,0.757
2025-10-15 15:00:00,21.0,74.79,1.3,0.2,0.122,0.106,0.0,0.246,0.0,0.673
2025-10-15 16:00:00,20.64,78.54,0.0,0.2,0.236,0.094,0.0,0.117,0.0,0.646
2025-10-15 17:00:00,20.83,80.26,3.0,0.21,0.1,0.117,0.0,1.377,0.0,1.804
2025-10-15 18:00:00,17.62,80.47,2.3,0.952,0.174,0.098,0.0,1.119,0.0,2.343
2025-10-15 19:00:00,17.62,67.92,3.2,1.069,0.224,1.499,7.383,1.345,0.0,11.521
2025-10-15 20:00:00,15.58,85.97,2.2,1.567,0.1,1.409,6.944,1.112,0.0,11.132
2025-10-15 21:00:00,14.24,89.19,2.9,1.988,0.144,1.244,7.064,1.245,0.0,11.685
2025-10-15 22:00:00,11.2,80.59,3.2,3.021,0.23,0.1,7.45,1.356,0.0,12.157
2025-10-15 23:00:00,15.34,85.43,2.6,1.773,0.1,0.111,6.747,1.198,0.0,9.93
2025-10-16 00:00:00,11.3,80.74,1.4,2.676,0.167,0.118,0.0,0.116,0.0,3.077
2025-10-16 01:00:00,13.58,76.05,1.2,1.989,0.224,0.083,0.0,0.146,0.0,2.442
2025-10-16 02:00:00,13.26,82.31,1.2,1.871,0.1,0.112,0.0,0.221,0.0,2.303
2025-10-16 03:00:00,9.9,83.09,1.3,2.958,0.125,0.091,0.0,0.208,0.0,3.382
2025-10-16 04:00:00,10.7,83.42,0.9,2.459,0.244,0.113,0.0,0.212,0.0,3.027
2025-10-16 05:00:00,16.97,79.45,1.1,1.07,0.1,0.094,0.0,0.152,0.0,1.415
2025-10-16 06:00:00,16.79,79.33,2.5,1.388,0.17,1.522,0.0,0.547,0.0,3.628
2025-10-16 07:00:00,15.32,81.5,2.5,1.754,0.209,1.881,0.0,0.559,0.452,4.403
2025-10-16 08:00:00,17.05,76.15,2.2,1.308,0.1,2.084,0.0,0.541,1.023,4.032
2025-10-16 09:00:00,17.01,81.16,2.0,1.127,0.175,0.087,0.0,0.208,1.474,1.597
2025-10-16 10:00:00,19.81,80.41,0.9,0.274,0.241,0.081,0.0,0.117,0.836,0.713
2025-10-16 11:00:00,19.12,87.66,0.8,0.473,0.1,0.115,0.0,0.229,0.99,0.917
2025-10-16 12:00:00,17.94,80.43,0.7,0.61,0.15,0.108,0.0,0.197,0.884,1.065
2025-10-16 13:00:00,19.51,75.42,1.3,0.354,0.247,0.112,0.0,0.147,0.0,0.861
2025-10-16 14:00:00,21.69,70.9,0.5,0.2,0.1,0.082,0.0,0.156,0.0,0.538
2025-10-16 15:00:00,19.79,75.67,0.9,0.274,0.138,0.116,0.0,0.134,0.0,0.662
2025-10-16 16:00:00,20.89,76.44,1.5,0.2,0.254,0.097,0.0,0.187,0.0,0.738
2025-10-16 17:00:00,18.58,73.19,3.4,0.652,0.1,0.116,0.0,1.296,0.0,2.164
2025-10-16 18:00:00,17.99,80.92,3.5,0.895,0.176,0.083,0.0,1.465,0.0,2.619
2025-10-16 19:00:00,19.23,71.46,2.8,0.663,0.219,1.731,0.0,1.163,0.0,3.775
2025-10-16 20:00:00,17.03,78.78,3.3,1.106,0.1,1.604,0.0,1.267,0.0,4.077
2025-10-16 21:00:00,15.35,84.33,2.6,1.784,0.147,1.533,0.0,1.2,0.0,4.664
2025-10-16 22:00:00,15.48,81.56,2.9,1.704,0.227,0.082,0.0,1.267,0.0,3.28
2025-10-16 23:00:00,13.85,83.21,2.9,2.281,0.1,0.108,0.0,1.273,0.0,3.762
2025-10-17 00:00:00,14.29,84.51,0.8,1.801,0.165,0.104,7.791,0.219,0.0,10.08
2025-10-17 01:00:00,10.94,81.62,0.9,2.485,0.235,0.109,7.086,0.198,0.0,10.114
2025-10-17 02:00:00,10.81,91.87,0.8,2.574,0.1,0.109,7.425,0.128,0.0,10.335
2025-10-17 03:00:00,9.67,80.71,0.6,2.725,0.17,0.098,0.0,0.221,0.0,3.213
2025-10-17 04:00:00,11.48,86.79,1.3,2.505,0.22,0.088,0.0,0.222,0.0,3.035
2025-10-17 05:00:00,14.37,86.31,0.9,1.639,0.1,0.117,0.0,0.247,0.0,2.103
2025-10-17 06:00:00,15.91,78.26,2.6,1.625,0.152,2.106,0.0,0.609,0.0,4.492
2025-10-17 07:00:00,16.6,81.92,2.6,1.267,0.264,1.593,0.0,0.66,0.668,3.784
2025-10-17 08:00:00,13.76,75.45,2.5,2.081,0.1,1.894,0.0,0.466,1.457,4.541
2025-10-17 09:00:00,19.37,85.4,2.5,0.501,0.181,0.088,0.0,0.202,1.07,0.973
2025-10-17 10:00:00,16.2,71.31,0.9,1.215,0.225,0.114,0.0,0.131,1.29,1.685
2025-10-17 11:00:00,21.34,72.49,1.6,0.2,0.1,0.084,0.0,0.232,0.99,0.616
2025-10-17 12:00:00,20.23,68.68,1.3,0.201,0.148,0.12,0.0,0.152,0.543,0.62
2025-10-17 13:00:00,22.34,67.42,1.0,0.309,0.241,0.104,0.0,0.229,0.0,0.884
2025-10-17 14:00:00,19.46,81.96,0.8,0.444,0.1,0.081,0.0,0.214,0.0,0.839
2025-10-17 15:00:00,23.04,76.92,1.0,0.473,0.183,0.115,0.0,0.148,0.0,0.919
2025-10-17 16:00:00,18.59,75.51,1.2,0.816,0.273,0.107,0.0,0.197,0.0,1.394
2025-10-17 17:00:00,18.99,72.47,3.6,0.648,0.1,0.108,0.0,1.365,0.0,2.221
2025-10-17 18:00:00,17.46,81.54,2.5,0.979,0.163,0.091,0.0,1.198,0.0,2.432
2025-10-17 19:00:00,15.12,74.33,3.3,1.899,0.23,1.402,7.467,1.36,0.0,12.358
2025-10-17 20:00:00,16.6,83.97,3.5,1.526,0.1,1.749,6.996,1.336,0.0,11.706
2025-10-17 21:00:00,17.87,77.19,2.4,1.026,0.163,1.581,7.269,1.102,0.0,11.141
2025-10-17 22:00:00,17.96,79.78,2.9,0.937,0.239,0.081,6.559,1.298,0.0,9.114
2025-10-17 23:00:00,13.07,88.03,2.6,2.276,0.1,0.093,7.079,1.265,0.0,10.814
2025-10-18 00:00:00,13.6,89.52,2.0,1.99,0.141,0.104,0.0,0.124,0.0,2.359
2025-10-18 01:00:00,11.77,88.78,1.7,2.564,0.254,0.086,0.0,0.198,0.0,3.102
2025-10-18 02:00:00,12.0,80.75,1.7,2.598,0.1,0.084,0.0,0.156,0.0,2.938
2025-10-18 03:00:00,10.91,83.56,1.6,2.877,0.15,0.082,0.0,0.255,0.0,3.365
2025-10-18 04:00:00,12.21,85.98,2.1,2.555,0.235,0.105,0.0,0.272,0.0,3.167
2025-10-18 05:00:00,13.52,80.0,1.9,2.209,0.1,0.093,0.0,0.166,0.0,2.568
2025-10-18 06:00:00,12.88,89.85,3.4,2.886,0.147,1.709,0.0,0.606,0.0,5.347
2025-10-18 07:00:00,14.84,69.54,3.4,2.158,0.227,1.483,0.0,0.681,0.662,4.55
2025-10-18 08:00:00,16.16,76.11,3.5,1.72,0.1,1.971,0.0,0.627,1.169,4.418
2025-10-18 09:00:00,18.78,75.9,3.2,0.64,0.129,0.111,0.0,0.289,0.709,1.169
2025-10-18 10:00:00,17.15,62.78,2.5,1.258,0.235,0.113,0.0,0.218,1.471,1.824
2025-10-18 11:00:00,19.71,68.78,1.3,0.386,0.1,0.106,0.0,0.269,1.107,0.861
2025-10-18 12:00:00,23.45,77.93,1.1,0.865,0.172,0.111,0.0,0.266,0.738,1.414
2025-10-18 13:00:00,22.83,74.36,1.1,0.72,0.209,0.103,0.0,0.26,0.0,1.292
2025-10-18 14:00:00,23.27,81.87,1.0,0.765,0.1,0.1,0.0,0.199,0.0,1.164
2025-10-18 15:00:00,21.12,81.93,2.1,0.2,0.156,0.09,0.0,0.165,0.0,0.611
2025-10-18 16:00:00,21.06,76.97,2.0,0.2,0.214,0.082,0.0,0.136,0.0,0.633
2025-10-18 17:00:00,21.29,77.32,4.0,0.2,0.1,0.092,0.0,1.47,0.0,1.861
2025-10-18 18:00:00,21.09,77.33,3.4,0.2,0.112,0.107,0.0,1.374,0.0,1.794
2025-10-18 19:00:00,14.62,65.17,4.0,2.275,0.204,1.756,0.0,1.453,0.0,5.688
2025-10-18 20:00:00,14.28,73.03,3.8,2.351,0.1,1.354,0.0,1.345,0.0,5.15
2025-10-18 21:00:00,16.92,82.06,3.9,1.514,0.136,1.602,0.0,1.379,0.0,4.631
2025-10-18 22:00:00,13.34,86.08,4.0,2.785,0.247,0.099,0.0,1.444,0.0,4.575
2025-10-18 23:00:00,11.71,85.69,3.5,3.111,0.1,0.105,0.0,1.329,0.0,4.645
2025-10-19 00:00:00,9.83,80.73,2.8,3.416,0.15,0.08,6.659,0.196,0.0,10.502
2025-10-19 01:00:00,10.38,90.48,2.3,3.191,0.244,0.085,7.825,0.172,0.0,11.516
2025-10-19 02:00:00,8.94,93.41,1.6,3.509,0.1,0.089,7.241,0.191,0.0,11.13
2025-10-19 03:00:00,14.35,90.49,1.4,1.794,0.176,0.116,0.0,0.181,0.0,2.266
2025-10-19 04:00:00,11.68,90.14,1.8,2.563,0.235,0.082,0.0,0.162,0.0,3.041
2025-10-19 05:00:00,12.42,81.45,1.9,2.47,0.1,0.103,0.0,0.207,0.0,2.88
2025-10-19 06:00:00,14.43,88.38,3.7,2.313,0.159,2.109,0.0,0.711,0.0,5.292
2025-10-19 07:00:00,16.2,82.28,2.8,1.564,0.222,1.909,0.0,0.644,0.702,4.34
2025-10-19 08:00:00,17.47,82.56,3.4,1.313,0.1,1.789,0.0,0.625,1.183,3.827
2025-10-19 09:00:00,18.95,80.27,2.7,0.671,0.147,0.095,0.0,0.215,1.359,1.129
2025-10-19 10:00:00,17.6,76.39,2.0,1.102,0.251,0.105,0.0,0.21,1.166,1.668
2025-10-19 11:00:00,19.14,71.46,1.8,0.541,0.1,0.099,0.0,0.209,1.24,0.95
2025-10-19 12:00:00,21.53,74.39,2.6,0.357,0.129,0.108,0.0,0.16,0.745,0.755
2025-10-19 13:00:00,20.08,79.14,1.2,0.358,0.244,0.105,0.0,0.168,0.0,0.875
2025-10-19 14:00:00,21.04,71.79,2.3,0.2,0.1,0.103,0.0,0.25,0.0,0.653
2025-10-19 15:00:00,21.47,78.67,1.1,0.234,0.114,0.118,0.0,0.154,0.0,0.62
2025-10-19 16:00:00,21.55,78.49,1.3,0.415,0.241,0.113,0.0,0.206,0.0,0.975
2025-10-19 17:00:00,16.92,74.26,3.1,1.428,0.1,0.104,0.0,1.301,0.0,2.934
2025-10-19 18:00:00,19.62,83.94,3.9,0.397,0.157,0.102,0.0,1.401,0.0,2.056
2025-10-19 19:00:00,16.99,76.67,3.3,1.348,0.22,1.634,7.432,1.396,0.0,12.03
2025-10-19 20:00:00,17.11,87.55,3.3,1.249,0.1,1.682,6.878,1.307,0.0,11.215
2025-10-19 21:00:00,15.92,83.72,3.9,1.976,0.174,1.377,7.591,1.41,0.0,12.528
2025-10-19 22:00:00,15.96,82.92,4.0,1.897,0.253,0.107,7.076,1.413,0.0,10.746
2025-10-19 23:00:00,14.54,79.8,3.8,2.438,0.1,0.085,7.054,1.485,0.0,11.161
2025-10-20 00:00:00,13.53,84.75,0.9,1.797,0.159,0.097,7.555,0.248,0.0,9.856
2025-10-20 01:00:00,13.18,84.78,1.7,2.278,0.253,0.118,7.092,0.259,0.0,10.0
2025-10-20 02:00:00,11.28,79.71,1.1,2.341,0.1,0.093,7.508,0.225,0.0,10.268
2025-10-20 03:00:00,11.06,84.71,1.3,2.461,0.126,0.086,0.0,0.145,0.0,2.818
2025-10-20 04:00:00,12.82,81.18,1.1,2.045,0.243,0.086,0.0,0.159,0.0,2.532
2025-10-20 05:00:00,13.41,87.17,0.6,1.963,0.1,0.096,0.0,0.128,0.0,2.287
2025-10-20 06:00:00,12.88,89.53,2.7,2.416,0.162,1.602,0.0,0.669,0.0,4.849
2025-10-20 07:00:00,15.16,75.42,2.2,1.716,0.238,1.747,0.0,0.696,0.304,4.397
2025-10-20 08:00:00,15.79,88.56,2.5,1.689,0.1,1.958,0.0,0.631,0.74,4.377
2025-10-20 09:00:00,15.86,77.8,2.6,1.661,0.146,0.116,0.0,0.312,1.291,2.235
2025-10-20 10:00:00,20.28,72.12,0.2,0.386,0.257,0.084,0.0,0.18,1.148,0.907
2025-10-20 11:00:00,19.46,79.55,0.4,0.357,0.1,0.111,0.0,0.177,0.966,0.744
2025-10-20 12:00:00,23.25,72.57,1.4,0.713,0.124,0.084,0.0,0.162,0.655,1.083
2025-10-20 13:00:00,18.23,73.8,0.7,0.566,0.259,0.095,0.0,0.203,0.0,1.123
2025-10-20 14:00:00,20.01,71.98,0.8,0.206,0.108,0.12,0.0,0.218,0.0,0.652
2025-10-20 15:00:00,20.72,70.12,1.1,0.2,0.161,0.083,0.0,0.235,0.0,0.678
2025-10-20 16:00:00,21.88,78.42,0.8,0.2,0.256,0.081,0.0,0.181,0.0,0.718
2025-10-20 17:00:00,19.98,74.33,3.2,0.528,0.1,0.093,0.0,1.317,0.0,2.038
2025-10-20 18:00:00,18.81,69.82,3.0,0.702,0.14,0.118,0.0,1.274,0.0,2.234
2025-10-20 19:00:00,15.45,81.2,3.1,2.045,0.232,1.212,6.949,1.264,0.0,11.703
2025-10-20 20:00:00,14.11,73.97,2.7,2.051,0.1,1.334,6.582,1.279,0.0,11.346
2025-10-20 21:00:00,15.03,75.79,3.1,1.876,0.124,1.562,6.753,1.198,0.0,11.513
2025-10-20 22:00:00,11.3,88.96,3.4,3.159,0.233,0.089,7.427,1.267,0.0,12.176
2025-10-20 23:00:00,11.51,78.26,2.8,2.892,0.1,0.082,7.623,1.216,0.0,11.914
2025-10-21 00:00:00,12.06,73.61,1.4,2.457,0.124,0.082,0.0,0.127,0.0,2.79
2025-10-21 01:00:00,9.34,88.91,1.0,2.999,0.24,0.102,0.0,0.234,0.0,3.576
2025-10-21 02:00:00,13.05,84.48,1.3,2.177,0.1,0.102,0.0,0.167,0.0,2.546
2025-10-21 03:00:00,12.65,84.71,1.1,2.262,0.144,0.108,0.0,0.225,0.0,2.74
2025-10-21 04:00:00,8.95,83.62,1.0,3.153,0.247,0.085,0.0,0.245,0.0,3.73
2025-10-21 05:00:00,10.71,85.4,1.1,2.551,0.1,0.1,0.0,0.187,0.0,2.938
2025-10-21 06:00:00,9.71,79.24,3.0,3.543,0.143,1.873,0.0,0.655,0.0,6.214
2025-10-21 07:00:00,13.17,88.93,2.6,2.405,0.258,1.6,0.0,0.669,0.539,4.931
2025-10-21 08:00:00,16.79,72.62,2.7,1.673,0.1,1.834,0.0,0.665,1.045,4.272
2025-10-21 09:00:00,16.31,80.67,2.4,1.472,0.181,0.108,0.0,0.117,1.028,1.879
2025-10-21 10:00:00,18.83,80.21,1.6,0.604,0.235,0.12,0.0,0.178,1.204,1.138
2025-10-21 11:00:00,16.89,71.96,1.3,1.141,0.1,0.104,0.0,0.213,0.818,1.559
2025-10-21 12:00:00,21.17,69.69,1.0,0.2,0.146,0.114,0.0,0.192,0.616,0.652
2025-10-21 13:00:00,19.64,79.29,1.0,0.369,0.26,0.113,0.0,0.129,0.0,0.871
2025-10-21 14:00:00,20.66,69.05,1.4,0.2,0.1,0.118,0.0,0.106,0.0,0.524
2025-10-21 15:00:00,20.33,71.17,0.8,0.2,0.148,0.109,0.0,0.203,0.0,0.66
2025-10-21 16:00:00,18.06,79.24,0.3,0.598,0.276,0.089,0.0,0.116,0.0,1.079
2025-10-21 17:00:00,17.45,75.93,3.0,1.129,0.1,0.092,0.0,1.278,0.0,2.599
2025-10-21 18:00:00,19.59,68.01,3.5,0.439,0.157,0.111,0.0,1.363,0.0,2.071
2025-10-21 19:00:00,17.53,87.18,3.6,1.043,0.235,1.512,0.0,1.374,0.0,4.165
2025-10-21 20:00:00,17.21,77.35,3.0,1.145,0.1,1.351,0.0,1.227,0.0,3.822
2025-10-21 21:00:00,14.83,79.54,3.0,1.832,0.131,1.594,0.0,1.279,0.0,4.835
2025-10-21 22:00:00,13.35,84.28,3.2,2.368,0.223,0.116,0.0,1.286,0.0,3.993
2025-10-21 23:00:00,9.52,87.37,2.9,3.509,0.1,0.094,0.0,1.346,0.0,5.05
2025-10-22 00:00:00,10.7,95.0,1.2,2.771,0.16,0.104,6.778,0.197,0.0,10.01
2025-10-22 01:00:00,10.57,77.5,1.0,2.777,0.254,0.103,7.199,0.307,0.0,10.64
2025-10-22 02:00:00,13.37,90.13,1.4,1.879,0.1,0.085,7.651,0.126,0.0,9.842
2025-10-22 03:00:00,11.64,89.51,1.3,2.616,0.126,0.084,0.0,0.174,0.0,2.999
2025-10-22 04:00:00,13.41,84.51,1.3,1.888,0.248,0.116,0.0,0.175,0.0,2.426
2025-10-22 05:00:00,12.8,88.18,0.9,2.127,0.1,0.117,0.0,0.139,0.0,2.483
2025-10-22 06:00:00,11.87,87.67,3.3,3.02,0.121,2.091,0.0,0.644,0.0,5.875
2025-10-22 07:00:00,14.32,74.64,2.7,2.127,0.254,1.726,0.0,0.591,0.381,4.698
2025-10-22 08:00:00,15.79,88.75,2.6,1.476,0.1,1.647,0.0,0.559,1.09,3.782
2025-10-22 09:00:00,15.32,70.65,2.2,1.479,0.165,0.118,0.0,0.306,1.676,2.067
2025-10-22 10:00:00,17.36,71.32,1.0,0.836,0.22,0.115,0.0,0.175,1.186,1.345
2025-10-22 11:00:00,18.66,74.45,1.0,0.637,0.1,0.113,0.0,0.228,1.143,1.078
2025-10-22 12:00:00,22.18,84.43,0.7,0.559,0.144,0.093,0.0,0.22,0.621,1.016
2025-10-22 13:00:00,17.15,72.66,0.9,0.857,0.231,0.106,0.0,0.248,0.0,1.442
2025-10-22 14:00:00,22.25,73.84,0.9,0.388,0.1,0.11,0.0,0.129,0.0,0.727
2025-10-22 15:00:00,18.86,81.36,1.0,0.468,0.142,0.103,0.0,0.244,0.0,0.957
2025-10-22 16:00:00,17.71,73.3,0.3,0.754,0.27,0.104,0.0,0.155,0.0,1.284
2025-10-22 17:00:00,20.74,69.87,2.9,0.2,0.1,0.11,0.0,1.373,0.0,1.783
2025-10-22 18:00:00,19.04,74.91,2.8,0.767,0.133,0.111,0.0,1.282,0.0,2.293
2025-10-22 19:00:00,18.61,85.3,3.0,0.763,0.228,1.344,7.428,1.221,0.0,10.984
2025-10-22 20:00:00,16.64,80.35,3.4,1.543,0.1,1.434,6.702,1.409,0.0,11.188
2025-10-22 21:00:00,17.23,91.21,3.8,1.28,0.164,1.669,6.552,1.469,0.0,11.135
2025-10-22 22:00:00,13.78,86.69,3.3,2.388,0.254,0.09,7.887,1.259,0.0,11.878
2025-10-22 23:00:00,11.67,81.02,2.5,2.938,0.1,0.117,6.828,1.238,0.0,11.221
2025-10-23 00:00:00,11.42,85.45,0.9,2.393,0.16,0.114,0.0,0.256,0.0,2.922
2025-10-23 01:00:00,12.27,81.53,1.2,2.294,0.202,0.116,0.0,0.211,0.0,2.823
2025-10-23 02:00:00,9.07,82.66,1.2,3.016,0.1,0.092,0.0,0.137,0.0,3.345
2025-10-23 03:00:00,9.43,95.0,1.4,3.025,0.173,0.084,0.0,0.242,0.0,3.524
2025-10-23 04:00:00,10.44,90.29,1.0,2.556,0.258,0.084,0.0,0.212,0.0,3.111
2025-10-23 05:00:00,8.54,88.55,0.9,3.018,0.1,0.102,0.0,0.164,0.0,3.384
2025-10-23 06:00:00,12.94,79.88,3.2,2.749,0.134,1.66,0.0,0.633,0.0,5.175
2025-10-23 07:00:00,11.11,89.4,2.5,3.179,0.23,1.63,0.0,0.635,0.566,5.674
2025-10-23 08:00:00,15.32,85.5,2.1,1.518,0.1,1.6,0.0,0.522,1.47,3.74
2025-10-23 09:00:00,17.83,87.86,3.1,1.061,0.13,0.102,0.0,0.253,1.336,1.545
2025-10-23 10:00:00,17.02,86.17,0.4,0.896,0.242,0.102,0.0,0.222,1.627,1.462
2025-10-23 11:00:00,21.29,68.36,0.0,0.22,0.107,0.097,0.0,0.226,1.09,0.65
2025-10-23 12:00:00,17.38,69.25,1.3,0.967,0.14,0.086,0.0,0.163,0.448,1.356
2025-10-23 13:00:00,21.85,69.19,1.4,0.287,0.263,0.117,0.0,0.112,0.0,0.778
2025-10-23 14:00:00,21.25,69.28,1.2,0.2,0.1,0.097,0.0,0.15,0.0,0.547
2025-10-23 15:00:00,17.49,75.82,0.5,0.674,0.119,0.085,0.0,0.205,0.0,1.083
2025-10-23 16:00:00,23.63,71.97,1.0,0.921,0.256,0.081,0.0,0.142,0.0,1.401
2025-10-23 17:00:00,18.68,86.12,2.9,0.768,0.1,0.086,0.0,1.316,0.0,2.27
2025-10-23 18:00:00,16.42,86.52,2.8,1.466,0.175,0.092,0.0,1.208,0.0,2.942
2025-10-23 19:00:00,14.42,78.41,3.6,2.162,0.266,1.578,0.0,1.343,0.0,5.348
2025-10-23 20:00:00,14.91,89.78,2.6,1.845,0.1,1.783,0.0,1.204,0.0,4.932
2025-10-23 21:00:00,13.75,88.99,3.1,2.422,0.177,1.363,0.0,1.347,0.0,5.309
2025-10-23 22:00:00,12.89,80.75,3.5,2.813,0.219,0.112,0.0,1.277,0.0,4.421
2025-10-23 23:00:00,11.25,74.2,3.2,3.04,0.1,0.116,0.0,1.318,0.0,4.575
2025-10-24 00:00:00,11.66,84.11,1.5,2.454,0.171,0.096,7.906,0.208,0.0,10.835
2025-10-24 01:00:00,9.62,82.57,1.2,2.824,0.206,0.09,6.945,0.137,0.0,10.201
2025-10-24 02:00:00,7.13,87.03,1.2,3.607,0.1,0.1,6.576,0.203,0.0,10.585
2025-10-24 03:00:00,9.98,86.24,1.1,2.929,0.175,0.116,0.0,0.175,0.0,3.396
2025-10-24 04:00:00,7.15,85.51,1.2,3.587,0.263,0.08,0.0,0.131,0.0,4.061
2025-10-24 05:00:00,12.03,86.86,0.8,2.157,0.1,0.099,0.0,0.172,0.0,2.528
2025-10-24 06:00:00,11.07,76.94,2.0,2.801,0.17,1.985,0.0,0.506,0.0,5.462
2025-10-24 07:00:00,13.99,83.61,2.9,2.44,0.214,1.873,0.0,0.599,0.674,5.126
2025-10-24 08:00:00,17.01,77.8,3.0,1.388,0.1,1.798,0.0,0.681,1.009,3.968
2025-10-24 09:00:00,14.91,79.45,2.6,1.937,0.155,0.102,0.0,0.212,1.531,2.406
2025-10-24 10:00:00,19.13,81.79,0.8,0.492,0.244,0.105,0.0,0.216,0.56,1.057
2025-10-24 11:00:00,17.92,69.64,0.4,0.714,0.1,0.107,0.0,0.153,0.664,1.075
2025-10-24 12:00:00,22.0,73.4,1.0,0.231,0.187,0.094,0.0,0.133,0.74,0.646
2025-10-24 13:00:00,19.32,73.61,0.5,0.29,0.199,0.101,0.0,0.188,0.0,0.777
2025-10-24 14:00:00,18.77,71.43,0.4,0.462,0.1,0.091,0.0,0.19,0.0,0.843
2025-10-24 15:00:00,20.9,78.7,1.0,0.2,0.154,0.119,0.0,0.118,0.0,0.592
2025-10-24 16:00:00,18.71,71.2,0.7,0.495,0.202,0.087,0.0,0.228,0.0,1.012
2025-10-24 17:00:00,17.31,72.98,3.1,1.184,0.1,0.086,0.0,1.378,0.0,2.748
2025-10-24 18:00:00,16.82,73.45,2.9,1.322,0.135,0.091,0.0,1.301,0.0,2.85
2025-10-24 19:00:00,16.26,83.91,2.8,1.411,0.239,1.752,7.14,1.245,0.0,11.787
2025-10-24 20:00:00,17.05,77.54,2.3,1.221,0.1,1.595,7.588,1.271,0.0,11.776
2025-10-24 21:00:00,10.84,83.85,2.7,3.108,0.121,1.474,7.513,1.252,0.0,13.467
2025-10-24 22:00:00,12.57,92.88,2.7,2.62,0.215,0.117,7.195,1.238,0.0,11.385
2025-10-24 23:00:00,12.44,83.87,2.5,2.518,0.1,0.116,7.516,1.287,0.0,11.537
2025-10-25 00:00:00,10.8,90.76,1.7,2.876,0.149,0.096,0.0,0.28,0.0,3.401
2025-10-25 01:00:00,11.97,94.15,1.3,2.332,0.183,0.103,0.0,0.118,0.0,2.736
2025-10-25 02:00:00,9.72,91.14,1.7,3.287,0.1,0.116,0.0,0.177,0.0,3.68
2025-10-25 03:00:00,9.73,85.71,1.9,3.162,0.149,0.093,0.0,0.236,0.0,3.641
2025-10-25 04:00:00,11.39,88.41,1.5,2.57,0.241,0.096,0.0,0.255,0.0,3.162
2025-10-25 05:00:00,11.45,77.81,2.0,2.781,0.1,0.112,0.0,0.151,0.0,3.144
2025-10-25 06:00:00,11.75,79.1,2.8,2.957,0.149,1.943,0.0,0.666,0.0,5.715
2025-10-25 07:00:00,14.32,78.53,2.9,2.192,0.22,1.475,0.0,0.608,0.701,4.495
2025-10-25 08:00:00,13.86,91.2,3.3,2.516,0.1,1.525,0.0,0.696,0.704,4.837
2025-10-25 09:00:00,15.21,74.38,3.6,2.022,0.16,0.114,0.0,0.229,1.243,2.525
2025-10-25 10:00:00,16.54,72.86,2.1,1.289,0.245,0.081,0.0,0.1,0.53,1.715
2025-10-25 11:00:00,20.4,70.54,2.4,0.2,0.1,0.117,0.0,0.135,0.888,0.552
2025-10-25 12:00:00,14.33,77.6,1.6,1.816,0.194,0.091,0.0,0.143,0.67,2.244
2025-10-25 13:00:00,20.26,74.92,1.7,0.354,0.214,0.104,0.0,0.173,0.0,0.845
2025-10-25 14:00:00,19.89,79.43,1.4,0.2,0.1,0.103,0.0,0.191,0.0,0.594
2025-10-25 15:00:00,17.14,77.56,1.3,0.932,0.165,0.096,0.0,0.163,0.0,1.355
2025-10-25 16:00:00,19.63,67.9,1.9,0.365,0.234,0.081,0.0,0.204,0.0,0.885
2025-10-25 17:00:00,19.09,71.72,3.5,0.559,0.1,0.088,0.0,1.334,0.0,2.08
2025-10-25 18:00:00,18.22,83.83,4.0,0.938,0.146,0.105,0.0,1.44,0.0,2.628
2025-10-25 19:00:00,12.15,77.43,3.2,3.066,0.261,1.468,0.0,1.361,0.0,6.156
2025-10-25 20:00:00,16.89,85.94,4.0,1.418,0.1,1.448,0.0,1.438,0.0,4.404
2025-10-25 21:00:00,12.44,80.8,3.4,2.886,0.154,1.259,0.0,1.371,0.0,5.669
2025-10-25 22:00:00,13.37,78.16,3.5,2.388,0.198,0.094,0.0,1.391,0.0,4.072
2025-10-25 23:00:00,12.41,82.73,4.0,2.913,0.1,0.101,0.0,1.432,0.0,4.546
2025-10-26 00:00:00,8.99,80.36,1.5,3.341,0.155,0.083,7.868,0.106,0.0,11.553
2025-10-26 01:00:00,10.8,82.97,1.6,2.948,0.225,0.083,6.783,0.21,0.0,10.249
2025-10-26 02:00:00,9.06,87.0,1.5,3.23,0.1,0.1,6.914,0.161,0.0,10.504
2025-10-26 03:00:00,6.7,88.35,2.5,4.302,0.12,0.102,0.0,0.269,0.0,4.793
2025-10-26 04:00:00,12.06,77.25,1.6,2.475,0.257,0.09,0.0,0.265,0.0,3.087
2025-10-26 05:00:00,9.94,84.16,1.8,2.838,0.1,0.093,0.0,0.192,0.0,3.223
2025-10-26 06:00:00,10.86,80.07,3.2,3.332,0.16,2.014,0.0,0.666,0.0,6.172
2025-10-26 07:00:00,12.74,78.31,3.4,2.637,0.217,2.066,0.0,0.704,0.688,5.624
2025-10-26 08:00:00,15.05,80.66,3.1,1.989,0.107,1.674,0.0,0.604,1.284,4.375
2025-10-26 09:00:00,15.85,75.69,3.2,1.462,0.181,0.094,0.0,0.247,1.047,1.985
2025-10-26 10:00:00,17.96,83.91,2.0,0.803,0.278,0.113,0.0,0.131,1.261,1.325
2025-10-26 11:00:00,16.16,81.7,1.5,1.292,0.107,0.119,0.0,0.246,1.33,1.764
2025-10-26 12:00:00,17.85,80.71,2.2,0.848,0.137,0.093,0.0,0.301,0.551,1.38
2025-10-26 13:00:00,19.29,71.73,2.3,0.466,0.219,0.112,0.0,0.223,0.0,1.02
2025-10-26 14:00:00,22.48,69.19,2.0,0.633,0.104,0.099,0.0,0.174,0.0,1.01
2025-10-26 15:00:00,19.3,74.61,1.8,0.475,0.147,0.091,0.0,0.218,0.0,0.931
2025-10-26 16:00:00,20.6,74.05,0.6,0.2,0.253,0.107,0.0,0.104,0.0,0.665
2025-10-26 17:00:00,18.23,72.71,4.0,1.066,0.1,0.099,0.0,1.413,0.0,2.678
2025-10-26 18:00:00,16.41,71.12,3.6,1.586,0.138,0.091,0.0,1.362,0.0,3.177
2025-10-26 19:00:00,15.56,78.24,3.7,1.89,0.253,1.264,7.302,1.366,0.0,12.076
2025-10-26 20:00:00,14.38,77.98,3.0,2.03,0.1,1.72,7.803,1.298,0.0,12.95
2025-10-26 21:00:00,14.25,84.99,4.0,2.121,0.166,1.727,6.676,1.461,0.0,12.151
2025-10-26 22:00:00,14.2,86.33,3.2,2.128,0.247,0.083,7.282,1.316,0.0,11.057
2025-10-26 23:00:00,11.64,89.75,3.8,3.146,0.1,0.107,7.285,1.461,0.0,12.098
2025-10-27 00:00:00,11.89,78.9,1.4,2.352,0.15,0.087,7.721,0.21,0.0,10.521
2025-10-27 01:00:00,8.16,87.8,0.8,3.084,0.24,0.106,6.971,0.15,0.0,10.551
2025-10-27 02:00:00,8.82,82.36,1.5,3.289,0.1,0.116,7.058,0.189,0.0,10.752
2025-10-27 03:00:00,8.52,79.69,0.7,3.122,0.164,0.09,0.0,0.167,0.0,3.543
2025-10-27 04:00:00,10.58,83.05,1.2,2.826,0.22,0.094,0.0,0.168,0.0,3.308
2025-10-27 05:00:00,10.37,89.59,0.5,2.591,0.117,0.112,0.0,0.19,0.0,3.01
2025-10-27 06:00:00,13.03,81.14,2.9,2.428,0.146,1.969,0.0,0.526,0.0,5.07
2025-10-27 07:00:00,11.75,89.38,2.9,2.911,0.234,1.734,0.0,0.63,0.68,5.509
2025-10-27 08:00:00,14.5,82.74,2.7,2.162,0.102,2.051,0.0,0.63,1.219,4.945
2025-10-27 09:00:00,16.76,76.48,2.3,1.101,0.113,0.117,0.0,0.25,0.534,1.581
2025-10-27 10:00:00,13.84,82.8,0.4,1.813,0.275,0.098,0.0,0.219,1.14,2.405
2025-10-27 11:00:00,21.16,77.98,0.8,0.2,0.1,0.082,0.0,0.168,1.143,0.55
2025-10-27 12:00:00,18.34,70.14,1.4,0.74,0.139,0.1,0.0,0.235,0.185,1.215
2025-10-27 13:00:00,16.23,83.5,1.1,1.256,0.214,0.11,0.0,0.212,0.0,1.792
2025-10-27 14:00:00,19.68,75.3,0.4,0.327,0.1,0.089,0.0,0.175,0.0,0.69
2025-10-27 15:00:00,19.32,74.3,0.6,0.623,0.143,0.084,0.0,0.1,0.0,0.95
2025-10-27 16:00:00,18.65,70.53,1.5,0.604,0.242,0.091,0.0,0.25,0.0,1.187
2025-10-27 17:00:00,19.46,81.66,3.2,0.337,0.1,0.08,0.0,1.316,0.0,1.833
2025-10-27 18:00:00,18.06,79.59,2.5,0.925,0.155,0.109,0.0,1.188,0.0,2.378
2025-10-27 19:00:00,16.18,81.59,2.3,1.408,0.226,1.288,6.912,1.109,0.0,10.943
2025-10-27 20:00:00,15.11,77.46,2.7,1.884,0.1,1.634,7.324,1.118,0.0,12.06
2025-10-27 21:00:00,12.99,85.72,2.3,2.448,0.203,1.341,7.858,1.257,0.0,13.107
2025-10-27 22:00:00,14.6,87.56,2.9,2.024,0.266,0.12,6.883,1.285,0.0,10.579
2025-10-27 23:00:00,8.69,80.9,4.0,4.371,0.1,0.101,7.435,1.382,0.0,13.388
2025-10-28 00:00:00,10.12,78.11,0.4,2.537,0.16,0.082,0.0,0.1,0.0,2.879
2025-10-28 01:00:00,9.51,88.7,0.9,3.058,0.248,0.111,0.0,0.164,0.0,3.58
2025-10-28 02:00:00,10.46,78.13,1.5,2.811,0.1,0.096,0.0,0.236,0.0,3.244
2025-10-28 03:00:00,8.15,86.56,1.3,3.31,0.143,0.104,0.0,0.221,0.0,3.778
2025-10-28 04:00:00,7.3,82.96,0.9,3.528,0.217,0.118,0.0,0.212,0.0,4.076
2025-10-28 05:00:00,10.94,90.34,0.9,2.432,0.1,0.101,0.0,0.134,0.0,2.767
2025-10-28 06:00:00,12.16,81.04,2.0,2.577,0.158,2.019,0.0,0.554,0.0,5.308
2025-10-28 07:00:00,15.18,87.09,2.4,1.722,0.214,1.658,0.0,0.598,0.543,4.192
2025-10-28 08:00:00,12.34,77.43,2.6,2.638,0.1,1.954,0.0,0.605,1.019,5.298
2025-10-28 09:00:00,17.27,83.45,2.9,1.427,0.187,0.084,0.0,0.266,1.173,1.963
2025-10-28 10:00:00,20.29,87.3,0.8,0.296,0.223,0.116,0.0,0.251,0.656,0.886
2025-10-28 11:00:00,17.21,70.42,0.9,1.051,0.1,0.088,0.0,0.188,1.035,1.427
2025-10-28 12:00:00,16.64,76.26,0.6,1.102,0.151,0.092,0.0,0.139,0.538,1.484
2025-10-28 13:00:00,18.46,87.95,1.1,0.581,0.25,0.118,0.0,0.11,0.0,1.059
2025-10-28 14:00:00,19.26,74.33,1.3,0.483,0.1,0.086,0.0,0.198,0.0,0.868
2025-10-28 15:00:00,19.92,74.51,1.3,0.341,0.173,0.09,0.0,0.155,0.0,0.759
2025-10-28 16:00:00,17.69,78.75,0.5,0.807,0.242,0.103,0.0,0.187,0.0,1.34
2025-10-28 17:00:00,20.11,75.96,3.1,0.295,0.1,0.119,0.0,1.308,0.0,1.822
2025-10-28 18:00:00,15.07,68.46,2.7,1.799,0.136,0.108,0.0,1.315,0.0,3.357
2025-10-28 19:00:00,12.93,84.11,3.4,2.71,0.212,1.269,0.0,1.355,0.0,5.546
2025-10-28 20:00:00,15.9,69.99,2.9,1.563,0.1,1.649,0.0,1.292,0.0,4.604
2025-10-28 21:00:00,9.54,79.47,2.4,3.497,0.123,1.456,0.0,1.15,0.0,6.226
2025-10-28 22:00:00,11.44,89.04,2.9,2.821,0.245,0.12,0.0,1.194,0.0,4.38
2025-10-28 23:00:00,15.38,82.46,3.2,1.961,0.1,0.105,0.0,1.363,0.0,3.53
2025-10-29 00:00:00,9.7,81.73,1.1,2.764,0.141,0.101,6.905,0.243,0.0,10.155
2025-10-29 01:00:00,7.54,90.19,0.8,3.209,0.231,0.102,7.614,0.157,0.0,11.313
2025-10-29 02:00:00,8.96,81.74,0.8,2.994,0.1,0.106,6.631,0.1,0.0,9.931
2025-10-29 03:00:00,9.14,79.68,0.6,2.9,0.144,0.109,0.0,0.236,0.0,3.389
2025-10-29 04:00:00,9.96,86.57,0.8,2.944,0.237,0.083,0.0,0.235,0.0,3.498
2025-10-29 05:00:00,11.5,83.33,0.7,2.325,0.1,0.085,0.0,0.164,0.0,2.674
2025-10-29 06:00:00,9.99,76.78,2.9,3.468,0.129,1.656,0.0,0.684,0.0,5.938
2025-10-29 07:00:00,15.28,84.74,2.1,1.68,0.244,1.784,0.0,0.569,0.546,4.277
2025-10-29 08:00:00,14.41,82.32,2.5,2.162,0.1,1.664,0.0,0.615,0.813,4.54
2025-10-29 09:00:00,16.43,76.65,2.5,1.628,0.15,0.089,0.0,0.144,0.67,2.01
2025-10-29 10:00:00,15.6,75.54,1.4,1.414,0.227,0.117,0.0,0.252,1.422,2.01
2025-10-29 11:00:00,19.51,78.11,1.4,0.452,0.1,0.081,0.0,0.105,1.345,0.739
2025-10-29 12:00:00,17.99,80.76,1.3,0.781,0.188,0.118,0.0,0.274,0.687,1.361
2025-10-29 13:00:00,19.29,72.79,1.1,0.43,0.238,0.116,0.0,0.275,0.0,1.06
2025-10-29 14:00:00,17.65,77.27,0.6,0.99,0.1,0.107,0.0,0.1,0.0,1.297
2025-10-29 15:00:00,17.38,77.03,0.6,0.772,0.192,0.081,0.0,0.245,0.0,1.291
2025-10-29 16:00:00,19.41,79.2,0.7,0.2,0.241,0.089,0.0,0.158,0.0,0.688
2025-10-29 17:00:00,16.92,75.95,3.3,1.375,0.114,0.119,0.0,1.349,0.0,2.957
2025-10-29 18:00:00,15.27,72.44,3.0,1.955,0.122,0.116,0.0,1.214,0.0,3.407
2025-10-29 19:00:00,14.38,76.13,3.3,2.211,0.232,1.779,7.011,1.319,0.0,12.552
2025-10-29 20:00:00,15.1,81.71,3.4,2.012,0.1,1.798,7.31,1.285,0.0,12.505
2025-10-29 21:00:00,11.81,90.65,2.7,2.919,0.148,1.238,6.792,1.194,0.0,12.291
2025-10-29 22:00:00,11.37,80.58,3.0,3.087,0.234,0.103,7.397,1.343,0.0,12.164
2025-10-29 23:00:00,10.53,88.27,3.0,3.392,0.1,0.113,6.672,1.329,0.0,11.607
2025-10-30 00:00:00,6.65,83.56,0.9,3.623,0.151,0.093,0.0,0.217,0.0,4.084
2025-10-30 01:00:00,6.82,86.35,0.8,3.292,0.228,0.097,0.0,0.147,0.0,3.765
2025-10-30 02:00:00,9.36,93.58,1.5,3.139,0.1,0.091,0.0,0.16,0.0,3.49
2025-10-30 03:00:00,7.92,89.62,1.0,3.162,0.135,0.082,0.0,0.1,0.0,3.478
2025-10-30 04:00:00,11.11,78.99,1.0,2.501,0.265,0.083,0.0,0.214,0.0,3.063
2025-10-30 05:00:00,11.77,81.38,0.7,2.189,0.1,0.081,0.0,0.267,0.0,2.637
2025-10-30 06:00:00,12.43,89.28,2.8,2.772,0.154,1.82,0.0,0.694,0.0,5.44
2025-10-30 07:00:00,15.29,82.26,2.1,1.676,0.213,1.885,0.0,0.569,0.456,4.344
2025-10-30 08:00:00,13.73,74.26,2.7,2.291,0.1,1.662,0.0,0.639,1.204,4.692
2025-10-30 09:00:00,16.12,74.35,2.7,1.488,0.135,0.113,0.0,0.243,1.554,1.98
2025-10-30 10:00:00,15.48,80.52,0.8,1.473,0.234,0.116,0.0,0.221,1.129,2.043
2025-10-30 11:00:00,21.07,80.73,1.1,0.2,0.1,0.086,0.0,0.271,1.05,0.657
2025-10-30 12:00:00,21.16,74.89,1.1,0.2,0.128,0.082,0.0,0.154,0.651,0.564
2025-10-30 13:00:00,18.7,86.58,1.0,0.709,0.228,0.093,0.0,0.153,0.0,1.183
2025-10-30 14:00:00,19.43,78.12,1.0,0.353,0.1,0.109,0.0,0.166,0.0,0.728
2025-10-30 15:00:00,20.72,72.99,1.0,0.2,0.129,0.1,0.0,0.179,0.0,0.609
2025-10-30 16:00:00,17.96,70.73,1.1,0.919,0.259,0.1,0.0,0.218,0.0,1.496
2025-10-30 17:00:00,16.4,70.88,3.0,1.578,0.1,0.086,0.0,1.28,0.0,3.044
2025-10-30 18:00:00,17.66,78.68,2.6,1.087,0.151,0.094,0.0,1.167,0.0,2.499
2025-10-30 19:00:00,15.26,76.0,2.9,1.828,0.271,1.775,0.0,1.228,0.0,5.102
2025-10-30 20:00:00,14.13,88.37,3.1,2.383,0.1,1.404,0.0,1.238,0.0,5.125
2025-10-30 21:00:00,11.31,88.88,3.0,3.23,0.159,1.555,0.0,1.281,0.0,6.225
2025-10-30 22:00:00,8.78,86.17,3.4,4.208,0.236,0.082,0.0,1.393,0.0,5.919
2025-10-30 23:00:00,10.67,78.35,3.2,3.449,0.1,0.083,0.0,1.341,0.0,4.972
2025-10-31 00:00:00,10.69,81.84,0.7,2.503,0.157,0.097,7.288,0.198,0.0,10.243
2025-10-31 01:00:00,8.49,92.07,0.9,3.097,0.265,0.104,6.723,0.124,0.0,10.314
2025-10-31 02:00:00,10.81,83.18,0.9,2.408,0.1,0.095,7.862,0.118,0.0,10.583
2025-10-31 03:00:00,7.77,91.41,1.0,3.396,0.17,0.087,0.0,0.189,0.0,3.842
2025-10-31 04:00:00,7.75,87.57,1.0,3.411,0.23,0.109,0.0,0.242,0.0,3.993
2025-10-31 05:00:00,10.02,84.5,1.2,2.831,0.101,0.086,0.0,0.23,0.0,3.247
2025-10-31 06:00:00,11.04,79.49,2.6,3.099,0.147,1.921,0.0,0.572,0.0,5.739
2025-10-31 07:00:00,13.52,81.08,3.0,2.351,0.204,2.129,0.0,0.754,0.532,5.438
2025-10-31 08:00:00,12.5,80.95,2.6,2.686,0.1,1.779,0.0,0.506,1.18,5.071
2025-10-31 09:00:00,17.01,83.61,2.2,1.076,0.165,0.088,0.0,0.216,1.311,1.546
2025-10-31 10:00:00,19.11,72.57,0.8,0.361,0.269,0.114,0.0,0.18,1.201,0.923
2025-10-31 11:00:00,17.14,74.44,1.2,0.984,0.1,0.1,0.0,0.177,0.797,1.361
2025-10-31 12:00:00,19.86,75.03,0.4,0.346,0.115,0.117,0.0,0.187,0.547,0.765
2025-10-31 13:00:00,16.9,77.52,0.5,0.848,0.247,0.109,0.0,0.154,0.0,1.357
2025-10-31 14:00:00,20.27,69.46,1.0,0.289,0.1,0.097,0.0,0.105,0.0,0.592
2025-10-31 15:00:00,20.06,67.62,1.4,0.2,0.122,0.105,0.0,0.187,0.0,0.613
2025-10-31 16:00:00,19.28,78.17,1.5,0.439,0.23,0.087,0.0,0.204,0.0,0.96
2025-10-31 17:00:00,17.17,68.17,2.9,1.069,0.1,0.095,0.0,1.312,0.0,2.576
2025-10-31 18:00:00,11.73,83.42,3.4,2.827,0.166,0.104,0.0,1.419,0.0,4.516
2025-10-31 19:00:00,13.99,77.67,3.0,2.279,0.228,1.554,7.788,1.242,0.0,13.091
2025-10-31 20:00:00,12.72,72.26,2.4,2.456,0.1,1.552,7.844,1.266,0.0,13.218
2025-10-31 21:00:00,10.9,79.15,3.0,3.082,0.152,1.646,7.122,1.258,0.0,13.26
2025-10-31 22:00:00,11.34,84.9,2.8,2.95,0.209,0.084,7.221,1.215,0.0,11.679
2025-10-31 23:00:00,9.5,81.58,3.4,3.854,0.101,0.083,6.647,1.318,0.0,12.003
2025-11-01 00:00:00,7.9,85.3,1.8,3.619,0.169,0.086,0.0,0.106,0.0,3.979
2025-11-01 01:00:00,7.05,89.5,1.3,3.643,0.223,0.112,0.0,0.168,0.0,4.144
2025-11-01 02:00:00,7.39,84.99,1.2,3.492,0.1,0.083,0.0,0.252,0.0,3.926
2025-11-01 03:00:00,10.32,81.11,1.8,2.923,0.129,0.089,0.0,0.228,0.0,3.369
2025-11-01 04:00:00,8.15,83.7,0.8,3.121,0.248,0.09,0.0,0.186,0.0,3.646
2025-11-01 05:00:00,9.16,91.32,1.6,3.165,0.1,0.106,0.0,0.215,0.0,3.586
2025-11-01 06:00:00,10.28,91.43,3.4,3.482,0.145,1.729,0.0,0.734,0.0,6.091
2025-11-01 07:00:00,12.68,71.45,2.9,2.518,0.203,1.583,0.0,0.586,0.484,4.89
2025-11-01 08:00:00,14.15,85.46,3.7,2.304,0.1,1.764,0.0,0.741,0.787,4.909
2025-11-01 09:00:00,10.19,79.7,3.8,3.66,0.162,0.107,0.0,0.267,1.568,4.195
2025-11-01 10:00:00,17.5,81.62,1.4,0.824,0.233,0.111,0.0,0.153,1.489,1.321
2025-11-01 11:00:00,19.16,73.0,1.7,0.584,0.1,0.085,0.0,0.224,0.864,0.993
2025-11-01 12:00:00,16.22,65.96,2.2,1.521,0.166,0.109,0.0,0.22,0.562,2.015
2025-11-01 13:00:00,16.84,77.13,1.8,1.163,0.24,0.08,0.0,0.164,0.0,1.646
2025-11-01 14:00:00,17.79,69.3,1.2,0.844,0.1,0.109,0.0,0.134,0.0,1.187
2025-11-01 15:00:00,17.16,67.26,1.7,0.996,0.127,0.106,0.0,0.181,0.0,1.409
2025-11-01 16:00:00,18.13,68.21,1.5,0.875,0.244,0.099,0.0,0.168,0.0,1.386
2025-11-01 17:00:00,14.08,78.76,4.0,2.609,0.1,0.085,0.0,1.501,0.0,4.295
2025-11-01 18:00:00,14.29,77.7,4.0,2.345,0.174,0.111,0.0,1.429,0.0,4.059
2025-11-01 19:00:00,17.07,82.36,3.7,1.289,0.237,1.243,0.0,1.369,0.0,4.138
2025-11-01 20:00:00,12.08,83.35,3.9,3.134,0.1,1.737,0.0,1.474,0.0,6.444
2025-11-01 21:00:00,14.04,79.45,3.3,2.297,0.139,1.664,0.0,1.392,0.0,5.492
2025-11-01 22:00:00,11.5,82.65,3.5,3.137,0.266,0.11,0.0,1.318,0.0,4.831
2025-11-01 23:00:00,7.22,81.69,4.0,4.5,0.1,0.11,0.0,1.378,0.0,6.088
2025-11-02 00:00:00,9.9,84.14,1.8,3.203,0.16,0.083,6.722,0.23,0.0,10.398
2025-11-02 01:00:00,8.27,80.96,2.2,3.634,0.236,0.12,6.873,0.205,0.0,11.068
2025-11-02 02:00:00,7.59,87.95,1.9,4.041,0.1,0.114,6.76,0.18,0.0,11.194
2025-11-02 03:00:00,8.81,91.17,2.3,3.463,0.143,0.1,0.0,0.272,0.0,3.978
2025-11-02 04:00:00,9.66,81.11,1.0,2.784,0.235,0.109,0.0,0.167,0.0,3.296
2025-11-02 05:00:00,10.8,90.65,1.7,2.847,0.1,0.11,0.0,0.298,0.0,3.354
2025-11-02 06:00:00,12.54,83.57,4.0,3.189,0.134,2.037,0.0,0.719,0.0,6.08
2025-11-02 07:00:00,12.6,82.76,3.7,2.814,0.239,1.624,0.0,0.703,0.588,5.38
2025-11-02 08:00:00,11.21,71.5,3.8,3.283,0.1,1.708,0.0,0.818,1.012,5.91
2025-11-02 09:00:00,13.86,69.41,3.3,2.402,0.131,0.112,0.0,0.264,1.181,2.91
2025-11-02 10:00:00,20.19,77.72,1.6,0.2,0.247,0.111,0.0,0.162,1.149,0.72
2025-11-02 11:00:00,17.9,79.71,1.4,0.891,0.1,0.101,0.0,0.141,0.963,1.232
2025-11-02 12:00:00,21.16,71.45,1.4,0.2,0.134,0.096,0.0,0.168,0.49,0.598
2025-11-02 13:00:00,20.2,82.55,2.1,0.2,0.213,0.119,0.0,0.225,0.0,0.757
2025-11-02 14:00:00,18.64,77.67,2.0,0.91,0.1,0.097,0.0,0.256,0.0,1.363
2025-11-02 15:00:00,18.56,69.66,1.8,0.385,0.153,0.111,0.0,0.128,0.0,0.776
2025-11-02 16:00:00,17.55,74.96,2.0,1.168,0.235,0.097,0.0,0.21,0.0,1.71
2025-11-02 17:00:00,14.21,88.14,3.9,2.453,0.1,0.092,0.0,1.481,0.0,4.126
2025-11-02 18:00:00,15.8,70.79,4.0,1.754,0.143,0.106,0.0,1.453,0.0,3.456
2025-11-02 19:00:00,16.39,81.09,4.0,1.811,0.219,1.685,7.4,1.508,0.0,12.622
2025-11-02 20:00:00,12.38,78.39,3.4,2.72,0.1,1.789,6.873,1.264,0.0,12.746
2025-11-02 21:00:00,12.6,85.09,3.9,3.032,0.13,1.289,7.239,1.414,0.0,13.105
2025-11-02 22:00:00,12.05,89.34,3.1,2.685,0.221,0.115,7.038,1.307,0.0,11.366
2025-11-02 23:00:00,8.38,82.31,3.9,4.268,0.1,0.101,7.891,1.444,0.0,13.804
2025-11-03 00:00:00,8.08,90.79,1.2,3.257,0.1,0.084,7.181,0.145,0.0,10.767
2025-11-03 01:00:00,6.73,95.0,0.5,3.287,0.248,0.112,7.886,0.185,0.0,11.718
2025-11-03 02:00:00,6.85,86.33,0.8,3.502,0.1,0.093,6.847,0.2,0.0,10.742
2025-11-03 03:00:00,6.33,89.72,1.0,3.632,0.168,0.115,0.0,0.176,0.0,4.091
2025-11-03 04:00:00,7.41,82.24,1.1,3.277,0.274,0.086,0.0,0.206,0.0,3.844
2025-11-03 05:00:00,11.68,84.34,0.9,2.37,0.1,0.108,0.0,0.192,0.0,2.771
2025-11-03 06:00:00,9.21,82.12,2.0,3.388,0.143,1.657,0.0,0.53,0.0,5.717
2025-11-03 07:00:00,11.98,85.54,2.5,2.762,0.259,1.625,0.0,0.59,0.575,5.236
2025-11-03 08:00:00,12.33,86.02,1.8,2.45,0.1,1.476,0.0,0.485,0.982,4.511
2025-11-03 09:00:00,16.15,77.9,2.4,1.548,0.141,0.099,0.0,0.147,0.696,1.936
2025-11-03 10:00:00,17.55,84.67,0.8,0.844,0.221,0.096,0.0,0.187,1.223,1.349
2025-11-03 11:00:00,17.92,83.41,0.9,0.875,0.1,0.082,0.0,0.1,0.77,1.158
2025-11-03 12:00:00,17.88,79.04,0.8,0.689,0.157,0.089,0.0,0.161,0.464,1.096
2025-11-03 13:00:00,17.57,71.62,0.4,0.727,0.268,0.099,0.0,0.183,0.0,1.278
2025-11-03 14:00:00,16.3,70.94,0.9,1.304,0.1,0.112,0.0,0.176,0.0,1.693
2025-11-03 15:00:00,20.83,70.14,1.4,0.2,0.135,0.117,0.0,0.3,0.0,0.752
2025-11-03 16:00:00,16.28,79.55,1.5,1.331,0.216,0.101,0.0,0.216,0.0,1.863
2025-11-03 17:00:00,17.62,69.7,4.0,1.099,0.1,0.096,0.0,1.423,0.0,2.717
2025-11-03 18:00:00,17.18,80.38,3.7,1.208,0.168,0.118,0.0,1.419,0.0,2.913
2025-11-03 19:00:00,13.55,73.04,2.5,2.392,0.261,1.778,6.803,1.138,0.0,12.371
2025-11-03 20:00:00,14.64,84.12,2.8,2.12,0.1,1.314,6.964,1.304,0.0,11.803
2025-11-03 21:00:00,12.94,81.64,3.0,2.562,0.159,1.519,6.671,1.253,0.0,12.165
2025-11-03 22:00:00,13.18,89.67,3.0,2.72,0.254,0.113,7.796,1.33,0.0,12.212
2025-11-03 23:00:00,8.85,89.95,3.0,3.933,0.1,0.113,7.375,1.304,0.0,12.826
2025-11-04 00:00:00,6.64,92.37,2.0,3.978,0.156,0.107,0.0,0.24,0.0,4.482
2025-11-04 01:00:00,7.31,93.1,0.6,3.24,0.255,0.099,0.0,0.139,0.0,3.733
2025-11-04 02:00:00,8.21,86.72,0.7,3.115,0.1,0.096,0.0,0.114,0.0,3.426
2025-11-04 03:00:00,8.16,80.0,1.7,3.536,0.148,0.112,0.0,0.142,0.0,3.939
2025-11-04 04:00:00,7.98,79.93,0.8,3.313,0.289,0.089,0.0,0.1,0.0,3.791
2025-11-04 05:00:00,6.5,73.81,1.2,3.648,0.102,0.097,0.0,0.166,0.0,4.013
2025-11-04 06:00:00,11.11,77.58,2.9,2.995,0.15,1.848,0.0,0.604,0.0,5.597
2025-11-04 07:00:00,14.56,81.9,2.7,2.048,0.233,2.039,0.0,0.666,0.484,4.986
2025-11-04 08:00:00,13.6,77.2,2.6,2.208,0.1,1.709,0.0,0.554,0.92,4.571
2025-11-04 09:00:00,15.11,77.55,2.9,2.098,0.149,0.102,0.0,0.346,1.176,2.695
2025-11-04 10:00:00,16.26,79.46,0.6,1.238,0.262,0.091,0.0,0.119,1.317,1.71
2025-11-04 11:00:00,17.03,74.24,0.8,0.926,0.1,0.113,0.0,0.129,1.157,1.268
2025-11-04 12:00:00,18.63,69.19,1.2,0.738,0.145,0.111,0.0,0.112,0.519,1.107
2025-11-04 13:00:00,18.32,73.94,0.2,0.677,0.25,0.113,0.0,0.156,0.0,1.196
2025-11-04 14:00:00,17.43,69.51,1.6,1.033,0.1,0.082,0.0,0.181,0.0,1.396
2025-11-04 15:00:00,16.54,72.85,1.1,1.135,0.12,0.099,0.0,0.178,0.0,1.533
2025-11-04 16:00:00,16.86,81.52,1.1,1.099,0.218,0.085,0.0,0.202,0.0,1.604
2025-11-04 17:00:00,16.91,74.4,2.3,1.007,0.1,0.107,0.0,1.225,0.0,2.439
2025-11-04 18:00:00,14.93,85.85,2.5,1.966,0.133,0.092,0.0,1.139,0.0,3.33
2025-11-04 19:00:00,14.67,85.61,2.8,1.644,0.211,1.665,0.0,1.255,0.0,4.775
2025-11-04 20:00:00,13.56,77.1,3.3,2.409,0.1,1.239,0.0,1.374,0.0,5.122
2025-11-04 21:00:00,12.86,76.0,2.2,2.215,0.155,1.508,0.0,1.092,0.0,4.97
2025-11-04 22:00:00,12.32,82.74,3.3,2.808,0.234,0.085,0.0,1.469,0.0,4.595
2025-11-04 23:00:00,9.48,90.01,2.9,3.612,0.1,0.102,0.0,1.374,0.0,5.189
2025-11-05 00:00:00,6.42,82.75,0.9,3.526,0.174,0.104,7.234,0.174,0.0,11.211
2025-11-05 01:00:00,7.37,90.34,1.1,3.217,0.216,0.098,7.016,0.128,0.0,10.676
2025-11-05 02:00:00,7.78,92.04,1.1,3.412,0.1,0.091,6.855,0.134,0.0,10.593
2025-11-05 03:00:00,5.13,81.93,0.7,4.074,0.164,0.081,0.0,0.183,0.0,4.503
2025-11-05 04:00:00,10.47,81.82,1.2,2.717,0.229,0.106,0.0,0.219,0.0,3.271
2025-11-05 05:00:00,9.39,87.81,0.1,2.677,0.1,0.115,0.0,0.1,0.0,2.992
2025-11-05 06:00:00,10.79,83.76,2.3,3.18,0.161,1.968,0.0,0.538,0.0,5.847
2025-11-05 07:00:00,13.47,78.12,2.6,2.104,0.197,2.083,0.0,0.612,0.498,4.996
2025-11-05 08:00:00,11.77,78.24,2.4,2.705,0.1,2.109,0.0,0.519,0.91,5.433
2025-11-05 09:00:00,14.87,78.09,1.8,1.579,0.102,0.098,0.0,0.188,1.051,1.968
2025-11-05 10:00:00,15.05,69.18,1.3,1.485,0.242,0.108,0.0,0.211,1.459,2.045
2025-11-05 11:00:00,15.97,79.59,0.5,1.359,0.1,0.096,0.0,0.157,0.574,1.712
2025-11-05 12:00:00,15.89,72.41,1.0,1.312,0.139,0.117,0.0,0.142,0.586,1.71
2025-11-05 13:00:00,20.04,60.29,1.1,0.323,0.221,0.103,0.0,0.186,0.0,0.833
2025-11-05 14:00:00,17.15,73.88,1.0,0.971,0.1,0.11,0.0,0.206,0.0,1.386
2025-11-05 15:00:00,18.59,70.5,1.5,0.525,0.163,0.081,0.0,0.148,0.0,0.916
2025-11-05 16:00:00,14.23,83.25,1.0,1.776,0.284,0.103,0.0,0.197,0.0,2.359
2025-11-05 17:00:00,18.02,72.83,3.2,1.093,0.1,0.11,0.0,1.324,0.0,2.626
2025-11-05 18:00:00,16.79,71.51,3.0,1.371,0.155,0.09,0.0,1.302,0.0,2.918
2025-11-05 19:00:00,14.15,80.99,3.2,2.288,0.265,1.209,7.247,1.332,0.0,12.342
2025-11-05 20:00:00,12.37,76.7,3.6,2.787,0.1,1.646,7.771,1.376,0.0,13.68
2025-11-05 21:00:00,12.02,77.66,3.1,2.952,0.155,1.403,7.541,1.281,0.0,13.331
2025-11-05 22:00:00,13.65,85.55,3.3,2.556,0.188,0.097,6.56,1.315,0.0,10.716
2025-11-05 23:00:00,6.53,79.04,3.6,4.5,0.1,0.102,7.286,1.409,0.0,13.397
2025-11-06 00:00:00,9.37,77.91,1.5,2.971,0.158,0.084,0.0,0.192,0.0,3.404
2025-11-06 01:00:00,6.33,94.43,0.8,3.8,0.234,0.084,0.0,0.202,0.0,4.321
2025-11-06 02:00:00,7.5,88.9,1.4,3.506,0.1,0.118,0.0,0.218,0.0,3.943
2025-11-06 03:00:00,7.33,84.47,1.1,3.543,0.126,0.094,0.0,0.136,0.0,3.899
2025-11-06 04:00:00,7.56,85.18,1.4,3.695,0.226,0.09,0.0,0.177,0.0,4.188
2025-11-06 05:00:00,8.98,86.77,1.2,3.24,0.1,0.082,0.0,0.184,0.0,3.606
2025-11-06 06:00:00,8.33,87.87,2.6,3.699,0.151,1.565,0.0,0.613,0.0,6.029
2025-11-06 07:00:00,12.78,77.77,2.7,2.546,0.246,1.75,0.0,0.635,0.326,5.177
2025-11-06 08:00:00,9.84,81.83,2.6,3.419,0.1,1.686,0.0,0.617,0.863,5.823
2025-11-06 09:00:00,14.63,75.91,2.6,2.095,0.163,0.097,0.0,0.231,0.75,2.585
2025-11-06 10:00:00,14.54,76.06,0.9,1.667,0.21,0.108,0.0,0.156,1.323,2.142
2025-11-06 11:00:00,14.31,76.56,0.9,1.816,0.1,0.106,0.0,0.23,0.954,2.251
2025-11-06 12:00:00,17.16,74.77,1.7,1.114,0.14,0.1,0.0,0.219,0.341,1.573
2025-11-06 13:00:00,15.02,77.88,1.2,1.542,0.238,0.113,0.0,0.18,0.0,2.073
2025-11-06 14:00:00,17.59,76.44,0.8,0.857,0.1,0.114,0.0,0.154,0.0,1.225
2025-11-06 15:00:00,15.22,66.66,0.9,1.592,0.144,0.104,0.0,0.191,0.0,2.031
2025-11-06 16:00:00,17.55,68.01,1.4,0.791,0.241,0.085,0.0,0.194,0.0,1.311
2025-11-06 17:00:00,14.68,73.91,2.7,2.046,0.1,0.096,0.0,1.157,0.0,3.399
2025-11-06 18:00:00,14.35,86.14,2.4,1.928,0.168,0.105,0.0,1.136,0.0,3.337
2025-11-06 19:00:00,14.26,74.19,2.4,1.939,0.245,1.238,0.0,1.255,0.0,4.677
2025-11-06 20:00:00,11.37,78.96,2.3,2.954,0.1,1.212,0.0,1.188,0.0,5.454
2025-11-06 21:00:00,11.15,78.87,2.5,2.886,0.157,1.769,0.0,1.165,0.0,5.977
2025-11-06 22:00:00,7.76,80.23,2.5,4.055,0.241,0.109,0.0,1.186,0.0,5.592
2025-11-06 23:00:00,9.94,85.13,3.6,3.682,0.1,0.086,0.0,1.326,0.0,5.193
2025-11-07 00:00:00,10.66,92.2,1.0,2.373,0.161,0.098,7.435,0.153,0.0,10.22
2025-11-07 01:00:00,11.7,88.08,0.9,2.355,0.211,0.088,7.074,0.227,0.0,9.955
2025-11-07 02:00:00,7.48,81.98,0.4,3.175,0.1,0.08,6.91,0.154,0.0,10.419
2025-11-07 03:00:00,8.7,95.0,0.9,2.898,0.174,0.096,0.0,0.22,0.0,3.387
2025-11-07 04:00:00,5.35,85.59,0.3,3.532,0.234,0.106,0.0,0.241,0.0,4.112
2025-11-07 05:00:00,11.06,81.36,0.9,2.284,0.1,0.118,0.0,0.156,0.0,2.658
2025-11-07 06:00:00,11.01,90.06,3.3,3.367,0.133,1.994,0.0,0.601,0.0,6.095
2025-11-07 07:00:00,10.33,79.21,2.8,3.461,0.262,1.606,0.0,0.643,0.404,5.972
2025-11-07 08:00:00,14.2,88.31,2.4,2.123,0.1,1.682,0.0,0.552,0.796,4.457
2025-11-07 09:00:00,13.26,74.09,2.8,2.512,0.146,0.101,0.0,0.233,1.075,2.993
2025-11-07 10:00:00,14.16,84.15,0.8,1.632,0.242,0.088,0.0,0.182,1.056,2.144
2025-11-07 11:00:00,16.59,76.76,0.7,1.123,0.1,0.113,0.0,0.263,0.615,1.599
2025-11-07 12:00:00,15.08,81.26,1.7,1.63,0.157,0.087,0.0,0.217,0.508,2.09
2025-11-07 13:00:00,18.71,83.71,0.5,0.564,0.266,0.092,0.0,0.143,0.0,1.065
2025-11-07 14:00:00,15.76,68.34,0.9,1.396,0.1,0.103,0.0,0.207,0.0,1.807
2025-11-07 15:00:00,15.6,80.58,1.1,1.505,0.154,0.085,0.0,0.224,0.0,1.968
2025-11-07 16:00:00,15.31,67.76,0.6,1.33,0.23,0.105,0.0,0.229,0.0,1.894
2025-11-07 17:00:00,17.02,70.52,3.3,1.163,0.1,0.118,0.0,1.275,0.0,2.656
2025-11-07 18:00:00,13.92,72.98,2.9,2.211,0.175,0.108,0.0,1.325,0.0,3.818
2025-11-07 19:00:00,11.62,80.97,3.3,3.053,0.228,1.688,7.12,1.437,0.0,13.526
2025-11-07 20:00:00,11.44,80.17,3.2,3.153,0.1,1.463,7.008,1.381,0.0,13.105
2025-11-07 21:00:00,11.0,80.72,2.9,3.24,0.155,1.419,7.818,1.337,0.0,13.969
2025-11-07 22:00:00,8.07,83.73,3.7,4.224,0.245,0.093,6.558,1.368,0.0,12.487
2025-11-07 23:00:00,7.08,87.2,2.7,4.25,0.1,0.106,6.762,1.322,0.0,12.54
2025-11-08 00:00:00,11.0,88.54,2.3,2.875,0.173,0.101,0.0,0.196,0.0,3.345
2025-11-08 01:00:00,6.04,91.27,2.3,4.5,0.248,0.099,0.0,0.216,0.0,5.063
2025-11-08 02:00:00,6.68,95.0,2.5,4.315,0.1,0.084,0.0,0.202,0.0,4.701
2025-11-08 03:00:00,6.78,85.69,1.9,3.953,0.128,0.107,0.0,0.177,0.0,4.365
2025-11-08 04:00:00,7.2,82.59,1.5,3.765,0.215,0.109,0.0,0.194,0.0,4.284
2025-11-08 05:00:00,9.56,87.31,2.6,3.45,0.105,0.088,0.0,0.171,0.0,3.814
2025-11-08 06:00:00,11.09,77.28,3.2,3.215,0.173,1.987,0.0,0.619,0.0,5.994
2025-11-08 07:00:00,10.41,78.16,3.0,3.55,0.22,2.073,0.0,0.589,0.45,6.433
2025-11-08 08:00:00,10.31,85.0,3.2,3.668,0.1,1.566,0.0,0.735,0.927,6.068
2025-11-08 09:00:00,15.37,77.83,2.9,1.738,0.141,0.098,0.0,0.318,1.151,2.295
2025-11-08 10:00:00,14.52,70.96,2.0,1.837,0.203,0.115,0.0,0.338,0.902,2.492
2025-11-08 11:00:00,18.3,68.31,1.6,0.672,0.1,0.099,0.0,0.193,0.618,1.065
2025-11-08 12:00:00,13.13,75.05,1.7,1.977,0.15,0.113,0.0,0.202,0.513,2.442
2025-11-08 13:00:00,17.29,79.91,2.2,1.188,0.268,0.089,0.0,0.254,0.0,1.799
2025-11-08 14:00:00,20.04,79.64,2.0,0.518,0.1,0.083,0.0,0.148,0.0,0.848
2025-11-08 15:00:00,16.46,74.76,1.8,1.224,0.175,0.082,0.0,0.155,0.0,1.637
2025-11-08 16:00:00,16.16,84.85,1.9,1.282,0.253,0.119,0.0,0.126,0.0,1.781
2025-11-08 17:00:00,16.14,75.23,3.8,1.651,0.1,0.087,0.0,1.451,0.0,3.288
2025-11-08 18:00:00,13.83,76.31,3.6,2.445,0.173,0.115,0.0,1.337,0.0,4.07
2025-11-08 19:00:00,12.99,65.61,3.8,2.653,0.196,1.389,0.0,1.458,0.0,5.696
2025-11-08 20:00:00,11.66,77.76,4.0,3.241,0.1,1.224,0.0,1.416,0.0,5.982
2025-11-08 21:00:00,9.93,85.81,3.7,3.907,0.128,1.345,0.0,1.4,0.0,6.779
2025-11-08 22:00:00,11.51,90.82,4.0,3.344,0.218,0.1,0.0,1.426,0.0,5.089
2025-11-08 23:00:00,9.32,80.09,3.5,4.032,0.1,0.084,0.0,1.364,0.0,5.58
2025-11-09 00:00:00,8.03,87.51,1.6,3.557,0.169,0.117,6.482,0.172,0.0,10.496
2025-11-09 01:00:00,8.37,91.03,1.5,3.298,0.224,0.116,7.111,0.247,0.0,10.997
2025-11-09 02:00:00,6.59,86.06,1.6,3.861,0.1,0.086,7.299,0.189,0.0,11.535
2025-11-09 03:00:00,5.99,74.38,2.3,4.472,0.161,0.109,0.0,0.238,0.0,4.981
2025-11-09 04:00:00,6.75,86.43,2.1,4.005,0.23,0.098,0.0,0.218,0.0,4.552
2025-11-09 05:00:00,8.45,88.05,1.4,3.202,0.1,0.119,0.0,0.14,0.0,3.562
2025-11-09 06:00:00,7.9,78.26,3.5,4.266,0.192,1.48,0.0,0.745,0.0,6.683
2025-11-09 07:00:00,9.94,80.28,3.1,3.632,0.231,1.779,0.0,0.619,0.469,6.261
2025-11-09 08:00:00,11.21,74.22,3.0,3.095,0.1,1.646,0.0,0.683,0.581,5.523
2025-11-09 09:00:00,16.47,65.6,2.7,1.521,0.153,0.109,0.0,0.268,1.134,2.05
2025-11-09 10:00:00,10.32,82.14,2.2,3.03,0.233,0.084,0.0,0.141,1.016,3.488
2025-11-09 11:00:00,15.25,75.74,1.3,1.257,0.1,0.105,0.0,0.179,1.005,1.641
2025-11-09 12:00:00,18.9,82.79,1.8,0.571,0.179,0.118,0.0,0.232,0.448,1.101
2025-11-09 13:00:00,17.0,78.49,1.4,1.233,0.232,0.098,0.0,0.178,0.0,1.741
2025-11-09 14:00:00,18.12,72.23,2.1,0.839,0.1,0.098,0.0,0.207,0.0,1.244
2025-11-09 15:00:00,16.96,73.79,1.7,0.973,0.189,0.1,0.0,0.211,0.0,1.473
2025-11-09 16:00:00,15.31,77.63,1.7,1.416,0.239,0.097,0.0,0.184,0.0,1.935
2025-11-09 17:00:00,12.16,80.59,3.8,3.162,0.1,0.098,0.0,1.419,0.0,4.779
2025-11-09 18:00:00,14.79,78.61,3.9,2.088,0.187,0.099,0.0,1.429,0.0,3.803
2025-11-09 19:00:00,12.12,83.98,3.8,3.224,0.259,1.799,7.639,1.399,0.0,14.32
2025-11-09 20:00:00,10.78,78.52,3.8,3.588,0.1,1.27,7.224,1.357,0.0,13.539
2025-11-09 21:00:00,9.94,76.57,3.6,3.667,0.179,1.371,6.87,1.395,0.0,13.481
2025-11-09 22:00:00,12.1,82.68,3.2,3.005,0.29,0.088,6.692,1.187,0.0,11.262
2025-11-09 23:00:00,12.06,85.27,3.4,2.865,0.1,0.102,7.276,1.35,0.0,11.692
2025-11-10 00:00:00,7.8,79.19,1.3,3.319,0.134,0.08,6.906,0.189,0.0,10.629
2025-11-10 01:00:00,6.28,79.11,0.9,3.578,0.227,0.117,6.86,0.136,0.0,10.918
2025-11-10 02:00:00,5.04,88.24,0.7,3.975,0.1,0.101,6.632,0.103,0.0,10.911
2025-11-10 03:00:00,7.68,83.76,0.4,3.236,0.152,0.116,0.0,0.184,0.0,3.689
2025-11-10 04:00:00,10.15,84.37,0.3,2.459,0.227,0.094,0.0,0.147,0.0,2.926
2025-11-10 05:00:00,7.9,82.44,0.7,3.006,0.1,0.086,0.0,0.178,0.0,3.37
2025-11-10 06:00:00,5.74,90.6,2.9,4.5,0.133,1.578,0.0,0.537,0.0,6.748
2025-11-10 07:00:00,11.52,87.86,2.3,2.692,0.231,1.779,0.0,0.606,0.581,5.307
2025-11-10 08:00:00,13.29,73.81,2.7,2.245,0.1,1.469,0.0,0.66,0.966,4.474
2025-11-10 09:00:00,10.72,75.78,2.3,3.054,0.138,0.111,0.0,0.21,1.333,3.514
2025-11-10 10:00:00,14.57,81.25,1.3,1.874,0.253,0.112,0.0,0.143,0.752,2.382
2025-11-10 11:00:00,16.02,78.77,0.9,1.316,0.1,0.108,0.0,0.197,1.072,1.722
2025-11-10 12:00:00,16.03,74.6,0.5,1.064,0.1,0.116,0.0,0.151,0.399,1.431
2025-11-10 13:00:00,15.45,68.52,0.9,1.315,0.234,0.102,0.0,0.22,0.0,1.871
2025-11-10 14:00:00,18.33,70.59,1.7,0.69,0.1,0.099,0.0,0.203,0.0,1.092
2025-11-10 15:00:00,16.03,71.62,1.7,1.413,0.132,0.101,0.0,0.1,0.0,1.747
2025-11-10 16:00:00,13.91,76.19,1.2,1.997,0.217,0.087,0.0,0.1,0.0,2.4
2025-11-10 17:00:00,12.27,84.28,2.9,2.723,0.1,0.1,0.0,1.236,0.0,4.159
2025-11-10 18:00:00,16.2,73.57,3.1,1.705,0.13,0.102,0.0,1.322,0.0,3.259
2025-11-10 19:00:00,14.03,73.32,3.1,2.464,0.219,1.659,7.614,1.276,0.0,13.231
2025-11-10 20:00:00,11.94,79.46,3.0,2.851,0.1,1.409,6.764,1.302,0.0,12.426
2025-11-10 21:00:00,9.85,86.71,3.2,3.583,0.107,1.255,7.666,1.275,0.0,13.887
2025-11-10 22:00:00,8.51,75.77,3.1,3.981,0.192,0.104,6.707,1.396,0.0,12.381
2025-11-10 23:00:00,6.66,91.51,2.9,4.5,0.113,0.112,6.698,1.25,0.0,12.673
2025-11-11 00:00:00,6.65,84.34,0.5,3.367,0.149,0.119,0.0,0.179,0.0,3.814
2025-11-11 01:00:00,3.62,82.12,0.8,4.38,0.267,0.084,0.0,0.127,0.0,4.857
2025-11-11 02:00:00,5.53,78.0,1.3,3.923,0.1,0.11,0.0,0.169,0.0,4.302
2025-11-11 03:00:00,6.34,89.33,1.0,3.651,0.147,0.104,0.0,0.204,0.0,4.106
2025-11-11 04:00:00,8.22,84.34,1.1,3.318,0.243,0.081,0.0,0.181,0.0,3.823
2025-11-11 05:00:00,8.04,85.1,0.9,3.319,0.1,0.109,0.0,0.1,0.0,3.627
2025-11-11 06:00:00,10.32,78.5,2.1,3.3,0.125,1.459,0.0,0.591,0.0,5.475
2025-11-11 07:00:00,12.36,79.96,2.4,2.457,0.229,2.005,0.0,0.623,0.322,5.314
2025-11-11 08:00:00,13.22,77.57,2.1,2.184,0.1,1.959,0.0,0.604,0.686,4.847
2025-11-11 09:00:00,13.63,77.94,2.1,1.897,0.111,0.108,0.0,0.267,0.863,2.383
2025-11-11 10:00:00,14.15,73.65,1.5,1.731,0.263,0.085,0.0,0.204,0.924,2.282
2025-11-11 11:00:00,13.7,68.09,0.8,1.631,0.1,0.117,0.0,0.295,0.937,2.142
2025-11-11 12:00:00,17.07,88.45,0.7,0.903,0.108,0.116,0.0,0.183,0.478,1.31
2025-11-11 13:00:00,18.98,67.39,1.6,0.531,0.219,0.116,0.0,0.1,0.0,0.966
2025-11-11 14:00:00,17.14,74.91,1.3,1.064,0.1,0.094,0.0,0.201,0.0,1.459
2025-11-11 15:00:00,19.34,65.34,0.9,0.383,0.167,0.1,0.0,0.232,0.0,0.881
2025-11-11 16:00:00,13.67,64.82,1.2,1.942,0.267,0.085,0.0,0.116,0.0,2.41
2025-11-11 17:00:00,13.44,76.25,2.9,2.401,0.1,0.082,0.0,1.251,0.0,3.834
2025-11-11 18:00:00,15.41,77.87,2.7,1.628,0.197,0.082,0.0,1.296,0.0,3.203
2025-11-11 19:00:00,13.32,84.75,3.2,2.329,0.236,1.541,0.0,1.282,0.0,5.388
2025-11-11 20:00:00,13.6,82.0,2.9,2.387,0.1,1.393,0.0,1.247,0.0,5.127
2025-11-11 21:00:00,10.31,80.8,3.0,3.584,0.161,1.548,0.0,1.324,0.0,6.617
2025-11-11 22:00:00,7.83,78.25,3.4,4.5,0.243,0.104,0.0,1.281,0.0,6.128
2025-11-11 23:00:00,7.78,91.74,3.4,4.471,0.1,0.116,0.0,1.338,0.0,6.025
2025-11-12 00:00:00,4.83,89.84,0.8,4.12,0.19,0.115,6.71,0.125,0.0,11.26
2025-11-12 01:00:00,4.93,79.56,1.2,4.214,0.242,0.109,7.058,0.172,0.0,11.794
2025-11-12 02:00:00,7.92,86.19,0.5,3.146,0.1,0.113,6.774,0.178,0.0,10.31
2025-11-12 03:00:00,7.94,86.52,1.2,3.394,0.133,0.08,0.0,0.238,0.0,3.846
2025-11-12 04:00:00,7.67,83.47,1.1,3.388,0.266,0.081,0.0,0.197,0.0,3.932
2025-11-12 05:00:00,5.34,88.1,1.2,4.101,0.1,0.098,0.0,0.156,0.0,4.456
2025-11-12 06:00:00,8.42,87.16,2.4,3.704,0.119,1.911,0.0,0.65,0.0,6.384
2025-11-12 07:00:00,8.33,80.6,3.3,4.168,0.204,2.012,0.0,0.697,0.441,7.082
2025-11-12 08:00:00,13.22,78.6,2.1,2.143,0.1,1.762,0.0,0.474,0.717,4.479
2025-11-12 09:00:00,11.88,85.94,2.9,2.925,0.162,0.118,0.0,0.279,1.056,3.483
2025-11-12 10:00:00,12.33,81.66,0.6,1.98,0.223,0.113,0.0,0.171,0.497,2.486
2025-11-12 11:00:00,15.04,76.12,1.2,1.552,0.1,0.084,0.0,0.184,1.025,1.92
2025-11-12 12:00:00,14.83,66.66,1.2,1.659,0.127,0.098,0.0,0.246,0.192,2.13
2025-11-12 13:00:00,18.51,75.92,1.0,0.69,0.27,0.12,0.0,0.17,0.0,1.25
2025-11-12 14:00:00,15.35,77.49,0.8,1.468,0.1,0.096,0.0,0.219,0.0,1.884
2025-11-12 15:00:00,14.19,60.43,1.1,1.715,0.17,0.095,0.0,0.246,0.0,2.226
2025-11-12 16:00:00,12.56,76.06,1.1,2.214,0.26,0.092,0.0,0.186,0.0,2.752
2025-11-12 17:00:00,14.95,73.67,3.7,2.025,0.1,0.099,0.0,1.417,0.0,3.642
2025-11-12 18:00:00,13.11,75.9,2.7,2.228,0.143,0.109,0.0,1.259,0.0,3.738
2025-11-12 19:00:00,10.61,73.91,2.8,3.292,0.233,1.228,7.365,1.268,0.0,13.386
2025-11-12 20:00:00,13.24,79.26,3.1,2.534,0.1,1.701,7.039,1.343,0.0,12.717
2025-11-12 21:00:00,11.16,88.51,2.9,3.206,0.172,1.751,6.933,1.211,0.0,13.272
2025-11-12 22:00:00,8.91,80.77,3.0,3.837,0.274,0.111,7.744,1.242,0.0,13.208
2025-11-12 23:00:00,9.97,89.07,3.4,3.515,0.1,0.117,7.462,1.286,0.0,12.479
2025-11-13 00:00:00,7.95,81.16,0.0,2.862,0.166,0.084,0.0,0.234,0.0,3.347
2025-11-13 01:00:00,5.22,89.59,0.8,3.956,0.275,0.098,0.0,0.1,0.0,4.429
2025-11-13 02:00:00,4.73,86.01,0.3,3.791,0.1,0.083,0.0,0.225,0.0,4.199
2025-11-13 03:00:00,7.68,87.56,0.5,3.144,0.174,0.113,0.0,0.189,0.0,3.621
2025-11-13 04:00:00,7.55,85.23,2.0,3.664,0.248,0.118,0.0,0.165,0.0,4.195
2025-11-13 05:00:00,8.0,87.45,1.2,3.288,0.1,0.092,0.0,0.124,0.0,3.604
2025-11-13 06:00:00,7.52,70.16,2.9,4.296,0.146,1.825,0.0,0.629,0.0,6.896
2025-11-13 07:00:00,10.9,74.45,2.5,2.877,0.209,1.654,0.0,0.586,0.442,5.326
2025-11-13 08:00:00,10.15,82.09,2.8,3.358,0.1,1.713,0.0,0.644,0.678,5.815
2025-11-13 09:00:00,12.43,68.23,1.8,2.398,0.157,0.099,0.0,0.1,0.969,2.754
2025-11-13 10:00:00,15.96,74.35,1.4,1.46,0.225,0.112,0.0,0.183,0.904,1.98
2025-11-13 11:00:00,13.83,75.49,0.7,1.798,0.1,0.086,0.0,0.126,0.652,2.11
2025-11-13 12:00:00,13.26,70.66,0.8,2.001,0.132,0.086,0.0,0.237,0.559,2.457
2025-11-13 13:00:00,14.54,70.75,1.2,1.709,0.219,0.088,0.0,0.207,0.0,2.222
2025-11-13 14:00:00,17.78,75.36,1.1,0.745,0.1,0.082,0.0,0.158,0.0,1.085
2025-11-13 15:00:00,16.5,79.25,1.0,1.083,0.123,0.106,0.0,0.252,0.0,1.564
2025-11-13 16:00:00,15.42,70.01,0.5,1.218,0.225,0.088,0.0,0.142,0.0,1.672
2025-11-13 17:00:00,14.06,72.88,3.0,2.283,0.1,0.098,0.0,1.281,0.0,3.762
2025-11-13 18:00:00,14.51,73.34,3.4,2.082,0.179,0.107,0.0,1.355,0.0,3.724
2025-11-13 19:00:00,11.31,66.34,2.8,2.985,0.278,1.469,0.0,1.291,0.0,6.024
2025-11-13 20:00:00,11.74,80.71,3.5,3.116,0.1,1.744,0.0,1.365,0.0,6.324
2025-11-13 21:00:00,8.89,86.23,2.7,3.887,0.174,1.662,0.0,1.295,0.0,7.017
2025-11-13 22:00:00,7.44,88.08,3.0,4.393,0.243,0.091,0.0,1.26,0.0,5.988
2025-11-13 23:00:00,6.79,79.89,3.6,4.5,0.1,0.085,0.0,1.329,0.0,6.014
2025-11-14 00:00:00,6.22,78.94,0.7,3.621,0.158,0.116,7.327,0.251,0.0,11.474
2025-11-14 01:00:00,6.21,85.9,1.4,4.112,0.259,0.096,6.5,0.177,0.0,11.144
2025-11-14 02:00:00,6.47,90.15,1.8,4.117,0.1,0.095,7.881,0.233,0.0,12.427
2025-11-14 03:00:00,0.75,86.57,1.1,4.5,0.14,0.112,0.0,0.22,0.0,4.972
2025-11-14 04:00:00,5.57,86.64,0.8,3.704,0.228,0.08,0.0,0.278,0.0,4.291
2025-11-14 05:00:00,6.99,89.95,0.7,3.302,0.1,0.098,0.0,0.156,0.0,3.656
2025-11-14 06:00:00,10.87,79.3,3.0,3.382,0.174,1.954,0.0,0.668,0.0,6.179
2025-11-14 07:00:00,8.2,80.45,3.0,4.213,0.221,2.051,0.0,0.602,0.305,7.087
2025-11-14 08:00:00,11.36,88.17,3.1,3.038,0.1,2.077,0.0,0.622,1.006,5.838
2025-11-14 09:00:00,14.65,77.46,2.5,1.853,0.156,0.099,0.0,0.187,1.156,2.295
2025-11-14 10:00:00,11.65,70.66,1.4,2.499,0.241,0.114,0.0,0.235,0.773,3.089
2025-11-14 11:00:00,15.24,72.41,1.0,1.461,0.1,0.081,0.0,0.225,0.725,1.868
2025-11-14 12:00:00,14.24,70.11,0.6,1.535,0.184,0.092,0.0,0.188,0.336,1.999
2025-11-14 13:00:00,15.19,75.99,1.4,1.532,0.224,0.08,0.0,0.155,0.0,1.991
2025-11-14 14:00:00,14.91,69.52,1.7,1.527,0.1,0.087,0.0,0.167,0.0,1.88
2025-11-14 15:00:00,14.85,75.56,0.6,1.601,0.111,0.109,0.0,0.133,0.0,1.954
2025-11-14 16:00:00,19.53,71.12,0.6,0.2,0.231,0.08,0.0,0.185,0.0,0.696
2025-11-14 17:00:00,15.92,65.14,3.0,1.447,0.1,0.101,0.0,1.204,0.0,2.851
2025-11-14 18:00:00,15.27,78.53,3.4,1.945,0.132,0.097,0.0,1.321,0.0,3.494
2025-11-14 19:00:00,13.15,79.19,2.5,2.264,0.197,1.274,7.573,1.14,0.0,12.449
2025-11-14 20:00:00,8.71,82.59,3.1,3.909,0.1,1.611,7.631,1.32,0.0,14.571
2025-11-14 21:00:00,10.41,78.19,2.8,3.301,0.148,1.616,6.878,1.193,0.0,13.136
2025-11-14 22:00:00,10.22,79.1,3.3,3.605,0.232,0.109,7.034,1.423,0.0,12.403
2025-11-14 23:00:00,6.3,86.25,2.7,4.5,0.1,0.111,6.778,1.281,0.0,12.77
2025-11-15 00:00:00,8.06,92.79,2.1,3.924,0.144,0.093,0.0,0.209,0.0,4.369
2025-11-15 01:00:00,7.17,85.85,1.7,3.834,0.227,0.12,0.0,0.223,0.0,4.403
2025-11-15 02:00:00,8.72,88.12,1.4,3.397,0.1,0.083,0.0,0.216,0.0,3.796
2025-11-15 03:00:00,5.49,84.19,1.8,4.374,0.148,0.106,0.0,0.157,0.0,4.785
2025-11-15 04:00:00,4.97,77.48,1.0,4.282,0.242,0.119,0.0,0.243,0.0,4.885
2025-11-15 05:00:00,6.87,89.08,1.6,3.95,0.1,0.089,0.0,0.193,0.0,4.331
2025-11-15 06:00:00,10.6,87.54,3.4,3.471,0.141,1.64,0.0,0.636,0.0,5.889
2025-11-15 07:00:00,6.91,85.11,2.6,4.368,0.252,1.855,0.0,0.634,0.424,7.109
2025-11-15 08:00:00,7.84,79.09,2.3,3.854,0.1,2.003,0.0,0.526,0.529,6.483
2025-11-15 09:00:00,12.37,81.43,2.4,2.543,0.149,0.093,0.0,0.254,1.02,3.04
2025-11-15 10:00:00,12.78,81.47,2.3,2.31,0.261,0.113,0.0,0.237,0.92,2.921
2025-11-15 11:00:00,14.49,83.86,1.8,1.73,0.1,0.09,0.0,0.171,0.597,2.091
2025-11-15 12:00:00,16.69,79.75,1.6,1.379,0.147,0.115,0.0,0.245,0.554,1.886
2025-11-15 13:00:00,14.95,74.52,2.2,1.646,0.235,0.09,0.0,0.251,0.0,2.222
2025-11-15 14:00:00,13.14,67.46,1.6,2.089,0.1,0.105,0.0,0.183,0.0,2.477
2025-11-15 15:00:00,18.84,74.98,1.9,0.601,0.132,0.094,0.0,0.234,0.0,1.061
2025-11-15 16:00:00,13.78,76.09,1.8,2.013,0.199,0.093,0.0,0.138,0.0,2.443
2025-11-15 17:00:00,12.89,79.3,3.6,2.788,0.1,0.094,0.0,1.402,0.0,4.385
2025-11-15 18:00:00,15.1,83.77,3.9,2.013,0.167,0.1,0.0,1.354,0.0,3.634
2025-11-15 19:00:00,11.66,77.97,4.0,3.331,0.217,1.707,0.0,1.446,0.0,6.701
2025-11-15 20:00:00,10.85,90.5,3.7,3.595,0.1,1.656,0.0,1.431,0.0,6.781
2025-11-15 21:00:00,10.38,72.76,3.6,3.731,0.117,1.47,0.0,1.395,0.0,6.714
2025-11-15 22:00:00,10.07,85.1,3.7,3.698,0.225,0.091,0.0,1.464,0.0,5.479
2025-11-15 23:00:00,6.91,80.25,2.9,4.5,0.1,0.114,0.0,1.221,0.0,5.935
2025-11-16 00:00:00,8.73,75.66,1.9,3.359,0.157,0.115,6.815,0.228,0.0,10.674
2025-11-16 01:00:00,2.75,84.79,1.3,4.5,0.231,0.098,7.453,0.1,0.0,12.382
2025-11-16 02:00:00,6.92,78.71,2.1,3.934,0.1,0.108,7.709,0.186,0.0,12.036
2025-11-16 03:00:00,4.69,84.99,1.8,4.5,0.174,0.095,0.0,0.188,0.0,4.956
2025-11-16 04:00:00,8.51,85.37,1.8,3.421,0.208,0.086,0.0,0.284,0.0,3.999
2025-11-16 05:00:00,7.46,89.84,2.1,3.757,0.1,0.093,0.0,0.211,0.0,4.161
2025-11-16 06:00:00,7.27,75.46,2.9,4.309,0.14,1.931,0.0,0.68,0.0,7.06
2025-11-16 07:00:00,10.48,86.1,3.4,3.338,0.251,1.994,0.0,0.631,0.385,6.214
2025-11-16 08:00:00,12.12,80.49,3.4,3.085,0.1,2.053,0.0,0.656,0.963,5.894
2025-11-16 09:00:00,13.04,83.59,3.2,2.544,0.184,0.081,0.0,0.205,0.603,3.013
2025-11-16 10:00:00,11.74,74.84,1.4,2.573,0.236,0.099,0.0,0.143,0.896,3.052
2025-11-16 11:00:00,13.59,69.1,2.0,2.079,0.1,0.091,0.0,0.165,0.558,2.435
2025-11-16 12:00:00,15.1,68.72,2.1,1.582,0.159,0.107,0.0,0.182,0.331,2.031
2025-11-16 13:00:00,15.55,67.75,1.8,1.649,0.263,0.09,0.0,0.308,0.0,2.309
2025-11-16 14:00:00,16.91,76.39,1.4,1.095,0.1,0.103,0.0,0.188,0.0,1.486
2025-11-16 15:00:00,12.59,81.59,1.6,2.48,0.152,0.108,0.0,0.13,0.0,2.871
2025-11-16 16:00:00,15.61,71.98,1.8,1.454,0.253,0.111,0.0,0.177,0.0,1.995
2025-11-16 17:00:00,13.88,78.9,4.0,2.461,0.1,0.091,0.0,1.491,0.0,4.143
2025-11-16 18:00:00,12.02,69.38,3.2,3.014,0.162,0.084,0.0,1.272,0.0,4.53
2025-11-16 19:00:00,10.96,79.35,3.6,3.494,0.244,1.331,7.615,1.446,0.0,14.13
2025-11-16 20:00:00,10.46,83.34,3.6,3.6,0.1,1.559,7.709,1.434,0.0,14.403
2025-11-16 21:00:00,4.08,74.31,3.8,4.5,0.13,1.224,6.936,1.393,0.0,14.183
2025-11-16 22:00:00,7.23,81.98,3.3,4.492,0.241,0.086,7.554,1.292,0.0,13.665
2025-11-16 23:00:00,5.93,87.82,3.7,4.5,0.1,0.12,7.843,1.347,0.0,13.91
2025-11-17 00:00:00,7.09,70.53,0.9,3.363,0.149,0.095,7.009,0.186,0.0,10.803
2025-11-17 01:00:00,4.58,92.47,0.6,3.902,0.238,0.1,7.6,0.188,0.0,12.029
2025-11-17 02:00:00,5.29,87.77,1.0,4.101,0.1,0.08,6.9,0.246,0.0,11.427
2025-11-17 03:00:00,8.1,89.38,0.8,3.153,0.157,0.104,0.0,0.191,0.0,3.605
2025-11-17 04:00:00,7.78,83.13,1.2,3.588,0.19,0.093,0.0,0.168,0.0,4.04
2025-11-17 05:00:00,8.43,75.63,0.6,3.076,0.102,0.101,0.0,0.238,0.0,3.517
2025-11-17 06:00:00,7.37,85.67,2.5,4.249,0.112,1.819,0.0,0.644,0.0,6.823
2025-11-17 07:00:00,10.14,81.14,2.2,3.209,0.256,2.137,0.0,0.54,0.476,6.141
2025-11-17 08:00:00,10.27,80.16,2.3,3.2,0.1,1.633,0.0,0.577,0.949,5.51
2025-11-17 09:00:00,11.62,83.89,2.6,2.951,0.178,0.103,0.0,0.262,1.02,3.493
2025-11-17 10:00:00,13.73,80.81,1.1,1.805,0.231,0.095,0.0,0.198,1.102,2.329
2025-11-17 11:00:00,13.26,85.36,0.8,1.861,0.1,0.097,0.0,0.125,0.417,2.182
2025-11-17 12:00:00,17.19,75.57,0.9,0.986,0.11,0.082,0.0,0.186,0.47,1.364
2025-11-17 13:00:00,15.21,70.75,0.4,1.549,0.251,0.108,0.0,0.129,0.0,2.036
2025-11-17 14:00:00,16.54,73.06,1.6,1.056,0.1,0.088,0.0,0.2,0.0,1.444
2025-11-17 15:00:00,17.63,76.28,1.3,0.68,0.162,0.099,0.0,0.123,0.0,1.065
2025-11-17 16:00:00,16.49,79.88,1.3,1.152,0.256,0.097,0.0,0.143,0.0,1.649
2025-11-17 17:00:00,12.04,68.42,2.4,2.773,0.1,0.099,0.0,1.283,0.0,4.255
2025-11-17 18:00:00,13.78,77.04,2.8,2.25,0.146,0.095,0.0,1.221,0.0,3.712
2025-11-17 19:00:00,13.19,86.49,2.9,2.341,0.22,1.345,7.579,1.314,0.0,12.8
2025-11-17 20:00:00,11.95,78.8,2.2,2.663,0.1,1.469,6.727,1.15,0.0,12.109
2025-11-17 21:00:00,7.65,86.21,3.4,4.241,0.174,1.228,6.527,1.277,0.0,13.447
2025-11-17 22:00:00,7.13,85.47,3.6,4.5,0.22,0.09,7.135,1.319,0.0,13.264
2025-11-17 23:00:00,8.57,89.02,3.8,4.272,0.1,0.111,7.273,1.372,0.0,13.128
2025-11-18 00:00:00,4.98,81.15,0.6,3.823,0.13,0.114,0.0,0.275,0.0,4.342
2025-11-18 01:00:00,5.18,81.77,1.0,4.071,0.249,0.109,0.0,0.17,0.0,4.598
2025-11-18 02:00:00,7.82,86.1,1.5,3.586,0.1,0.105,0.0,0.205,0.0,3.996
2025-11-18 03:00:00,5.55,78.13,0.9,3.802,0.162,0.112,0.0,0.211,0.0,4.288
2025-11-18 04:00:00,5.03,83.85,0.8,4.023,0.197,0.085,0.0,0.198,0.0,4.503
2025-11-18 05:00:00,5.6,85.51,0.3,3.596,0.1,0.101,0.0,0.201,0.0,3.998
2025-11-18 06:00:00,8.45,91.92,3.0,3.805,0.155,1.524,0.0,0.61,0.0,6.094
2025-11-18 07:00:00,7.16,83.57,2.5,4.16,0.257,2.0,0.0,0.54,0.488,6.957
2025-11-18 08:00:00,10.08,83.13,2.2,3.089,0.1,1.815,0.0,0.529,0.866,5.533
2025-11-18 09:00:00,12.25,84.27,2.6,2.553,0.161,0.112,0.0,0.152,1.173,2.978
2025-11-18 10:00:00,14.9,72.18,1.1,1.608,0.26,0.112,0.0,0.156,0.957,2.136
2025-11-18 11:00:00,14.99,74.93,1.1,1.492,0.1,0.099,0.0,0.1,0.861,1.79
2025-11-18 12:00:00,13.71,86.93,0.9,1.808,0.168,0.1,0.0,0.214,0.402,2.29
2025-11-18 13:00:00,17.05,73.81,1.6,1.016,0.24,0.081,0.0,0.228,0.0,1.566
2025-11-18 14:00:00,15.01,79.58,0.9,1.543,0.1,0.101,0.0,0.13,0.0,1.874
2025-11-18 15:00:00,13.43,79.02,1.6,2.145,0.166,0.107,0.0,0.131,0.0,2.549
2025-11-18 16:00:00,14.53,67.41,1.2,1.903,0.275,0.089,0.0,0.263,0.0,2.53
2025-11-18 17:00:00,16.15,77.31,3.1,1.552,0.1,0.119,0.0,1.351,0.0,3.123
2025-11-18 18:00:00,13.2,77.73,3.0,2.331,0.148,0.119,0.0,1.26,0.0,3.858
2025-11-18 19:00:00,11.77,80.1,3.4,3.013,0.217,1.37,0.0,1.309,0.0,5.908
2025-11-18 20:00:00,12.91,76.23,3.0,2.677,0.1,1.628,0.0,1.289,0.0,5.694
2025-11-18 21:00:00,7.01,75.97,2.6,4.212,0.147,1.218,0.0,1.148,0.0,6.725
2025-11-18 22:00:00,6.03,80.62,2.6,4.438,0.26,0.107,0.0,1.233,0.0,6.037
2025-11-18 23:00:00,4.5,83.75,3.2,4.5,0.1,0.105,0.0,1.247,0.0,5.952
2025-11-19 00:00:00,6.52,91.12,0.6,3.436,0.166,0.113,6.938,0.1,0.0,10.752
2025-11-19 01:00:00,5.72,94.88,1.0,3.746,0.258,0.092,7.163,0.139,0.0,11.397
2025-11-19 02:00:00,7.61,92.98,1.4,3.596,0.1,0.115,7.918,0.142,0.0,11.871
2025-11-19 03:00:00,5.83,90.1,1.1,3.891,0.131,0.114,0.0,0.274,0.0,4.41
2025-11-19 04:00:00,5.36,80.17,0.7,3.887,0.245,0.107,0.0,0.255,0.0,4.494
2025-11-19 05:00:00,6.76,82.2,1.6,3.822,0.1,0.099,0.0,0.141,0.0,4.162
2025-11-19 06:00:00,7.97,84.05,2.7,4.091,0.19,1.885,0.0,0.613,0.0,6.779
2025-11-19 07:00:00,6.49,78.39,2.9,4.5,0.198,1.966,0.0,0.6,0.38,7.263
2025-11-19 08:00:00,14.36,82.89,1.6,1.697,0.1,2.142,0.0,0.619,0.7,4.558
2025-11-19 09:00:00,12.37,82.05,2.6,2.594,0.162,0.085,0.0,0.138,0.737,2.979
2025-11-19 10:00:00,13.11,79.68,1.3,1.922,0.221,0.093,0.0,0.213,1.063,2.449
2025-11-19 11:00:00,14.75,80.88,1.7,1.899,0.1,0.111,0.0,0.264,0.6,2.375
2025-11-19 12:00:00,15.69,70.28,0.4,1.255,0.143,0.096,0.0,0.135,0.444,1.63
2025-11-19 13:00:00,14.91,78.87,1.5,1.557,0.204,0.107,0.0,0.196,0.0,2.063
2025-11-19 14:00:00,14.35,70.52,1.7,1.789,0.1,0.085,0.0,0.252,0.0,2.227
2025-11-19 15:00:00,16.02,69.5,0.2,0.881,0.204,0.108,0.0,0.1,0.0,1.294
2025-11-19 16:00:00,15.2,77.46,1.2,1.646,0.23,0.107,0.0,0.218,0.0,2.201
2025-11-19 17:00:00,12.62,81.84,3.2,2.876,0.1,0.103,0.0,1.242,0.0,4.322
2025-11-19 18:00:00,14.92,79.44,2.9,1.923,0.124,0.111,0.0,1.179,0.0,3.336
2025-11-19 19:00:00,12.03,78.55,2.8,2.836,0.215,1.728,7.395,1.291,0.0,13.465
2025-11-19 20:00:00,11.39,81.55,3.3,3.024,0.1,1.698,6.702,1.274,0.0,12.798
2025-11-19 21:00:00,11.09,82.24,2.8,2.962,0.174,1.277,7.434,1.25,0.0,13.096
2025-11-19 22:00:00,7.83,77.37,2.9,3.994,0.3,0.11,7.658,1.207,0.0,13.27
2025-11-19 23:00:00,7.24,78.03,3.3,4.5,0.1,0.098,6.484,1.346,0.0,12.528
2025-11-20 00:00:00,7.02,84.8,1.7,3.966,0.132,0.093,0.0,0.118,0.0,4.309
2025-11-20 01:00:00,4.22,86.19,1.2,4.326,0.213,0.115,0.0,0.251,0.0,4.906
2025-11-20 02:00:00,5.22,86.06,1.1,4.055,0.1,0.102,0.0,0.222,0.0,4.48
2025-11-20 03:00:00,5.5,89.18,0.8,3.915,0.157,0.1,0.0,0.144,0.0,4.315
2025-11-20 04:00:00,4.37,84.12,0.6,3.822,0.239,0.111,0.0,0.1,0.0,4.272
2025-11-20 05:00:00,10.08,87.06,1.4,3.108,0.1,0.102,0.0,0.183,0.0,3.493
2025-11-20 06:00:00,5.53,82.28,2.4,4.5,0.177,2.058,0.0,0.577,0.0,7.312
2025-11-20 07:00:00,6.9,90.67,3.0,4.5,0.252,1.514,0.0,0.61,0.451,6.876
2025-11-20 08:00:00,12.11,80.4,2.4,2.743,0.1,1.999,0.0,0.642,0.69,5.484
2025-11-20 09:00:00,12.5,90.15,2.2,2.595,0.157,0.087,0.0,0.278,0.81,3.117
2025-11-20 10:00:00,11.1,78.76,1.2,2.589,0.233,0.089,0.0,0.206,0.574,3.117
2025-11-20 11:00:00,14.58,74.69,1.0,1.759,0.1,0.087,0.0,0.254,0.839,2.2
2025-11-20 12:00:00,16.67,70.31,0.5,0.981,0.16,0.09,0.0,0.1,0.305,1.331
2025-11-20 13:00:00,14.92,66.99,1.7,1.73,0.245,0.109,0.0,0.187,0.0,2.271
2025-11-20 14:00:00,19.04,69.04,0.7,0.613,0.1,0.106,0.0,0.155,0.0,0.974
2025-11-20 15:00:00,12.38,69.81,1.4,2.017,0.119,0.089,0.0,0.233,0.0,2.458
2025-11-20 16:00:00,15.51,76.78,1.3,1.494,0.243,0.091,0.0,0.174,0.0,2.002
2025-11-20 17:00:00,15.42,73.13,2.5,1.759,0.1,0.084,0.0,1.227,0.0,3.17
2025-11-20 18:00:00,13.98,77.93,2.6,1.977,0.132,0.097,0.0,1.192,0.0,3.398
2025-11-20 19:00:00,11.13,84.86,2.9,3.139,0.251,1.427,0.0,1.227,0.0,6.044
2025-11-20 20:00:00,9.7,79.56,2.7,3.395,0.1,1.287,0.0,1.265,0.0,6.048
2025-11-20 21:00:00,9.51,91.95,3.7,3.967,0.197,1.701,0.0,1.39,0.0,7.255
2025-11-20 22:00:00,8.86,77.12,2.9,3.831,0.246,0.114,0.0,1.283,0.0,5.473
2025-11-20 23:00:00,7.51,83.49,3.4,4.368,0.1,0.084,0.0,1.275,0.0,5.828
2025-11-21 00:00:00,7.21,82.5,1.2,3.693,0.148,0.091,7.446,0.22,0.0,11.597
2025-11-21 01:00:00,3.63,90.48,1.1,4.415,0.213,0.109,7.468,0.129,0.0,12.334
2025-11-21 02:00:00,4.64,74.8,1.0,4.174,0.1,0.115,7.475,0.266,0.0,12.13
2025-11-21 03:00:00,3.74,78.58,1.5,4.5,0.156,0.083,0.0,0.182,0.0,4.921
2025-11-21 04:00:00,5.07,84.66,0.7,3.764,0.243,0.116,0.0,0.149,0.0,4.273
2025-11-21 05:00:00,7.97,92.0,1.7,3.594,0.1,0.082,0.0,0.245,0.0,4.022
2025-11-21 06:00:00,7.65,84.13,2.0,3.763,0.166,1.896,0.0,0.556,0.0,6.382
2025-11-21 07:00:00,12.6,74.8,2.8,2.601,0.218,1.456,0.0,0.661,0.346,4.935
2025-11-21 08:00:00,10.27,74.01,1.9,3.261,0.1,2.108,0.0,0.54,0.535,6.01
2025-11-21 09:00:00,11.37,86.81,2.4,2.92,0.153,0.094,0.0,0.257,0.978,3.423
2025-11-21 10:00:00,12.64,73.89,1.0,2.156,0.225,0.106,0.0,0.177,1.029,2.664
2025-11-21 11:00:00,12.56,71.04,0.8,2.133,0.1,0.087,0.0,0.218,0.76,2.538
2025-11-21 12:00:00,14.23,82.19,0.9,1.74,0.149,0.093,0.0,0.235,0.328,2.218
2025-11-21 13:00:00,16.5,79.26,0.4,0.872,0.257,0.11,0.0,0.1,0.0,1.339
2025-11-21 14:00:00,15.15,80.37,0.6,1.632,0.1,0.119,0.0,0.186,0.0,2.037
2025-11-21 15:00:00,13.62,69.45,1.2,1.769,0.164,0.12,0.0,0.277,0.0,2.33
2025-11-21 16:00:00,12.93,67.18,1.0,2.219,0.246,0.112,0.0,0.211,0.0,2.789
2025-11-21 17:00:00,12.84,76.42,2.7,2.589,0.1,0.114,0.0,1.358,0.0,4.161
2025-11-21 18:00:00,12.59,78.68,3.5,2.847,0.172,0.119,0.0,1.318,0.0,4.456
2025-11-21 19:00:00,13.07,80.27,2.5,2.372,0.202,1.224,7.747,1.215,0.0,12.76
2025-11-21 20:00:00,7.97,87.39,2.9,4.354,0.1,1.302,7.263,1.281,0.0,14.3
2025-11-21 21:00:00,8.21,72.88,2.8,4.055,0.167,1.232,7.615,1.221,0.0,14.29
2025-11-21 22:00:00,7.7,87.3,3.2,4.353,0.235,0.1,7.433,1.258,0.0,13.378
2025-11-21 23:00:00,3.7,78.76,3.0,4.5,0.1,0.118,6.749,1.392,0.0,12.859
2025-11-22 00:00:00,4.25,89.47,1.8,4.5,0.149,0.103,0.0,0.259,0.0,5.011
2025-11-22 01:00:00,3.98,83.42,1.1,4.346,0.221,0.102,0.0,0.21,0.0,4.879
2025-11-22 02:00:00,3.64,81.93,2.1,4.5,0.1,0.113,0.0,0.217,0.0,4.93
2025-11-22 03:00:00,5.29,82.75,1.7,4.412,0.169,0.117,0.0,0.208,0.0,4.907
2025-11-22 04:00:00,5.26,77.97,1.8,4.357,0.246,0.108,0.0,0.237,0.0,4.948
2025-11-22 05:00:00,5.46,84.44,1.5,4.288,0.1,0.116,0.0,0.267,0.0,4.771
2025-11-22 06:00:00,7.97,79.14,2.9,4.227,0.165,1.566,0.0,0.6,0.0,6.558
2025-11-22 07:00:00,11.12,85.48,3.9,3.439,0.254,1.802,0.0,0.717,0.344,6.213
2025-11-22 08:00:00,12.29,83.2,2.6,2.719,0.1,1.703,0.0,0.589,0.809,5.11
2025-11-22 09:00:00,8.24,86.89,2.9,4.082,0.119,0.093,0.0,0.184,0.994,4.478
2025-11-22 10:00:00,13.2,78.83,2.4,2.187,0.242,0.089,0.0,0.191,1.117,2.708
2025-11-22 11:00:00,13.1,78.36,2.1,2.447,0.1,0.116,0.0,0.223,0.709,2.886
2025-11-22 12:00:00,14.39,81.8,1.7,1.792,0.118,0.098,0.0,0.185,0.361,2.193
2025-11-22 13:00:00,14.06,71.07,2.3,2.122,0.238,0.101,0.0,0.22,0.0,2.681
2025-11-22 14:00:00,15.01,66.56,2.0,1.782,0.1,0.091,0.0,0.246,0.0,2.219
2025-11-22 15:00:00,14.89,75.2,1.9,1.478,0.148,0.119,0.0,0.265,0.0,2.008
2025-11-22 16:00:00,13.29,67.69,1.9,2.111,0.267,0.104,0.0,0.339,0.0,2.822
2025-11-22 17:00:00,12.02,88.03,4.0,3.24,0.1,0.08,0.0,1.476,0.0,4.897
2025-11-22 18:00:00,11.66,84.28,4.0,3.295,0.146,0.091,0.0,1.409,0.0,4.941
2025-11-22 19:00:00,11.48,89.27,4.0,3.421,0.229,1.8,0.0,1.495,0.0,6.945
2025-11-22 20:00:00,10.73,80.31,3.7,3.53,0.1,1.785,0.0,1.38,0.0,6.795
2025-11-22 21:00:00,9.82,84.31,3.7,3.961,0.153,1.527,0.0,1.363,0.0,7.003
2025-11-22 22:00:00,6.59,80.7,3.3,4.5,0.213,0.103,0.0,1.36,0.0,6.176
2025-11-22 23:00:00,6.72,88.66,3.8,4.5,0.1,0.116,0.0,1.475,0.0,6.191
2025-11-23 00:00:00,6.79,79.12,2.5,4.22,0.105,0.108,6.754,0.196,0.0,11.384
2025-11-23 01:00:00,6.6,73.08,2.2,4.198,0.236,0.117,7.095,0.232,0.0,11.878
2025-11-23 02:00:00,4.59,82.05,1.6,4.407,0.104,0.099,7.186,0.22,0.0,12.016
2025-11-23 03:00:00,4.52,78.52,1.8,4.5,0.11,0.119,0.0,0.157,0.0,4.886
2025-11-23 04:00:00,5.64,92.59,1.3,4.002,0.233,0.102,0.0,0.117,0.0,4.453
2025-11-23 05:00:00,4.42,93.32,1.4,4.397,0.1,0.106,0.0,0.122,0.0,4.725
2025-11-23 06:00:00,6.89,75.99,3.4,4.5,0.147,1.499,0.0,0.733,0.0,6.879
2025-11-23 07:00:00,9.5,88.01,3.1,3.66,0.262,1.88,0.0,0.625,0.354,6.427
2025-11-23 08:00:00,10.64,84.76,2.9,3.262,0.1,1.993,0.0,0.599,0.847,5.954
2025-11-23 09:00:00,10.57,70.6,3.5,3.296,0.111,0.098,0.0,0.271,0.876,3.775
2025-11-23 10:00:00,12.51,75.05,1.8,2.133,0.226,0.1,0.0,0.268,0.795,2.728
2025-11-23 11:00:00,11.98,72.86,1.2,2.34,0.1,0.096,0.0,0.127,0.727,2.662
2025-11-23 12:00:00,15.07,78.54,1.0,1.219,0.105,0.119,0.0,0.1,0.48,1.543
2025-11-23 13:00:00,14.39,68.06,1.6,1.777,0.242,0.099,0.0,0.271,0.0,2.388
2025-11-23 14:00:00,14.27,73.51,1.2,1.702,0.1,0.085,0.0,0.211,0.0,2.098
2025-11-23 15:00:00,13.97,70.77,1.1,1.846,0.148,0.081,0.0,0.128,0.0,2.203
2025-11-23 16:00:00,13.92,77.17,2.3,2.018,0.229,0.111,0.0,0.196,0.0,2.553
2025-11-23 17:00:00,12.54,74.67,3.8,3.067,0.1,0.102,0.0,1.352,0.0,4.62
2025-11-23 18:00:00,13.17,74.32,3.7,2.763,0.168,0.08,0.0,1.423,0.0,4.434
2025-11-23 19:00:00,10.38,77.38,3.7,3.49,0.231,1.43,7.482,1.447,0.0,14.08
2025-11-23 20:00:00,12.07,90.18,3.3,2.922,0.1,1.748,6.77,1.369,0.0,12.909
2025-11-23 21:00:00,10.58,79.47,4.0,3.807,0.162,1.769,6.718,1.443,0.0,13.898
2025-11-23 22:00:00,5.84,77.79,3.7,4.5,0.242,0.082,6.689,1.419,0.0,12.932
2025-11-23 23:00:00,6.25,87.16,3.5,4.5,0.1,0.085,6.941,1.322,0.0,12.948
2025-11-24 00:00:00,4.23,84.48,0.8,4.249,0.134,0.08,6.904,0.15,0.0,11.517
2025-11-24 01:00:00,4.21,78.72,0.5,3.921,0.214,0.115,6.521,0.166,0.0,10.937
2025-11-24 02:00:00,7.54,95.0,0.8,3.446,0.1,0.083,7.298,0.161,0.0,11.088
2025-11-24 03:00:00,4.24,84.03,0.9,4.096,0.131,0.084,0.0,0.177,0.0,4.488
2025-11-24 04:00:00,5.74,83.31,0.8,3.484,0.252,0.089,0.0,0.1,0.0,3.926
2025-11-24 05:00:00,6.81,85.04,1.0,3.723,0.1,0.117,0.0,0.225,0.0,4.165
2025-11-24 06:00:00,5.53,91.65,2.5,4.5,0.163,1.936,0.0,0.544,0.0,7.142
2025-11-24 07:00:00,6.96,73.15,2.6,4.341,0.217,1.884,0.0,0.502,0.442,6.944
2025-11-24 08:00:00,7.72,81.38,2.9,4.072,0.1,2.005,0.0,0.594,0.37,6.771
2025-11-24 09:00:00,9.5,88.88,2.7,3.468,0.184,0.108,0.0,0.221,0.95,3.981
2025-11-24 10:00:00,7.76,77.64,1.4,3.632,0.234,0.11,0.0,0.292,0.944,4.268
2025-11-24 11:00:00,13.89,69.58,0.7,1.745,0.1,0.083,0.0,0.145,0.782,2.073
2025-11-24 12:00:00,16.94,71.71,0.8,0.987,0.122,0.104,0.0,0.184,0.393,1.397
2025-11-24 13:00:00,14.58,75.24,1.3,1.701,0.231,0.11,0.0,0.204,0.0,2.246
2025-11-24 14:00:00,12.41,80.65,1.3,2.401,0.1,0.103,0.0,0.112,0.0,2.716
2025-11-24 15:00:00,13.4,72.51,0.7,1.927,0.119,0.08,0.0,0.167,0.0,2.293
2025-11-24 16:00:00,13.17,78.94,1.2,1.995,0.282,0.088,0.0,0.174,0.0,2.54
2025-11-24 17:00:00,11.54,68.58,2.6,2.759,0.1,0.119,0.0,1.224,0.0,4.201
2025-11-24 18:00:00,13.32,69.78,3.2,2.556,0.134,0.108,0.0,1.332,0.0,4.13
2025-11-24 19:00:00,12.04,76.03,3.0,2.762,0.244,1.613,7.353,1.321,0.0,13.292
2025-11-24 20:00:00,7.8,87.19,2.4,3.851,0.1,1.596,7.226,1.149,0.0,13.922
2025-11-24 21:00:00,9.33,81.9,2.8,3.789,0.133,1.277,7.17,1.276,0.0,13.645
2025-11-24 22:00:00,9.32,84.45,3.9,4.148,0.223,0.08,7.313,1.383,0.0,13.148
2025-11-24 23:00:00,8.85,85.63,3.1,3.947,0.1,0.098,6.536,1.247,0.0,11.928
2025-11-25 00:00:00,9.36,90.74,1.9,3.176,0.159,0.098,0.0,0.295,0.0,3.728
2025-11-25 01:00:00,3.21,82.74,0.4,4.342,0.233,0.112,0.0,0.1,0.0,4.787
2025-11-25 02:00:00,8.62,89.44,1.3,3.357,0.1,0.087,0.0,0.163,0.0,3.707
2025-11-25 03:00:00,4.03,81.64,0.0,3.704,0.167,0.091,0.0,0.161,0.0,4.123
2025-11-25 04:00:00,4.17,95.0,1.0,4.207,0.24,0.083,0.0,0.15,0.0,4.68
2025-11-25 05:00:00,6.34,80.24,1.3,3.838,0.1,0.096,0.0,0.195,0.0,4.229
2025-11-25 06:00:00,6.01,78.59,2.8,4.5,0.15,1.624,0.0,0.56,0.0,6.834
2025-11-25 07:00:00,8.69,84.3,2.2,3.814,0.272,1.629,0.0,0.482,0.423,6.198
2025-11-25 08:00:00,7.41,80.4,2.9,4.26,0.1,1.623,0.0,0.59,0.61,6.572
2025-11-25 09:00:00,10.32,80.08,2.3,3.048,0.175,0.089,0.0,0.226,0.717,3.538
2025-11-25 10:00:00,13.82,78.14,0.9,1.961,0.226,0.093,0.0,0.169,0.835,2.449
2025-11-25 11:00:00,12.84,70.31,0.8,1.961,0.1,0.101,0.0,0.207,0.785,2.37
2025-11-25 12:00:00,13.93,82.87,0.5,1.761,0.166,0.098,0.0,0.1,0.221,2.125
2025-11-25 13:00:00,14.93,78.67,1.6,1.729,0.267,0.083,0.0,0.17,0.0,2.248
2025-11-25 14:00:00,16.14,80.79,1.0,1.226,0.1,0.097,0.0,0.177,0.0,1.6
2025-11-25 15:00:00,11.73,71.56,1.4,2.38,0.128,0.114,0.0,0.145,0.0,2.766
2025-11-25 16:00:00,14.59,76.89,1.4,1.704,0.26,0.084,0.0,0.199,0.0,2.247
2025-11-25 17:00:00,12.52,76.74,2.6,2.479,0.1,0.118,0.0,1.204,0.0,3.901
2025-11-25 18:00:00,12.14,82.64,3.5,2.967,0.139,0.092,0.0,1.382,0.0,4.58
2025-11-25 19:00:00,12.27,84.25,3.2,2.92,0.219,1.209,0.0,1.327,0.0,5.674
2025-11-25 20:00:00,7.6,80.97,2.6,4.263,0.1,1.352,0.0,1.121,0.0,6.836
2025-11-25 21:00:00,6.57,73.96,3.2,4.5,0.154,1.242,0.0,1.382,0.0,7.278
2025-11-25 22:00:00,3.98,91.9,2.6,4.5,0.23,0.103,0.0,1.106,0.0,5.938
2025-11-25 23:00:00,5.03,87.02,3.6,4.5,0.1,0.093,0.0,1.305,0.0,5.998
2025-11-26 00:00:00,6.91,82.15,1.3,3.743,0.179,0.112,6.855,0.186,0.0,11.076
2025-11-26 01:00:00,4.23,87.83,1.0,4.074,0.219,0.109,7.417,0.194,0.0,12.013
2025-11-26 02:00:00,2.24,78.44,1.5,4.5,0.1,0.099,6.531,0.181,0.0,11.411
2025-11-26 03:00:00,3.69,91.07,0.4,3.849,0.152,0.102,0.0,0.134,0.0,4.238
2025-11-26 04:00:00,2.68,77.84,0.7,4.309,0.207,0.104,0.0,0.167,0.0,4.787
2025-11-26 05:00:00,4.02,83.14,0.9,4.173,0.1,0.091,0.0,0.203,0.0,4.567
2025-11-26 06:00:00,7.33,84.22,3.4,4.5,0.141,1.54,0.0,0.614,0.0,6.796
2025-11-26 07:00:00,6.19,86.75,2.1,4.305,0.253,1.711,0.0,0.51,0.143,6.78
2025-11-26 08:00:00,10.91,80.53,1.8,2.83,0.1,1.508,0.0,0.502,0.694,4.941
2025-11-26 09:00:00,10.43,81.62,1.9,3.13,0.109,0.093,0.0,0.274,1.03,3.605
2025-11-26 10:00:00,11.87,76.86,1.4,2.456,0.264,0.102,0.0,0.21,0.838,3.033
2025-11-26 11:00:00,12.36,75.6,0.8,2.165,0.1,0.102,0.0,0.201,0.638,2.568
2025-11-26 12:00:00,14.73,75.23,0.9,1.525,0.154,0.085,0.0,0.258,0.354,2.021
2025-11-26 13:00:00,15.25,73.26,1.3,1.449,0.24,0.08,0.0,0.229,0.0,1.998
2025-11-26 14:00:00,14.75,65.57,0.9,1.438,0.1,0.084,0.0,0.186,0.0,1.807
2025-11-26 15:00:00,14.92,70.36,1.1,1.494,0.197,0.081,0.0,0.26,0.0,2.032
2025-11-26 16:00:00,13.26,76.03,1.2,1.986,0.254,0.096,0.0,0.138,0.0,2.474
2025-11-26 17:00:00,13.59,74.51,2.8,2.355,0.1,0.096,0.0,1.239,0.0,3.79
2025-11-26 18:00:00,11.24,76.22,2.9,3.089,0.125,0.09,0.0,1.327,0.0,4.631
2025-11-26 19:00:00,10.54,76.83,3.1,3.333,0.24,1.329,7.747,1.186,0.0,13.834
2025-11-26 20:00:00,8.83,75.68,3.3,3.929,0.1,1.438,7.019,1.296,0.0,13.782
2025-11-26 21:00:00,7.27,79.09,2.7,4.278,0.148,1.252,7.345,1.269,0.0,14.291
2025-11-26 22:00:00,5.71,81.47,1.8,4.218,0.226,0.089,7.402,1.092,0.0,13.026
2025-11-26 23:00:00,6.41,84.27,3.3,4.5,0.1,0.096,7.851,1.349,0.0,13.897
2025-11-27 00:00:00,6.74,87.16,1.4,3.591,0.13,0.084,0.0,0.1,0.0,3.905
2025-11-27 01:00:00,6.03,84.89,1.1,3.86,0.254,0.114,0.0,0.14,0.0,4.368
2025-11-27 02:00:00,2.22,80.85,1.1,4.5,0.1,0.107,0.0,0.216,0.0,4.923
2025-11-27 03:00:00,6.21,78.81,0.8,3.694,0.108,0.095,0.0,0.128,0.0,4.025
2025-11-27 04:00:00,4.3,95.0,1.2,4.316,0.228,0.086,0.0,0.227,0.0,4.857
2025-11-27 05:00:00,6.47,78.59,1.3,3.931,0.1,0.088,0.0,0.205,0.0,4.323
2025-11-27 06:00:00,5.25,80.41,2.5,4.5,0.161,1.526,0.0,0.543,0.0,6.731
2025-11-27 07:00:00,8.02,84.14,3.5,4.343,0.245,1.555,0.0,0.697,0.303,6.841
2025-11-27 08:00:00,9.58,81.8,1.9,3.201,0.1,1.744,0.0,0.587,0.582,5.632
2025-11-27 09:00:00,8.17,81.05,2.6,4.012,0.152,0.09,0.0,0.245,0.936,4.499
2025-11-27 10:00:00,12.52,74.79,0.5,1.812,0.226,0.115,0.0,0.193,0.622,2.347
2025-11-27 11:00:00,14.66,76.95,1.4,1.572,0.1,0.118,0.0,0.104,0.836,1.894
2025-11-27 12:00:00,13.17,75.11,0.4,1.991,0.13,0.108,0.0,0.274,0.327,2.503
2025-11-27 13:00:00,15.98,72.64,0.5,0.94,0.236,0.112,0.0,0.305,0.0,1.593
2025-11-27 14:00:00,13.82,75.23,0.7,1.838,0.126,0.09,0.0,0.244,0.0,2.298
2025-11-27 15:00:00,15.21,79.48,1.1,1.415,0.187,0.107,0.0,0.189,0.0,1.898
2025-11-27 16:00:00,10.11,74.69,0.8,2.696,0.217,0.082,0.0,0.153,0.0,3.147
2025-11-27 17:00:00,16.27,75.68,2.8,1.614,0.1,0.118,0.0,1.223,0.0,3.056
2025-11-27 18:00:00,13.85,82.34,2.9,2.294,0.144,0.107,0.0,1.308,0.0,3.852
2025-11-27 19:00:00,9.97,83.25,2.9,3.626,0.239,1.39,0.0,1.318,0.0,6.573
2025-11-27 20:00:00,6.15,87.92,3.6,4.5,0.1,1.664,0.0,1.343,0.0,7.607
2025-11-27 21:00:00,8.24,72.77,3.3,4.149,0.147,1.209,0.0,1.323,0.0,6.829
2025-11-27 22:00:00,4.44,87.53,2.9,4.5,0.222,0.095,0.0,1.322,0.0,6.139
2025-11-27 23:00:00,6.24,87.25,3.8,4.5,0.1,0.116,0.0,1.409,0.0,6.125
2025-11-28 00:00:00,5.26,80.77,1.2,4.145,0.125,0.091,7.14,0.191,0.0,11.692
2025-11-28 01:00:00,2.73,87.05,0.6,4.5,0.24,0.107,7.789,0.237,0.0,12.874
2025-11-28 02:00:00,5.65,91.26,1.1,4.022,0.1,0.094,6.936,0.244,0.0,11.397
2025-11-28 03:00:00,5.35,81.65,1.2,3.913,0.129,0.096,0.0,0.227,0.0,4.365
2025-11-28 04:00:00,6.1,87.41,0.7,3.6,0.251,0.11,0.0,0.118,0.0,4.08
2025-11-28 05:00:00,5.45,88.6,0.6,3.747,0.1,0.116,0.0,0.115,0.0,4.078
2025-11-28 06:00:00,4.34,77.64,2.5,4.5,0.112,1.56,0.0,0.566,0.0,6.738
2025-11-28 07:00:00,9.14,80.84,2.4,3.539,0.222,1.639,0.0,0.562,0.413,5.963
2025-11-28 08:00:00,8.56,81.5,3.1,4.035,0.1,1.791,0.0,0.658,0.609,6.584
2025-11-28 09:00:00,8.18,74.47,2.8,3.952,0.125,0.105,0.0,0.229,0.727,4.41
2025-11-28 10:00:00,13.5,72.6,0.7,1.816,0.248,0.099,0.0,0.164,1.021,2.326
2025-11-28 11:00:00,15.65,75.08,1.2,1.265,0.1,0.112,0.0,0.172,0.782,1.649
2025-11-28 12:00:00,13.24,78.81,1.5,2.046,0.138,0.111,0.0,0.151,0.371,2.447
2025-11-28 13:00:00,17.04,77.42,0.4,0.777,0.239,0.096,0.0,0.14,0.0,1.253
2025-11-28 14:00:00,14.1,69.69,0.6,1.663,0.1,0.082,0.0,0.289,0.0,2.134
2025-11-28 15:00:00,13.23,77.47,1.0,1.946,0.142,0.088,0.0,0.215,0.0,2.391
2025-11-28 16:00:00,12.35,70.62,1.0,2.1,0.222,0.099,0.0,0.181,0.0,2.603
2025-11-28 17:00:00,14.96,67.71,3.0,2.101,0.1,0.117,0.0,1.202,0.0,3.52
2025-11-28 18:00:00,10.3,75.16,2.9,3.346,0.137,0.103,0.0,1.211,0.0,4.796
2025-11-28 19:00:00,11.36,84.06,2.9,3.061,0.25,1.518,7.879,1.257,0.0,13.965
2025-11-28 20:00:00,8.13,83.28,3.2,4.107,0.1,1.634,6.599,1.373,0.0,13.813
2025-11-28 21:00:00,6.98,81.55,3.5,4.5,0.153,1.291,7.898,1.364,0.0,15.207
2025-11-28 22:00:00,8.01,80.92,2.8,4.093,0.259,0.086,7.699,1.26,0.0,13.396
2025-11-28 23:00:00,4.86,82.29,4.0,4.5,0.1,0.094,7.728,1.492,0.0,13.913
2025-11-29 00:00:00,3.9,85.74,2.6,4.5,0.124,0.12,0.0,0.179,0.0,4.923
2025-11-29 01:00:00,5.7,80.45,2.3,4.5,0.246,0.115,0.0,0.29,0.0,5.151
2025-11-29 02:00:00,6.23,84.26,2.0,4.196,0.1,0.107,0.0,0.192,0.0,4.596
2025-11-29 03:00:00,4.97,84.72,2.6,4.5,0.138,0.096,0.0,0.286,0.0,5.02
2025-11-29 04:00:00,3.52,78.44,1.7,4.5,0.205,0.102,0.0,0.284,0.0,5.091
2025-11-29 05:00:00,4.53,80.05,1.5,4.5,0.1,0.092,0.0,0.149,0.0,4.841
2025-11-29 06:00:00,6.45,85.05,3.1,4.5,0.154,1.926,0.0,0.647,0.0,7.226
2025-11-29 07:00:00,8.02,81.6,2.9,4.163,0.248,1.742,0.0,0.671,0.337,6.824
2025-11-29 08:00:00,7.35,78.46,3.3,4.467,0.1,1.527,0.0,0.654,0.374,6.747
2025-11-29 09:00:00,11.21,73.89,3.4,3.125,0.109,0.089,0.0,0.24,0.78,3.562
2025-11-29 10:00:00,11.46,84.88,1.9,2.662,0.211,0.104,0.0,0.186,1.019,3.164
2025-11-29 11:00:00,9.8,71.57,1.8,3.119,0.1,0.108,0.0,0.111,0.716,3.438
2025-11-29 12:00:00,11.77,76.06,1.9,2.482,0.19,0.084,0.0,0.258,0.47,3.014
2025-11-29 13:00:00,12.91,71.77,2.5,2.3,0.236,0.112,0.0,0.174,0.0,2.823
2025-11-29 14:00:00,13.72,74.18,2.0,1.919,0.1,0.113,0.0,0.1,0.0,2.232
2025-11-29 15:00:00,16.5,76.49,2.2,1.379,0.129,0.109,0.0,0.267,0.0,1.884
2025-11-29 16:00:00,13.52,67.95,1.9,1.988,0.224,0.107,0.0,0.231,0.0,2.55
2025-11-29 17:00:00,11.11,75.72,3.2,3.237,0.1,0.089,0.0,1.239,0.0,4.665
2025-11-29 18:00:00,11.66,82.95,3.1,2.961,0.157,0.117,0.0,1.346,0.0,4.582
2025-11-29 19:00:00,9.6,87.25,4.0,4.072,0.219,1.361,0.0,1.473,0.0,7.125
2025-11-29 20:00:00,9.32,79.35,3.6,3.986,0.1,1.31,0.0,1.374,0.0,6.769
2025-11-29 21:00:00,8.41,81.76,3.6,4.223,0.14,1.583,0.0,1.351,0.0,7.297
2025-11-29 22:00:00,8.15,94.06,3.9,4.494,0.277,0.095,0.0,1.418,0.0,6.283
2025-11-29 23:00:00,5.26,89.92,4.0,4.5,0.1,0.117,0.0,1.45,0.0,6.168
2025-11-30 00:00:00,6.83,82.11,2.1,4.024,0.104,0.098,7.736,0.173,0.0,12.135
2025-11-30 01:00:00,5.23,82.7,2.5,4.5,0.248,0.087,7.226,0.281,0.0,12.342
2025-11-30 02:00:00,2.64,90.78,2.4,4.5,0.1,0.118,7.495,0.25,0.0,12.463
2025-11-30 03:00:00,7.19,80.74,1.5,3.703,0.163,0.101,0.0,0.188,0.0,4.154
2025-11-30 04:00:00,4.86,90.63,2.2,4.5,0.21,0.101,0.0,0.303,0.0,5.113
2025-11-30 05:00:00,3.91,85.91,1.6,4.5,0.1,0.095,0.0,0.184,0.0,4.88
2025-11-30 06:00:00,8.68,85.59,3.2,3.968,0.171,2.042,0.0,0.737,0.0,6.918
2025-11-30 07:00:00,10.52,80.27,2.9,3.247,0.208,1.647,0.0,0.644,0.407,5.746
2025-11-30 08:00:00,8.65,76.85,2.6,3.701,0.1,1.45,0.0,0.648,0.588,5.899
2025-11-30 09:00:00,9.24,85.76,3.3,3.851,0.153,0.1,0.0,0.23,0.742,4.334
2025-11-30 10:00:00,10.94,75.77,1.4,2.482,0.251,0.117,0.0,0.1,0.746,2.95
2025-11-30 11:00:00,13.31,73.7,2.2,2.311,0.1,0.091,0.0,0.239,0.622,2.741
2025-11-30 12:00:00,14.95,74.4,1.7,1.665,0.166,0.091,0.0,0.141,0.38,2.062
2025-11-30 13:00:00,14.39,75.17,1.9,1.828,0.235,0.11,0.0,0.177,0.0,2.35
2025-11-30 14:00:00,13.85,68.85,2.3,1.971,0.1,0.111,0.0,0.224,0.0,2.406
2025-11-30 15:00:00,15.78,71.38,1.2,1.4,0.123,0.097,0.0,0.154,0.0,1.774
2025-11-30 16:00:00,12.56,71.71,1.5,2.213,0.236,0.113,0.0,0.194,0.0,2.757
2025-11-30 17:00:00,13.78,79.98,3.9,2.64,0.1,0.087,0.0,1.43,0.0,4.257
2025-11-30 18:00:00,10.77,72.57,3.9,3.625,0.178,0.095,0.0,1.354,0.0,5.252
2025-11-30 19:00:00,10.64,69.67,4.0,3.799,0.24,1.443,7.61,1.454,0.0,14.546
2025-11-30 20:00:00,8.53,70.16,4.0,4.403,0.1,1.388,7.384,1.409,0.0,14.683
2025-11-30 21:00:00,7.32,74.2,3.8,4.5,0.177,1.331,6.591,1.361,0.0,13.96
2025-11-30 22:00:00,5.64,89.81,3.9,4.5,0.235,0.094,6.933,1.327,0.0,13.088
2025-11-30 23:00:00,7.18,84.32,3.9,4.5,0.1,0.081,7.376,1.351,0.0,13.408
2025-12-01 00:00:00,3.14,87.7,0.4,4.19,0.148,0.108,7.781,0.164,0.0,12.391
2025-12-01 01:00:00,2.63,88.48,0.9,4.5,0.237,0.107,7.824,0.18,0.0,12.849
2025-12-01 02:00:00,6.75,86.28,1.1,3.858,0.1,0.098,7.688,0.209,0.0,11.953
2025-12-01 03:00:00,5.21,85.42,1.2,4.081,0.125,0.093,0.0,0.271,0.0,4.57
2025-12-01 04:00:00,0.66,90.42,0.6,4.5,0.256,0.097,0.0,0.237,0.0,5.09
2025-12-01 05:00:00,4.19,84.97,0.5,4.011,0.1,0.117,0.0,0.215,0.0,4.443
2025-12-01 06:00:00,3.35,90.0,2.4,4.5,0.152,1.875,0.0,0.652,0.0,7.178
2025-12-01 07:00:00,5.85,84.66,3.3,4.5,0.233,1.967,0.0,0.672,0.449,7.372
2025-12-01 08:00:00,3.86,76.91,2.2,4.5,0.1,1.605,0.0,0.582,0.809,6.787
2025-12-01 09:00:00,9.66,75.96,3.0,3.481,0.157,0.084,0.0,0.316,0.899,4.037
2025-12-01 10:00:00,9.36,73.36,1.6,3.172,0.189,0.083,0.0,0.21,0.381,3.654
2025-12-01 11:00:00,12.2,81.85,1.0,2.104,0.1,0.099,0.0,0.192,0.681,2.496
2025-12-01 12:00:00,10.46,72.78,0.7,2.727,0.123,0.109,0.0,0.23,0.426,3.189
2025-12-01 13:00:00,13.53,70.21,1.2,1.918,0.236,0.111,0.0,0.172,0.0,2.438
2025-12-01 14:00:00,12.95,75.6,1.1,1.735,0.1,0.109,0.0,0.176,0.0,2.12
2025-12-01 15:00:00,15.65,73.72,0.7,1.312,0.137,0.117,0.0,0.102,0.0,1.667
2025-12-01 16:00:00,15.02,76.28,0.7,1.516,0.238,0.082,0.0,0.149,0.0,1.985
2025-12-01 17:00:00,13.29,85.21,3.2,2.465,0.1,0.114,0.0,1.293,0.0,3.972
2025-12-01 18:00:00,10.58,81.57,3.4,3.316,0.151,0.106,0.0,1.326,0.0,4.899
2025-12-01 19:00:00,12.84,78.58,2.9,2.557,0.265,1.305,6.812,1.3,0.0,12.239
2025-12-01 20:00:00,6.24,72.96,3.0,4.5,0.1,1.609,7.406,1.225,0.0,14.841
2025-12-01 21:00:00,5.17,79.05,3.3,4.5,0.18,1.507,6.564,1.397,0.0,14.149
2025-12-01 22:00:00,5.95,86.56,2.9,4.5,0.235,0.094,6.836,1.166,0.0,12.832
2025-12-01 23:00:00,8.42,78.39,2.9,3.98,0.1,0.09,6.702,1.291,0.0,12.162
2025-12-02 00:00:00,3.81,95.0,0.7,4.267,0.149,0.099,0.0,0.212,0.0,4.727
2025-12-02 01:00:00,3.34,85.87,0.7,4.334,0.259,0.09,0.0,0.205,0.0,4.888
2025-12-02 02:00:00,1.28,86.24,2.1,4.5,0.1,0.083,0.0,0.267,0.0,4.95
2025-12-02 03:00:00,5.04,82.46,0.9,4.059,0.1,0.114,0.0,0.167,0.0,4.44
2025-12-02 04:00:00,5.55,87.68,1.5,4.266,0.243,0.104,0.0,0.259,0.0,4.871
2025-12-02 05:00:00,6.09,78.45,1.7,4.242,0.1,0.095,0.0,0.166,0.0,4.602
2025-12-02 06:00:00,5.0,93.82,2.4,4.5,0.15,1.762,0.0,0.564,0.0,6.975
2025-12-02 07:00:00,6.09,88.14,2.6,4.5,0.226,2.063,0.0,0.715,0.439,7.504
2025-12-02 08:00:00,6.51,84.92,2.5,4.461,0.1,1.67,0.0,0.612,0.378,6.843
2025-12-02 09:00:00,9.87,71.49,1.9,3.078,0.167,0.095,0.0,0.253,0.985,3.594
2025-12-02 10:00:00,9.33,78.03,0.4,2.77,0.224,0.111,0.0,0.186,0.91,3.29
2025-12-02 11:00:00,10.22,81.8,1.0,2.733,0.1,0.088,0.0,0.217,0.468,3.138
2025-12-02 12:00:00,12.14,77.77,0.8,2.107,0.131,0.106,0.0,0.1,0.276,2.445
2025-12-02 13:00:00,12.54,69.19,1.8,2.275,0.238,0.097,0.0,0.222,0.0,2.832
2025-12-02 14:00:00,12.64,70.75,0.9,2.214,0.1,0.1,0.0,0.178,0.0,2.592
2025-12-02 15:00:00,13.98,71.94,1.8,1.859,0.132,0.111,0.0,0.252,0.0,2.355
2025-12-02 16:00:00,12.89,71.79,0.8,1.883,0.249,0.12,0.0,0.134,0.0,2.387
2025-12-02 17:00:00,11.55,83.4,3.8,3.288,0.1,0.113,0.0,1.462,0.0,4.963
2025-12-02 18:00:00,11.22,67.39,3.2,3.182,0.151,0.086,0.0,1.252,0.0,4.671
2025-12-02 19:00:00,8.25,81.73,3.2,4.03,0.23,1.335,0.0,1.293,0.0,6.888
2025-12-02 20:00:00,8.6,73.54,2.8,3.819,0.1,1.446,0.0,1.168,0.0,6.533
2025-12-02 21:00:00,7.38,76.75,3.2,4.368,0.163,1.632,0.0,1.263,0.0,7.425
2025-12-02 22:00:00,3.69,72.95,3.7,4.5,0.234,0.1,0.0,1.389,0.0,6.223
2025-12-02 23:00:00,6.4,81.5,2.9,4.5,0.1,0.116,0.0,1.339,0.0,6.055
2025-12-03 00:00:00,2.67,92.75,0.9,4.5,0.165,0.082,7.276,0.178,0.0,12.2
2025-12-03 01:00:00,3.63,87.12,0.9,4.25,0.247,0.09,7.867,0.113,0.0,12.568
2025-12-03 02:00:00,5.07,80.01,1.6,4.5,0.1,0.089,7.561,0.1,0.0,12.35
2025-12-03 03:00:00,4.88,90.88,1.3,4.349,0.173,0.11,0.0,0.224,0.0,4.856
2025-12-03 04:00:00,4.04,91.35,1.6,4.5,0.254,0.099,0.0,0.165,0.0,5.017
2025-12-03 05:00:00,4.24,84.76,1.1,4.226,0.106,0.081,0.0,0.158,0.0,4.569
2025-12-03 06:00:00,7.24,93.17,2.5,4.288,0.119,1.997,0.0,0.655,0.0,7.058
2025-12-03 07:00:00,8.04,85.66,2.7,4.074,0.251,1.7,0.0,0.607,0.403,6.632
2025-12-03 08:00:00,7.39,83.41,2.9,4.323,0.1,1.628,0.0,0.619,0.583,6.669
2025-12-03 09:00:00,8.42,74.43,2.4,3.592,0.17,0.087,0.0,0.23,0.817,4.079
2025-12-03 10:00:00,7.71,80.14,1.5,3.599,0.232,0.118,0.0,0.271,0.671,4.219
2025-12-03 11:00:00,12.09,76.84,1.1,2.471,0.1,0.118,0.0,0.197,0.539,2.885
2025-12-03 12:00:00,12.53,77.4,0.0,1.896,0.181,0.083,0.0,0.1,0.381,2.26
2025-12-03 13:00:00,14.86,70.78,1.4,1.588,0.227,0.089,0.0,0.15,0.0,2.054
2025-12-03 14:00:00,13.86,74.64,0.5,1.663,0.1,0.106,0.0,0.151,0.0,2.02
2025-12-03 15:00:00,15.15,70.12,1.3,1.53,0.191,0.107,0.0,0.233,0.0,2.061
2025-12-03 16:00:00,11.61,64.07,1.4,2.408,0.211,0.097,0.0,0.129,0.0,2.845
2025-12-03 17:00:00,13.57,80.75,3.1,2.4,0.1,0.103,0.0,1.309,0.0,3.911
2025-12-03 18:00:00,10.03,69.49,3.2,3.723,0.135,0.108,0.0,1.311,0.0,5.277
2025-12-03 19:00:00,10.78,78.98,3.4,3.54,0.221,1.77,6.564,1.401,0.0,13.497
2025-12-03 20:00:00,6.13,81.67,2.8,4.5,0.1,1.635,7.234,1.198,0.0,14.667
2025-12-03 21:00:00,7.38,83.19,3.3,4.5,0.164,1.266,7.733,1.339,0.0,15.002
2025-12-03 22:00:00,2.85,81.58,3.5,4.5,0.256,0.109,6.822,1.431,0.0,13.117
2025-12-03 23:00:00,4.39,85.6,3.7,4.5,0.1,0.083,7.782,1.438,0.0,13.902
2025-12-04 00:00:00,4.53,87.55,0.6,3.969,0.136,0.1,0.0,0.197,0.0,4.402
2025-12-04 01:00:00,2.59,89.47,1.2,4.5,0.214,0.101,0.0,0.169,0.0,4.984
2025-12-04 02:00:00,1.63,94.67,0.6,4.5,0.1,0.111,0.0,0.176,0.0,4.887
2025-12-04 03:00:00,4.64,86.97,0.6,4.005,0.157,0.08,0.0,0.162,0.0,4.405
2025-12-04 04:00:00,3.72,85.52,1.1,4.334,0.232,0.115,0.0,0.227,0.0,4.909
2025-12-04 05:00:00,3.93,79.71,1.0,4.232,0.1,0.107,0.0,0.207,0.0,4.645
2025-12-04 06:00:00,5.76,85.18,3.0,4.5,0.113,1.462,0.0,0.605,0.0,6.681
2025-12-04 07:00:00,10.86,84.89,2.4,2.941,0.232,1.555,0.0,0.676,0.316,5.405
2025-12-04 08:00:00,9.93,79.04,2.4,3.411,0.1,1.468,0.0,0.656,0.611,5.635
2025-12-04 09:00:00,11.24,81.17,2.6,2.904,0.132,0.111,0.0,0.184,0.455,3.331
2025-12-04 10:00:00,11.35,75.54,0.7,2.355,0.251,0.087,0.0,0.152,0.712,2.845
2025-12-04 11:00:00,11.99,79.11,0.7,2.227,0.1,0.082,0.0,0.163,0.535,2.572
2025-12-04 12:00:00,8.94,79.37,1.4,3.181,0.155,0.086,0.0,0.234,0.285,3.656
2025-12-04 13:00:00,12.01,78.7,0.8,2.185,0.242,0.102,0.0,0.133,0.0,2.662
2025-12-04 14:00:00,12.48,74.59,1.5,2.22,0.1,0.1,0.0,0.161,0.0,2.581
2025-12-04 15:00:00,10.22,69.0,1.2,2.812,0.13,0.09,0.0,0.231,0.0,3.263
2025-12-04 16:00:00,10.8,71.74,0.4,2.277,0.206,0.118,0.0,0.189,0.0,2.79
2025-12-04 17:00:00,8.77,78.73,3.2,3.966,0.1,0.114,0.0,1.217,0.0,5.397
2025-12-04 18:00:00,10.64,89.24,3.2,3.45,0.119,0.093,0.0,1.346,0.0,5.008
2025-12-04 19:00:00,10.72,76.74,3.2,3.222,0.221,1.485,0.0,1.233,0.0,6.161
2025-12-04 20:00:00,9.86,82.28,2.9,3.484,0.1,1.51,0.0,1.239,0.0,6.333
2025-12-04 21:00:00,7.53,78.77,2.6,4.182,0.153,1.654,0.0,1.202,0.0,7.19
2025-12-04 22:00:00,4.26,78.13,3.5,4.5,0.244,0.097,0.0,1.343,0.0,6.184
2025-12-04 23:00:00,1.77,80.86,3.0,4.5,0.1,0.102,0.0,1.241,0.0,5.943
2025-12-05 00:00:00,1.12,74.78,0.6,4.5,0.162,0.097,7.449,0.118,0.0,12.325
2025-12-05 01:00:00,1.35,92.56,1.2,4.5,0.236,0.111,6.535,0.211,0.0,11.593
2025-12-05 02:00:00,1.75,74.85,0.7,4.471,0.1,0.102,7.769,0.1,0.0,12.543
2025-12-05 03:00:00,3.01,84.48,0.6,4.328,0.204,0.113,0.0,0.142,0.0,4.787
2025-12-05 04:00:00,2.23,79.31,0.8,4.5,0.231,0.082,0.0,0.215,0.0,5.028
2025-12-05 05:00:00,5.06,79.82,0.7,3.99,0.1,0.116,0.0,0.192,0.0,4.398
2025-12-05 06:00:00,5.24,89.88,2.1,4.5,0.159,2.03,0.0,0.502,0.0,7.19
2025-12-05 07:00:00,6.81,82.56,2.8,4.457,0.226,2.029,0.0,0.529,0.305,7.242
2025-12-05 08:00:00,9.79,75.17,2.5,3.316,0.1,1.541,0.0,0.542,0.616,5.499
2025-12-05 09:00:00,7.61,75.5,3.0,4.433,0.18,0.091,0.0,0.131,0.415,4.834
2025-12-05 10:00:00,11.21,73.17,0.7,2.441,0.222,0.119,0.0,0.174,0.562,2.957
2025-12-05 11:00:00,11.6,75.54,0.3,2.225,0.1,0.118,0.0,0.136,0.259,2.579
2025-12-05 12:00:00,11.91,75.67,1.1,2.437,0.168,0.089,0.0,0.163,0.391,2.856
2025-12-05 13:00:00,14.24,83.68,1.7,1.774,0.232,0.097,0.0,0.228,0.0,2.331
2025-12-05 14:00:00,14.4,64.42,1.2,1.844,0.1,0.086,0.0,0.23,0.0,2.26
2025-12-05 15:00:00,11.49,74.03,2.3,2.782,0.169,0.091,0.0,0.23,0.0,3.272
2025-12-05 16:00:00,12.14,73.23,1.1,2.314,0.234,0.087,0.0,0.173,0.0,2.808
2025-12-05 17:00:00,12.04,80.49,3.1,2.87,0.1,0.083,0.0,1.26,0.0,4.313
2025-12-05 18:00:00,10.17,78.77,2.1,2.958,0.18,0.103,0.0,1.125,0.0,4.365
2025-12-05 19:00:00,10.26,81.4,3.2,3.584,0.217,1.344,6.963,1.318,0.0,13.427
2025-12-05 20:00:00,8.51,81.73,3.1,3.831,0.1,1.795,7.175,1.337,0.0,14.239
2025-12-05 21:00:00,9.54,76.89,2.8,3.498,0.124,1.509,7.087,1.184,0.0,13.403
2025-12-05 22:00:00,3.29,89.06,2.9,4.5,0.226,0.094,7.335,1.215,0.0,13.37
2025-12-05 23:00:00,4.36,88.24,3.0,4.5,0.1,0.117,6.696,1.275,0.0,12.688
2025-12-06 00:00:00,2.28,89.77,1.7,4.5,0.153,0.105,0.0,0.1,0.0,4.858
2025-12-06 01:00:00,4.05,92.12,2.6,4.5,0.219,0.085,0.0,0.243,0.0,5.047
2025-12-06 02:00:00,0.54,88.09,1.7,4.5,0.103,0.1,0.0,0.252,0.0,4.955
2025-12-06 03:00:00,3.66,93.2,1.9,4.5,0.15,0.098,0.0,0.324,0.0,5.072
2025-12-06 04:00:00,2.69,87.08,1.6,4.5,0.254,0.111,0.0,0.203,0.0,5.068
2025-12-06 05:00:00,3.33,83.15,2.1,4.5,0.1,0.108,0.0,0.256,0.0,4.964
2025-12-06 06:00:00,3.3,82.97,3.4,4.5,0.17,1.707,0.0,0.671,0.0,7.048
2025-12-06 07:00:00,5.98,81.43,3.2,4.5,0.195,1.778,0.0,0.736,0.387,7.209
2025-12-06 08:00:00,9.6,77.4,2.5,3.441,0.1,1.814,0.0,0.581,0.645,5.936
2025-12-06 09:00:00,9.23,86.61,3.4,3.786,0.14,0.097,0.0,0.268,0.769,4.291
2025-12-06 10:00:00,11.41,78.48,1.7,2.73,0.226,0.084,0.0,0.23,0.856,3.271
2025-12-06 11:00:00,14.0,76.23,1.8,1.911,0.1,0.116,0.0,0.223,0.565,2.35
2025-12-06 12:00:00,12.69,76.75,1.3,2.443,0.162,0.107,0.0,0.151,0.258,2.863
2025-12-06 13:00:00,11.96,89.1,2.4,2.793,0.235,0.099,0.0,0.153,0.0,3.28
2025-12-06 14:00:00,13.67,68.34,2.1,2.118,0.1,0.103,0.0,0.265,0.0,2.586
2025-12-06 15:00:00,11.98,69.98,2.4,2.748,0.199,0.089,0.0,0.234,0.0,3.269
2025-12-06 16:00:00,11.54,67.9,2.3,2.577,0.243,0.101,0.0,0.222,0.0,3.143
2025-12-06 17:00:00,9.22,74.59,4.0,4.241,0.1,0.11,0.0,1.485,0.0,5.936
2025-12-06 18:00:00,11.86,78.23,3.3,2.938,0.165,0.101,0.0,1.377,0.0,4.582
2025-12-06 19:00:00,8.68,76.12,4.0,4.344,0.248,1.488,0.0,1.458,0.0,7.538
2025-12-06 20:00:00,8.24,77.3,3.4,4.178,0.1,1.477,0.0,1.38,0.0,7.135
2025-12-06 21:00:00,5.12,82.26,3.7,4.5,0.162,1.657,0.0,1.365,0.0,7.684
2025-12-06 22:00:00,6.12,80.49,4.0,4.5,0.219,0.11,0.0,1.467,0.0,6.295
2025-12-06 23:00:00,3.29,85.79,4.0,4.5,0.1,0.11,0.0,1.362,0.0,6.072
2025-12-07 00:00:00,3.31,90.77,2.0,4.5,0.152,0.09,7.42,0.212,0.0,12.373
2025-12-07 01:00:00,4.34,89.18,1.6,4.5,0.258,0.105,6.827,0.237,0.0,11.926
2025-12-07 02:00:00,4.04,90.41,1.6,4.439,0.1,0.111,7.728,0.161,0.0,12.54
2025-12-07 03:00:00,2.99,91.23,2.8,4.5,0.148,0.102,0.0,0.242,0.0,4.992
2025-12-07 04:00:00,0.87,86.61,1.8,4.5,0.254,0.111,0.0,0.219,0.0,5.084
2025-12-07 05:00:00,8.81,83.45,1.7,3.423,0.1,0.114,0.0,0.158,0.0,3.795
2025-12-07 06:00:00,7.98,79.14,3.0,4.127,0.153,1.565,0.0,0.698,0.0,6.543
2025-12-07 07:00:00,7.65,79.6,3.4,4.348,0.276,1.661,0.0,0.688,0.374,6.972
2025-12-07 08:00:00,6.73,77.38,3.4,4.5,0.1,1.873,0.0,0.587,0.574,7.059
2025-12-07 09:00:00,8.98,82.11,3.3,3.979,0.138,0.092,0.0,0.253,0.394,4.463
2025-12-07 10:00:00,9.54,78.73,2.0,3.389,0.242,0.118,0.0,0.281,0.858,4.03
2025-12-07 11:00:00,13.29,79.24,2.5,2.542,0.1,0.088,0.0,0.225,0.414,2.955
2025-12-07 12:00:00,12.58,69.0,1.6,2.434,0.188,0.094,0.0,0.164,0.422,2.881
2025-12-07 13:00:00,11.51,81.36,1.8,2.48,0.249,0.12,0.0,0.177,0.0,3.026
2025-12-07 14:00:00,12.15,71.87,1.5,2.351,0.1,0.088,0.0,0.188,0.0,2.727
2025-12-07 15:00:00,14.37,68.7,1.9,1.912,0.175,0.098,0.0,0.147,0.0,2.332
2025-12-07 16:00:00,14.59,72.61,1.6,1.704,0.232,0.093,0.0,0.267,0.0,2.296
2025-12-07 17:00:00,13.69,88.18,3.6,2.471,0.1,0.112,0.0,1.421,0.0,4.104
2025-12-07 18:00:00,11.49,75.06,3.2,2.886,0.164,0.092,0.0,1.368,0.0,4.511
2025-12-07 19:00:00,8.77,76.82,3.8,4.331,0.229,1.297,7.206,1.339,0.0,14.401
2025-12-07 20:00:00,2.99,79.04,4.0,4.5,0.118,1.76,7.061,1.442,0.0,14.881
2025-12-07 21:00:00,7.01,80.81,4.0,4.5,0.155,1.39,6.975,1.494,0.0,14.515
2025-12-07 22:00:00,5.35,79.09,4.0,4.5,0.251,0.11,6.645,1.391,0.0,12.896
2025-12-07 23:00:00,4.53,84.96,3.6,4.5,0.1,0.092,7.2,1.376,0.0,13.267
2025-12-08 00:00:00,3.5,90.57,0.5,3.951,0.175,0.087,7.662,0.109,0.0,11.985
2025-12-08 01:00:00,0.93,87.37,0.5,4.5,0.236,0.112,6.631,0.207,0.0,11.686
2025-12-08 02:00:00,3.58,80.44,0.5,4.223,0.1,0.082,7.543,0.154,0.0,12.103
2025-12-08 03:00:00,3.87,84.07,1.8,4.5,0.148,0.093,0.0,0.198,0.0,4.939
2025-12-08 04:00:00,4.44,82.44,1.1,4.296,0.211,0.111,0.0,0.127,0.0,4.745
2025-12-08 05:00:00,5.63,84.51,0.8,3.646,0.1,0.1,0.0,0.25,0.0,4.097
2025-12-08 06:00:00,6.15,89.65,2.1,4.297,0.161,1.936,0.0,0.572,0.0,6.967
2025-12-08 07:00:00,5.84,80.81,2.2,4.401,0.206,1.488,0.0,0.612,0.428,6.707
2025-12-08 08:00:00,7.64,79.56,2.3,3.854,0.1,1.98,0.0,0.6,0.767,6.533
2025-12-08 09:00:00,9.18,87.34,3.0,3.776,0.145,0.087,0.0,0.195,0.587,4.203
2025-12-08 10:00:00,10.41,81.38,1.0,2.486,0.241,0.112,0.0,0.1,0.912,2.94
2025-12-08 11:00:00,12.78,78.63,0.4,1.966,0.1,0.103,0.0,0.153,0.676,2.322
2025-12-08 12:00:00,13.04,84.59,1.9,2.216,0.154,0.11,0.0,0.263,0.421,2.743
2025-12-08 13:00:00,15.69,76.65,0.5,1.237,0.216,0.089,0.0,0.1,0.0,1.641
2025-12-08 14:00:00,16.06,64.07,0.8,1.297,0.1,0.096,0.0,0.27,0.0,1.763
2025-12-08 15:00:00,12.7,78.37,1.5,2.287,0.119,0.112,0.0,0.237,0.0,2.756
2025-12-08 16:00:00,6.32,66.84,1.2,3.762,0.219,0.116,0.0,0.195,0.0,4.292
2025-12-08 17:00:00,13.14,78.02,2.8,2.347,0.1,0.089,0.0,1.244,0.0,3.78
2025-12-08 18:00:00,9.44,68.43,2.5,3.633,0.145,0.112,0.0,1.244,0.0,5.134
2025-12-08 19:00:00,7.84,76.11,2.6,3.896,0.254,1.265,7.731,1.157,0.0,14.304
2025-12-08 20:00:00,7.15,78.18,2.6,4.315,0.1,1.455,6.686,1.244,0.0,13.801
2025-12-08 21:00:00,5.78,77.7,3.0,4.5,0.149,1.763,6.882,1.296,0.0,14.59
2025-12-08 22:00:00,6.17,81.26,3.1,4.5,0.235,0.118,6.654,1.382,0.0,12.889
2025-12-08 23:00:00,1.87,89.41,2.9,4.5,0.1,0.092,6.541,1.252,0.0,12.485
2025-12-09 00:00:00,1.7,81.63,1.0,4.5,0.132,0.088,0.0,0.182,0.0,4.901
2025-12-09 01:00:00,3.33,88.52,0.6,4.271,0.259,0.086,0.0,0.164,0.0,4.78
2025-12-09 02:00:00,3.58,81.17,1.1,4.5,0.104,0.099,0.0,0.158,0.0,4.861
2025-12-09 03:00:00,3.77,84.85,1.5,4.5,0.116,0.084,0.0,0.269,0.0,4.969
2025-12-09 04:00:00,2.13,86.82,0.9,4.5,0.218,0.094,0.0,0.129,0.0,4.942
2025-12-09 05:00:00,2.64,79.26,0.9,4.5,0.1,0.081,0.0,0.102,0.0,4.783
2025-12-09 06:00:00,4.38,76.44,2.5,4.5,0.144,1.627,0.0,0.615,0.0,6.886
2025-12-09 07:00:00,6.71,84.01,2.9,4.5,0.262,2.088,0.0,0.6,0.226,7.449
2025-12-09 08:00:00,9.87,85.62,2.1,3.124,0.1,1.762,0.0,0.584,0.693,5.57
2025-12-09 09:00:00,5.87,78.05,3.1,4.5,0.147,0.083,0.0,0.274,0.907,5.004
2025-12-09 10:00:00,9.81,74.71,1.2,3.008,0.237,0.106,0.0,0.192,0.565,3.543
2025-12-09 11:00:00,9.18,76.54,1.0,2.896,0.1,0.118,0.0,0.182,0.7,3.296
2025-12-09 12:00:00,9.49,75.08,1.5,2.954,0.165,0.099,0.0,0.1,0.388,3.317
2025-12-09 13:00:00,13.92,75.42,0.5,1.554,0.254,0.105,0.0,0.194,0.0,2.106
2025-12-09 14:00:00,13.46,61.36,1.2,1.999,0.1,0.117,0.0,0.196,0.0,2.412
2025-12-09 15:00:00,13.15,68.86,1.2,1.904,0.106,0.097,0.0,0.279,0.0,2.386
2025-12-09 16:00:00,13.35,70.58,0.6,1.826,0.237,0.107,0.0,0.226,0.0,2.396
2025-12-09 17:00:00,10.46,76.51,3.2,3.564,0.1,0.098,0.0,1.235,0.0,4.997
2025-12-09 18:00:00,9.49,77.93,3.1,3.709,0.17,0.118,0.0,1.351,0.0,5.348
2025-12-09 19:00:00,12.21,81.63,2.9,2.704,0.241,1.502,0.0,1.204,0.0,5.651
2025-12-09 20:00:00,7.27,81.29,3.3,4.5,0.1,1.731,0.0,1.377,0.0,7.708
2025-12-09 21:00:00,7.45,75.05,2.8,4.213,0.14,1.504,0.0,1.316,0.0,7.174
2025-12-09 22:00:00,5.15,90.24,3.1,4.5,0.255,0.107,0.0,1.391,0.0,6.253
2025-12-09 23:00:00,1.33,90.6,2.9,4.5,0.1,0.095,0.0,1.252,0.0,5.947
2025-12-10 00:00:00,0.14,78.91,0.8,4.5,0.117,0.117,7.556,0.208,0.0,12.499
2025-12-10 01:00:00,1.84,87.46,1.2,4.5,0.211,0.106,7.754,0.237,0.0,12.807
2025-12-10 02:00:00,4.12,83.02,0.9,4.269,0.1,0.081,7.503,0.201,0.0,12.154
2025-12-10 03:00:00,3.89,86.49,0.4,3.919,0.147,0.081,0.0,0.1,0.0,4.246
2025-12-10 04:00:00,4.58,90.46,0.3,3.993,0.257,0.107,0.0,0.166,0.0,4.523
2025-12-10 05:00:00,2.52,94.89,1.3,4.5,0.1,0.085,0.0,0.218,0.0,4.902
2025-12-10 06:00:00,7.46,86.76,2.0,3.771,0.164,1.956,0.0,0.561,0.0,6.452
2025-12-10 07:00:00,4.8,83.03,2.6,4.5,0.222,1.672,0.0,0.566,0.291,6.96
2025-12-10 08:00:00,7.86,78.3,2.5,3.911,0.1,1.828,0.0,0.592,0.49,6.431
2025-12-10 09:00:00,8.82,79.36,2.4,3.549,0.157,0.087,0.0,0.266,0.707,4.058
2025-12-10 10:00:00,9.78,83.8,1.8,3.074,0.223,0.09,0.0,0.223,0.702,3.609
2025-12-10 11:00:00,13.08,75.53,1.1,2.038,0.1,0.097,0.0,0.205,0.695,2.441
2025-12-10 12:00:00,10.81,70.37,1.3,2.772,0.112,0.107,0.0,0.177,0.28,3.168
2025-12-10 13:00:00,10.34,66.11,1.1,2.471,0.241,0.086,0.0,0.205,0.0,3.003
2025-12-10 14:00:00,12.57,76.57,0.9,2.2,0.1,0.091,0.0,0.1,0.0,2.491
2025-12-10 15:00:00,11.77,75.44,1.0,2.278,0.13,0.088,0.0,0.178,0.0,2.673
2025-12-10 16:00:00,16.94,71.57,1.6,1.065,0.256,0.115,0.0,0.178,0.0,1.615
2025-12-10 17:00:00,12.09,80.89,3.4,3.142,0.1,0.106,0.0,1.351,0.0,4.699
2025-12-10 18:00:00,9.43,74.89,3.8,4.012,0.127,0.099,0.0,1.346,0.0,5.584
2025-12-10 19:00:00,7.25,77.77,3.1,4.471,0.248,1.768,7.179,1.313,0.0,14.98
2025-12-10 20:00:00,4.72,79.92,2.6,4.5,0.1,1.641,7.148,1.32,0.0,14.709
2025-12-10 21:00:00,4.71,79.8,2.8,4.5,0.17,1.759,7.509,1.256,0.0,15.194
2025-12-10 22:00:00,5.21,84.18,2.5,4.5,0.249,0.104,7.381,1.206,0.0,13.441
2025-12-10 23:00:00,6.14,90.0,3.3,4.5,0.1,0.086,7.78,1.454,0.0,13.92
2025-12-11 00:00:00,4.79,79.48,0.8,4.084,0.17,0.107,0.0,0.126,0.0,4.486
2025-12-11 01:00:00,2.95,88.24,0.0,4.125,0.198,0.088,0.0,0.175,0.0,4.585
2025-12-11 02:00:00,1.96,86.86,2.0,4.5,0.1,0.094,0.0,0.289,0.0,4.982
2025-12-11 03:00:00,3.01,86.56,0.8,4.347,0.125,0.1,0.0,0.154,0.0,4.726
2025-12-11 04:00:00,2.33,89.56,0.8,4.466,0.226,0.086,0.0,0.216,0.0,4.994
2025-12-11 05:00:00,6.48,84.49,1.7,4.23,0.1,0.081,0.0,0.208,0.0,4.619
2025-12-11 06:00:00,4.66,85.4,2.0,4.5,0.176,1.676,0.0,0.508,0.0,6.859
2025-12-11 07:00:00,6.02,85.13,3.0,4.5,0.227,2.034,0.0,0.628,0.43,7.388
2025-12-11 08:00:00,4.12,77.48,2.3,4.5,0.1,1.451,0.0,0.58,0.659,6.631
2025-12-11 09:00:00,8.44,79.94,2.0,3.784,0.141,0.084,0.0,0.177,0.59,4.187
2025-12-11 10:00:00,11.19,75.75,1.7,2.67,0.217,0.112,0.0,0.12,0.483,3.119
2025-12-11 11:00:00,9.37,75.09,1.4,2.922,0.1,0.092,0.0,0.17,0.689,3.285
2025-12-11 12:00:00,10.64,73.19,1.4,2.746,0.156,0.118,0.0,0.116,0.355,3.136
2025-12-11 13:00:00,13.46,76.56,1.1,1.796,0.236,0.095,0.0,0.211,0.0,2.339
2025-12-11 14:00:00,10.22,74.41,1.2,3.079,0.1,0.112,0.0,0.215,0.0,3.506
2025-12-11 15:00:00,13.86,76.18,0.5,1.754,0.145,0.09,0.0,0.101,0.0,2.091
2025-12-11 16:00:00,10.97,74.72,1.0,2.63,0.232,0.082,0.0,0.185,0.0,3.13
2025-12-11 17:00:00,10.39,67.74,2.6,3.332,0.1,0.115,0.0,1.153,0.0,4.7
2025-12-11 18:00:00,8.25,77.16,2.4,3.763,0.143,0.117,0.0,1.173,0.0,5.196
2025-12-11 19:00:00,9.3,78.76,3.2,3.782,0.208,1.625,0.0,1.273,0.0,6.888
2025-12-11 20:00:00,11.13,81.21,3.5,3.311,0.1,1.662,0.0,1.378,0.0,6.451
2025-12-11 21:00:00,7.32,78.58,2.8,4.49,0.136,1.204,0.0,1.174,0.0,7.005
2025-12-11 22:00:00,3.64,77.02,2.9,4.5,0.238,0.11,0.0,1.316,0.0,6.164
2025-12-11 23:00:00,5.61,87.37,2.5,4.5,0.1,0.099,0.0,1.269,0.0,5.967
2025-12-12 00:00:00,2.54,83.83,1.0,4.5,0.131,0.098,7.162,0.173,0.0,12.063
2025-12-12 01:00:00,4.58,86.65,1.3,4.253,0.199,0.102,6.844,0.122,0.0,11.519
2025-12-12 02:00:00,3.55,84.59,1.3,4.45,0.1,0.091,7.03,0.1,0.0,11.771
2025-12-12 03:00:00,-1.9,85.77,1.2,4.5,0.1,0.108,0.0,0.241,0.0,4.949
2025-12-12 04:00:00,1.51,82.95,0.8,4.5,0.263,0.092,0.0,0.272,0.0,5.126
2025-12-12 05:00:00,5.22,79.4,0.7,3.966,0.1,0.102,0.0,0.174,0.0,4.342
2025-12-12 06:00:00,5.07,85.37,2.8,4.5,0.132,1.539,0.0,0.567,0.0,6.738
2025-12-12 07:00:00,4.51,78.54,2.8,4.5,0.268,1.926,0.0,0.571,0.248,7.266
2025-12-12 08:00:00,6.39,80.82,2.4,4.327,0.105,1.577,0.0,0.654,0.509,6.662
2025-12-12 09:00:00,5.78,80.5,2.3,4.5,0.145,0.087,0.0,0.228,0.496,4.96
2025-12-12 10:00:00,9.71,74.07,1.5,3.191,0.245,0.081,0.0,0.146,0.932,3.663
2025-12-12 11:00:00,14.19,69.74,0.9,1.845,0.1,0.085,0.0,0.291,0.675,2.32
2025-12-12 12:00:00,12.88,86.93,1.3,2.228,0.18,0.089,0.0,0.241,0.157,2.739
2025-12-12 13:00:00,15.46,71.57,0.9,1.412,0.209,0.089,0.0,0.206,0.0,1.916
2025-12-12 14:00:00,13.67,77.12,0.6,1.806,0.1,0.093,0.0,0.14,0.0,2.138
2025-12-12 15:00:00,13.71,83.9,1.6,2.035,0.168,0.082,0.0,0.261,0.0,2.547
2025-12-12 16:00:00,14.63,78.75,1.0,1.604,0.253,0.117,0.0,0.226,0.0,2.2
2025-12-12 17:00:00,11.44,74.26,2.7,2.918,0.1,0.085,0.0,1.229,0.0,4.332
2025-12-12 18:00:00,9.56,76.66,2.4,3.551,0.178,0.108,0.0,1.245,0.0,5.082
2025-12-12 19:00:00,10.19,74.28,2.5,3.136,0.241,1.521,6.592,1.25,0.0,12.74
2025-12-12 20:00:00,9.52,84.41,2.9,3.753,0.1,1.532,7.367,1.27,0.0,14.022
2025-12-12 21:00:00,5.33,84.38,3.8,4.5,0.164,1.263,7.892,1.346,0.0,15.165
2025-12-12 22:00:00,3.76,80.43,2.8,4.5,0.235,0.09,6.788,1.192,0.0,12.805
2025-12-12 23:00:00,4.02,79.03,3.6,4.5,0.1,0.111,7.622,1.293,0.0,13.626
2025-12-13 00:00:00,4.17,78.59,1.7,4.5,0.134,0.099,0.0,0.269,0.0,5.001
2025-12-13 01:00:00,3.62,90.73,1.3,4.5,0.295,0.098,0.0,0.117,0.0,5.01
2025-12-13 02:00:00,0.11,86.6,1.6,4.5,0.1,0.102,0.0,0.2,0.0,4.902
2025-12-13 03:00:00,5.29,86.87,1.3,4.061,0.165,0.097,0.0,0.109,0.0,4.432
2025-12-13 04:00:00,1.96,81.08,1.5,4.5,0.275,0.112,0.0,0.278,0.0,5.165
2025-12-13 05:00:00,3.32,76.93,1.4,4.5,0.1,0.11,0.0,0.135,0.0,4.845
2025-12-13 06:00:00,3.4,87.81,2.5,4.5,0.162,1.668,0.0,0.619,0.0,6.95
2025-12-13 07:00:00,10.0,81.76,3.9,3.812,0.237,2.025,0.0,0.634,0.283,6.708
2025-12-13 08:00:00,7.61,84.54,3.4,4.473,0.1,1.813,0.0,0.714,0.376,7.101
2025-12-13 09:00:00,7.27,76.52,3.0,4.393,0.132,0.105,0.0,0.295,0.757,4.925
2025-12-13 10:00:00,11.05,75.82,1.9,2.864,0.222,0.115,0.0,0.208,0.721,3.408
2025-12-13 11:00:00,11.94,79.32,1.5,2.436,0.1,0.099,0.0,0.191,0.555,2.826
2025-12-13 12:00:00,11.3,78.47,0.7,2.304,0.14,0.11,0.0,0.212,0.267,2.767
2025-12-13 13:00:00,13.34,78.19,3.0,2.347,0.227,0.105,0.0,0.209,0.0,2.889
2025-12-13 14:00:00,11.01,72.52,1.9,2.837,0.104,0.097,0.0,0.261,0.0,3.298
2025-12-13 15:00:00,11.34,77.28,1.6,2.751,0.153,0.112,0.0,0.212,0.0,3.227
2025-12-13 16:00:00,8.56,80.35,1.0,3.134,0.221,0.084,0.0,0.102,0.0,3.541
2025-12-13 17:00:00,8.8,75.23,3.2,3.903,0.1,0.103,0.0,1.405,0.0,5.511
2025-12-13 18:00:00,12.46,74.43,4.0,2.98,0.158,0.082,0.0,1.449,0.0,4.669
2025-12-13 19:00:00,11.01,85.16,4.0,3.462,0.243,1.294,0.0,1.423,0.0,6.422
2025-12-13 20:00:00,7.35,76.73,4.0,4.5,0.1,1.559,0.0,1.448,0.0,7.608
2025-12-13 21:00:00,8.45,84.7,3.4,4.006,0.117,1.385,0.0,1.301,0.0,6.808
2025-12-13 22:00:00,4.51,82.71,4.0,4.5,0.236,0.09,0.0,1.432,0.0,6.258
2025-12-13 23:00:00,3.35,75.03,4.0,4.5,0.1,0.118,0.0,1.476,0.0,6.194
2025-12-14 00:00:00,2.91,90.84,2.1,4.5,0.137,0.095,7.802,0.246,0.0,12.78
2025-12-14 01:00:00,2.14,72.01,2.0,4.5,0.262,0.103,6.967,0.24,0.0,12.072
2025-12-14 02:00:00,1.84,76.08,1.2,4.5,0.1,0.101,7.127,0.156,0.0,11.984
2025-12-14 03:00:00,4.05,88.43,1.3,4.33,0.153,0.082,0.0,0.147,0.0,4.712
2025-12-14 04:00:00,3.05,87.83,1.6,4.5,0.229,0.107,0.0,0.217,0.0,5.054
2025-12-14 05:00:00,4.69,81.05,2.1,4.5,0.1,0.101,0.0,0.25,0.0,4.951
2025-12-14 06:00:00,6.21,83.74,2.7,4.462,0.127,1.715,0.0,0.583,0.0,6.886
2025-12-14 07:00:00,6.45,68.9,3.2,4.5,0.227,1.488,0.0,0.647,0.37,6.861
2025-12-14 08:00:00,5.7,83.53,3.2,4.5,0.1,1.651,0.0,0.678,0.427,6.929
2025-12-14 09:00:00,6.42,79.7,3.6,4.5,0.156,0.115,0.0,0.254,0.499,5.025
2025-12-14 10:00:00,9.88,76.77,2.1,3.243,0.25,0.087,0.0,0.27,0.87,3.85
2025-12-14 11:00:00,10.44,75.86,1.4,2.746,0.1,0.089,0.0,0.126,0.395,3.061
2025-12-14 12:00:00,11.62,77.27,2.4,2.753,0.136,0.088,0.0,0.149,0.38,3.126
2025-12-14 13:00:00,11.97,74.06,1.3,2.515,0.246,0.116,0.0,0.245,0.0,3.121
2025-12-14 14:00:00,16.04,64.63,2.2,1.367,0.1,0.108,0.0,0.248,0.0,1.823
2025-12-14 15:00:00,9.99,85.19,1.6,3.152,0.142,0.115,0.0,0.202,0.0,3.611
2025-12-14 16:00:00,8.5,80.81,1.9,3.483,0.24,0.117,0.0,0.189,0.0,4.029
2025-12-14 17:00:00,11.19,69.33,3.9,3.303,0.1,0.117,0.0,1.446,0.0,4.966
2025-12-14 18:00:00,9.1,75.27,3.9,4.088,0.156,0.099,0.0,1.43,0.0,5.773
2025-12-14 19:00:00,8.93,77.27,4.0,4.256,0.249,1.486,6.607,1.455,0.0,14.053
2025-12-14 20:00:00,8.04,85.39,4.0,4.5,0.1,1.697,6.983,1.43,0.0,14.71
2025-12-14 21:00:00,7.79,70.76,4.0,4.5,0.179,1.399,7.554,1.467,0.0,15.099
2025-12-14 22:00:00,2.4,80.5,4.0,4.5,0.251,0.081,7.696,1.484,0.0,14.012
2025-12-14 23:00:00,2.79,75.44,3.3,4.5,0.1,0.093,7.521,1.372,0.0,13.586
2025-12-15 00:00:00,3.39,83.77,1.1,4.331,0.144,0.109,6.49,0.206,0.0,11.279
2025-12-15 01:00:00,3.4,83.43,0.8,4.347,0.272,0.085,6.648,0.173,0.0,11.525
2025-12-15 02:00:00,5.36,86.4,0.6,3.758,0.1,0.111,7.533,0.189,0.0,11.691
2025-12-15 03:00:00,3.68,82.77,0.9,4.349,0.145,0.113,0.0,0.236,0.0,4.842
2025-12-15 04:00:00,2.66,81.44,1.1,4.5,0.228,0.084,0.0,0.174,0.0,4.987
2025-12-15 05:00:00,2.2,87.34,1.1,4.5,0.1,0.084,0.0,0.169,0.0,4.853
2025-12-15 06:00:00,3.73,85.27,2.9,4.5,0.195,1.583,0.0,0.658,0.0,6.937
2025-12-15 07:00:00,4.89,84.31,3.0,4.5,0.242,1.697,0.0,0.679,0.347,7.117
2025-12-15 08:00:00,8.06,79.12,2.6,4.165,0.1,1.824,0.0,0.606,0.551,6.694
2025-12-15 09:00:00,8.75,75.59,2.7,3.722,0.154,0.099,0.0,0.254,0.655,4.229
2025-12-15 10:00:00,7.59,76.41,1.0,3.279,0.21,0.114,0.0,0.139,0.827,3.743
2025-12-15 11:00:00,9.95,78.26,1.3,2.988,0.1,0.086,0.0,0.189,0.587,3.362
2025-12-15 12:00:00,12.72,63.92,1.2,2.41,0.184,0.108,0.0,0.263,0.414,2.965
2025-12-15 13:00:00,12.43,76.18,1.0,2.273,0.25,0.102,0.0,0.21,0.0,2.834
2025-12-15 14:00:00,12.93,75.55,1.9,2.197,0.1,0.109,0.0,0.173,0.0,2.58
2025-12-15 15:00:00,12.48,74.52,0.8,2.381,0.17,0.094,0.0,0.148,0.0,2.793
2025-12-15 16:00:00,13.84,74.06,1.6,2.017,0.222,0.099,0.0,0.135,0.0,2.473
2025-12-15 17:00:00,10.96,62.93,2.5,2.943,0.102,0.081,0.0,1.274,0.0,4.401
2025-12-15 18:00:00,8.99,74.8,3.3,4.152,0.114,0.085,0.0,1.282,0.0,5.634
2025-12-15 19:00:00,6.99,87.39,3.6,4.5,0.243,1.425,7.848,1.245,0.0,15.262
2025-12-15 20:00:00,7.45,80.06,2.2,3.92,0.1,1.489,7.228,1.088,0.0,13.824
2025-12-15 21:00:00,2.12,80.02,3.1,4.5,0.116,1.251,7.589,1.292,0.0,14.748
2025-12-15 22:00:00,4.3,83.08,3.3,4.5,0.255,0.113,6.863,1.29,0.0,13.021
2025-12-15 23:00:00,3.23,86.02,3.1,4.5,0.1,0.118,7.031,1.303,0.0,13.052
2025-12-16 00:00:00,0.61,88.49,1.2,4.5,0.175,0.104,0.0,0.202,0.0,4.98
2025-12-16 01:00:00,0.77,84.65,1.1,4.5,0.193,0.082,0.0,0.15,0.0,4.926
2025-12-16 02:00:00,3.2,88.12,0.6,4.013,0.1,0.11,0.0,0.121,0.0,4.343
2025-12-16 03:00:00,2.51,94.18,1.9,4.5,0.126,0.089,0.0,0.254,0.0,4.968
2025-12-16 04:00:00,2.81,90.23,0.8,4.452,0.23,0.109,0.0,0.189,0.0,4.98
2025-12-16 05:00:00,3.91,95.0,1.2,4.346,0.1,0.097,0.0,0.1,0.0,4.643
2025-12-16 06:00:00,4.63,79.72,2.2,4.5,0.186,1.478,0.0,0.502,0.0,6.667
2025-12-16 07:00:00,7.56,89.93,1.6,3.398,0.247,1.641,0.0,0.438,0.416,5.723
2025-12-16 08:00:00,7.17,76.05,2.1,3.934,0.1,1.747,0.0,0.562,0.634,6.344
2025-12-16 09:00:00,6.1,80.21,1.9,4.353,0.126,0.109,0.0,0.218,0.671,4.806
2025-12-16 10:00:00,11.93,80.66,1.4,2.507,0.24,0.085,0.0,0.185,0.736,3.017
2025-12-16 11:00:00,11.08,73.2,0.8,2.411,0.1,0.091,0.0,0.141,0.593,2.744
2025-12-16 12:00:00,10.44,75.24,0.8,2.46,0.163,0.083,0.0,0.225,0.268,2.931
2025-12-16 13:00:00,9.94,78.76,0.6,2.725,0.27,0.105,0.0,0.183,0.0,3.283
2025-12-16 14:00:00,12.58,70.45,1.0,2.271,0.1,0.099,0.0,0.136,0.0,2.605
2025-12-16 15:00:00,11.64,82.55,0.7,2.382,0.132,0.117,0.0,0.129,0.0,2.761
2025-12-16 16:00:00,13.68,67.88,1.4,1.851,0.213,0.11,0.0,0.154,0.0,2.327
2025-12-16 17:00:00,10.01,85.46,3.1,3.465,0.1,0.111,0.0,1.282,0.0,4.958
2025-12-16 18:00:00,8.23,82.01,2.8,4.142,0.151,0.087,0.0,1.245,0.0,5.625
2025-12-16 19:00:00,9.63,78.0,3.3,3.635,0.237,1.36,0.0,1.355,0.0,6.587
2025-12-16 20:00:00,8.38,77.99,3.0,4.076,0.1,1.508,0.0,1.239,0.0,6.923
2025-12-16 21:00:00,5.95,79.02,3.0,4.5,0.158,1.208,0.0,1.214,0.0,7.08
2025-12-16 22:00:00,5.5,82.32,2.4,4.5,0.235,0.115,0.0,1.206,0.0,6.056
2025-12-16 23:00:00,3.4,84.0,3.0,4.5,0.1,0.111,0.0,1.317,0.0,6.028
2025-12-17 00:00:00,2.93,91.47,1.1,4.5,0.152,0.082,7.453,0.269,0.0,12.456
2025-12-17 01:00:00,3.83,95.0,1.5,4.5,0.235,0.114,7.152,0.216,0.0,12.217
2025-12-17 02:00:00,2.85,87.0,0.7,4.29,0.1,0.08,6.976,0.134,0.0,11.581
2025-12-17 03:00:00,1.82,81.57,1.9,4.5,0.126,0.085,0.0,0.238,0.0,4.948
2025-12-17 04:00:00,4.61,82.47,1.2,4.316,0.239,0.082,0.0,0.179,0.0,4.817
2025-12-17 05:00:00,-0.17,83.33,0.4,4.5,0.1,0.099,0.0,0.1,0.0,4.799
2025-12-17 06:00:00,7.49,77.85,2.2,3.959,0.161,2.005,0.0,0.571,0.0,6.695
2025-12-17 07:00:00,3.06,75.66,3.1,4.5,0.238,1.569,0.0,0.66,0.333,6.966
2025-12-17 08:00:00,5.97,90.49,3.0,4.5,0.1,1.995,0.0,0.711,0.632,7.307
2025-12-17 09:00:00,8.14,79.96,2.5,3.846,0.17,0.087,0.0,0.229,0.376,4.332
2025-12-17 10:00:00,9.19,72.83,1.1,3.194,0.209,0.12,0.0,0.141,0.942,3.663
2025-12-17 11:00:00,11.95,79.84,0.5,2.278,0.1,0.114,0.0,0.1,0.47,2.592
2025-12-17 12:00:00,9.65,68.91,1.5,3.132,0.106,0.109,0.0,0.134,0.323,3.483
2025-12-17 13:00:00,12.13,68.72,0.6,2.113,0.266,0.104,0.0,0.12,0.0,2.602
2025-12-17 14:00:00,11.04,69.98,1.3,2.734,0.1,0.09,0.0,0.273,0.0,3.197
2025-12-17 15:00:00,12.18,82.48,1.5,2.432,0.14,0.085,0.0,0.187,0.0,2.843
2025-12-17 16:00:00,11.14,73.54,1.0,2.349,0.207,0.098,0.0,0.176,0.0,2.83
2025-12-17 17:00:00,10.58,63.55,3.4,3.556,0.1,0.096,0.0,1.397,0.0,5.149
2025-12-17 18:00:00,8.58,83.05,3.7,4.177,0.147,0.107,0.0,1.428,0.0,5.859
2025-12-17 19:00:00,7.44,76.92,3.1,4.45,0.241,1.302,6.757,1.284,0.0,14.034
2025-12-17 20:00:00,7.34,70.75,2.9,4.165,0.1,1.537,7.051,1.326,0.0,14.178
2025-12-17 21:00:00,7.03,79.97,3.0,4.5,0.151,1.616,7.742,1.242,0.0,15.251
2025-12-17 22:00:00,3.51,85.61,2.7,4.5,0.243,0.092,6.525,1.247,0.0,12.606
2025-12-17 23:00:00,2.07,86.26,2.7,4.5,0.1,0.111,7.472,1.168,0.0,13.352
2025-12-18 00:00:00,3.42,94.19,1.2,4.481,0.143,0.097,0.0,0.198,0.0,4.92
2025-12-18 01:00:00,1.95,81.53,0.9,4.5,0.233,0.087,0.0,0.229,0.0,5.048
2025-12-18 02:00:00,3.08,86.23,1.1,4.5,0.1,0.088,0.0,0.227,0.0,4.915
2025-12-18 03:00:00,0.64,82.3,0.4,4.5,0.163,0.091,0.0,0.207,0.0,4.961
2025-12-18 04:00:00,-0.17,77.49,1.0,4.5,0.218,0.086,0.0,0.323,0.0,5.128
2025-12-18 05:00:00,2.5,88.67,1.4,4.5,0.1,0.103,0.0,0.179,0.0,4.881
2025-12-18 06:00:00,3.18,85.32,2.1,4.5,0.157,2.123,0.0,0.519,0.0,7.3
2025-12-18 07:00:00,5.42,82.97,2.5,4.5,0.215,2.085,0.0,0.623,0.372,7.424
2025-12-18 08:00:00,5.88,82.13,1.8,4.218,0.1,1.673,0.0,0.497,0.69,6.488
2025-12-18 09:00:00,9.24,75.02,2.0,3.451,0.139,0.115,0.0,0.153,0.855,3.857
2025-12-18 10:00:00,8.9,71.97,1.3,3.16,0.247,0.118,0.0,0.177,0.412,3.702
2025-12-18 11:00:00,10.59,75.95,0.9,2.49,0.1,0.092,0.0,0.275,0.276,2.957
2025-12-18 12:00:00,11.4,80.61,1.7,2.612,0.139,0.116,0.0,0.236,0.293,3.104
2025-12-18 13:00:00,11.95,82.24,1.2,2.353,0.252,0.12,0.0,0.204,0.0,2.929
2025-12-18 14:00:00,11.8,77.98,1.2,2.347,0.1,0.112,0.0,0.103,0.0,2.662
2025-12-18 15:00:00,12.43,74.35,0.6,2.239,0.142,0.096,0.0,0.136,0.0,2.613
2025-12-18 16:00:00,9.97,76.15,0.8,2.673,0.237,0.104,0.0,0.247,0.0,3.261
2025-12-18 17:00:00,12.47,75.82,2.7,2.534,0.1,0.095,0.0,1.22,0.0,3.949
2025-12-18 18:00:00,8.98,71.87,2.6,3.747,0.147,0.12,0.0,1.322,0.0,5.335
2025-12-18 19:00:00,6.16,78.57,3.3,4.5,0.263,1.241,0.0,1.345,0.0,7.348
2025-12-18 20:00:00,7.11,73.33,3.3,4.5,0.1,1.736,0.0,1.328,0.0,7.664
2025-12-18 21:00:00,4.26,80.93,3.2,4.5,0.122,1.245,0.0,1.29,0.0,7.156
2025-12-18 22:00:00,5.33,91.18,2.7,4.5,0.234,0.082,0.0,1.224,0.0,6.039
2025-12-18 23:00:00,6.61,88.36,3.1,4.5,0.1,0.118,0.0,1.229,0.0,5.946
2025-12-19 00:00:00,1.25,80.58,0.2,4.5,0.144,0.115,7.009,0.206,0.0,11.973
2025-12-19 01:00:00,2.43,85.43,1.5,4.5,0.229,0.094,7.574,0.218,0.0,12.616
2025-12-19 02:00:00,-0.88,81.83,0.5,4.5,0.1,0.118,7.239,0.152,0.0,12.109
2025-12-19 03:00:00,2.61,85.48,0.6,4.358,0.182,0.114,0.0,0.161,0.0,4.816
2025-12-19 04:00:00,1.1,90.4,1.0,4.5,0.238,0.116,0.0,0.222,0.0,5.076
2025-12-19 05:00:00,2.28,87.51,1.1,4.5,0.1,0.104,0.0,0.284,0.0,4.988
2025-12-19 06:00:00,2.61,95.0,2.5,4.5,0.142,2.13,0.0,0.674,0.0,7.446
2025-12-19 07:00:00,6.56,87.52,2.1,4.084,0.208,2.023,0.0,0.574,0.192,6.889
2025-12-19 08:00:00,8.27,81.02,3.0,4.073,0.1,2.117,0.0,0.595,0.658,6.885
2025-12-19 09:00:00,8.09,81.83,1.8,3.625,0.157,0.091,0.0,0.128,0.864,4.001
2025-12-19 10:00:00,7.96,75.99,0.4,3.064,0.218,0.101,0.0,0.168,0.551,3.551
2025-12-19 11:00:00,12.68,70.12,1.0,2.006,0.1,0.115,0.0,0.14,0.54,2.36
2025-12-19 12:00:00,9.96,81.33,0.5,2.757,0.169,0.103,0.0,0.173,0.217,3.201
2025-12-19 13:00:00,8.34,79.25,1.5,3.361,0.203,0.112,0.0,0.209,0.0,3.885
2025-12-19 14:00:00,12.45,72.79,0.5,2.15,0.1,0.119,0.0,0.202,0.0,2.571
2025-12-19 15:00:00,9.93,75.57,1.6,3.342,0.144,0.112,0.0,0.14,0.0,3.738
2025-12-19 16:00:00,12.57,81.01,1.4,2.161,0.248,0.093,0.0,0.148,0.0,2.649
2025-12-19 17:00:00,9.72,79.99,3.5,3.816,0.1,0.085,0.0,1.343,0.0,5.344
2025-12-19 18:00:00,10.16,69.68,3.8,3.714,0.133,0.091,0.0,1.414,0.0,5.351
2025-12-19 19:00:00,10.15,79.67,3.0,3.675,0.214,1.598,7.667,1.295,0.0,14.448
2025-12-19 20:00:00,4.94,79.16,2.6,4.5,0.1,1.207,7.689,1.344,0.0,14.839
2025-12-19 21:00:00,4.61,87.12,3.0,4.5,0.149,1.314,7.345,1.16,0.0,14.469
2025-12-19 22:00:00,4.14,88.16,2.8,4.5,0.243,0.093,6.704,1.299,0.0,12.839
2025-12-19 23:00:00,5.53,90.84,2.7,4.5,0.1,0.115,7.658,1.288,0.0,13.661
2025-12-20 00:00:00,1.37,79.61,1.9,4.5,0.131,0.082,0.0,0.16,0.0,4.873
2025-12-20 01:00:00,0.97,81.87,1.7,4.5,0.255,0.082,0.0,0.177,0.0,5.013
2025-12-20 02:00:00,2.4,91.57,1.5,4.5,0.1,0.102,0.0,0.283,0.0,4.985
2025-12-20 03:00:00,0.99,82.84,1.7,4.5,0.179,0.087,0.0,0.17,0.0,4.936
2025-12-20 04:00:00,2.59,77.59,2.0,4.5,0.266,0.09,0.0,0.18,0.0,5.036
2025-12-20 05:00:00,0.82,86.91,2.2,4.5,0.1,0.087,0.0,0.221,0.0,4.909
2025-12-20 06:00:00,7.51,80.26,2.7,4.207,0.165,1.859,0.0,0.638,0.0,6.87
2025-12-20 07:00:00,3.37,90.5,3.2,4.5,0.237,1.48,0.0,0.704,0.162,6.922
2025-12-20 08:00:00,6.2,81.48,3.2,4.5,0.1,2.117,0.0,0.712,0.42,7.428
2025-12-20 09:00:00,7.93,79.25,2.8,4.28,0.127,0.085,0.0,0.274,0.72,4.766
2025-12-20 10:00:00,12.06,75.15,1.8,2.433,0.232,0.118,0.0,0.107,0.569,2.89
2025-12-20 11:00:00,8.24,83.71,1.9,3.605,0.1,0.111,0.0,0.204,0.576,4.02
2025-12-20 12:00:00,13.99,76.6,2.0,1.987,0.147,0.113,0.0,0.243,0.17,2.49
2025-12-20 13:00:00,12.65,72.16,1.8,2.23,0.263,0.087,0.0,0.239,0.0,2.819
2025-12-20 14:00:00,12.31,70.03,1.4,2.383,0.1,0.107,0.0,0.158,0.0,2.747
2025-12-20 15:00:00,10.04,73.84,2.6,3.431,0.152,0.113,0.0,0.177,0.0,3.873
2025-12-20 16:00:00,11.87,69.92,2.1,2.542,0.233,0.102,0.0,0.159,0.0,3.036
2025-12-20 17:00:00,9.14,80.9,4.0,4.138,0.1,0.102,0.0,1.463,0.0,5.804
2025-12-20 18:00:00,11.09,67.96,4.0,3.442,0.132,0.086,0.0,1.49,0.0,5.151
2025-12-20 19:00:00,6.52,77.75,3.9,4.5,0.253,1.449,0.0,1.431,0.0,7.632
2025-12-20 20:00:00,6.52,83.05,4.0,4.5,0.1,1.29,0.0,1.387,0.0,7.277
2025-12-20 21:00:00,4.56,83.26,3.8,4.5,0.119,1.784,0.0,1.421,0.0,7.823
2025-12-20 22:00:00,2.71,79.41,3.8,4.5,0.255,0.107,0.0,1.361,0.0,6.223
2025-12-20 23:00:00,4.26,87.54,4.0,4.5,0.1,0.082,0.0,1.403,0.0,6.085
2025-12-21 00:00:00,3.09,80.77,2.4,4.5,0.151,0.099,6.54,0.204,0.0,11.494
2025-12-21 01:00:00,3.6,85.68,2.4,4.5,0.241,0.106,6.717,0.182,0.0,11.745
2025-12-21 02:00:00,-1.05,89.26,2.0,4.5,0.104,0.084,6.78,0.155,0.0,11.622
2025-12-21 03:00:00,3.39,88.11,2.0,4.5,0.151,0.107,0.0,0.288,0.0,5.045
2025-12-21 04:00:00,6.05,81.82,2.1,4.239,0.242,0.087,0.0,0.118,0.0,4.687
2025-12-21 05:00:00,2.41,90.23,2.2,4.5,0.105,0.096,0.0,0.186,0.0,4.887
2025-12-21 06:00:00,6.96,83.43,3.8,4.5,0.149,1.89,0.0,0.695,0.0,7.234
2025-12-21 07:00:00,4.93,85.27,3.2,4.5,0.271,1.703,0.0,0.718,0.188,7.192
2025-12-21 08:00:00,4.56,87.65,3.8,4.5,0.1,1.714,0.0,0.721,0.43,7.035
2025-12-21 09:00:00,7.46,84.03,3.4,4.5,0.127,0.114,0.0,0.239,0.464,4.98
2025-12-21 10:00:00,10.69,82.6,2.1,2.96,0.223,0.092,0.0,0.175,0.769,3.45
2025-12-21 11:00:00,8.9,76.72,2.4,3.454,0.1,0.106,0.0,0.278,0.682,3.938
2025-12-21 12:00:00,10.05,78.77,2.1,3.202,0.185,0.114,0.0,0.173,0.284,3.674
2025-12-21 13:00:00,12.34,75.27,2.2,2.517,0.225,0.086,0.0,0.226,0.0,3.054
2025-12-21 14:00:00,11.62,67.95,1.6,2.625,0.1,0.082,0.0,0.191,0.0,2.998
2025-12-21 15:00:00,12.33,75.72,2.4,2.661,0.195,0.113,0.0,0.246,0.0,3.215
2025-12-21 16:00:00,11.31,76.09,2.1,2.744,0.268,0.102,0.0,0.291,0.0,3.405
2025-12-21 17:00:00,10.87,78.68,3.9,3.413,0.1,0.113,0.0,1.451,0.0,5.078
2025-12-21 18:00:00,8.47,76.36,4.0,4.396,0.167,0.089,0.0,1.434,0.0,6.085
2025-12-21 19:00:00,8.26,74.64,4.0,4.246,0.243,1.7,6.939,1.524,0.0,14.652
2025-12-21 20:00:00,5.23,83.28,3.3,4.5,0.1,1.257,7.01,1.412,0.0,14.279
2025-12-21 21:00:00,7.26,74.99,3.5,4.5,0.159,1.73,7.201,1.414,0.0,15.003
2025-12-21 22:00:00,3.17,90.29,4.0,4.5,0.227,0.113,6.931,1.454,0.0,13.225
2025-12-21 23:00:00,4.78,83.09,4.0,4.5,0.1,0.103,6.841,1.397,0.0,12.94
2025-12-22 00:00:00,1.88,86.42,1.1,4.5,0.122,0.104,7.02,0.1,0.0,11.847
2025-12-22 01:00:00,2.03,88.59,1.0,4.5,0.201,0.094,7.6,0.189,0.0,12.584
2025-12-22 02:00:00,0.81,88.95,1.5,4.5,0.1,0.088,6.844,0.233,0.0,11.765
2025-12-22 03:00:00,0.2,78.75,2.0,4.5,0.156,0.098,0.0,0.144,0.0,4.899
2025-12-22 04:00:00,-0.39,89.32,0.7,4.5,0.214,0.106,0.0,0.193,0.0,5.013
2025-12-22 05:00:00,1.44,85.76,1.0,4.5,0.1,0.12,0.0,0.157,0.0,4.877
2025-12-22 06:00:00,3.57,79.82,2.4,4.5,0.151,2.028,0.0,0.614,0.0,7.294
2025-12-22 07:00:00,5.58,77.8,2.8,4.5,0.25,1.753,0.0,0.593,0.39,7.095
2025-12-22 08:00:00,8.07,78.33,3.0,4.012,0.1,1.975,0.0,0.603,0.589,6.69
2025-12-22 09:00:00,7.18,71.95,3.1,4.463,0.177,0.084,0.0,0.241,0.621,4.966
2025-12-22 10:00:00,7.73,85.61,1.3,3.201,0.249,0.097,0.0,0.13,0.842,3.676
2025-12-22 11:00:00,7.93,83.19,2.0,3.709,0.1,0.097,0.0,0.258,0.609,4.164
2025-12-22 12:00:00,11.61,77.06,0.8,2.262,0.154,0.12,0.0,0.174,0.296,2.71
2025-12-22 13:00:00,13.46,73.09,0.7,1.965,0.283,0.096,0.0,0.113,0.0,2.456
2025-12-22 14:00:00,13.46,73.01,1.6,1.995,0.1,0.083,0.0,0.167,0.0,2.345
2025-12-22 15:00:00,12.45,77.99,1.0,2.15,0.151,0.083,0.0,0.211,0.0,2.595
2025-12-22 16:00:00,11.84,83.59,0.4,2.142,0.234,0.108,0.0,0.148,0.0,2.632
2025-12-22 17:00:00,12.64,72.91,2.9,2.574,0.1,0.092,0.0,1.295,0.0,4.06
2025-12-22 18:00:00,9.55,71.41,3.1,3.762,0.126,0.115,0.0,1.247,0.0,5.25
2025-12-22 19:00:00,8.82,86.19,2.7,3.583,0.271,1.49,7.046,1.225,0.0,13.614
2025-12-22 20:00:00,6.07,71.06,2.6,4.5,0.1,1.398,6.984,1.211,0.0,14.194
2025-12-22 21:00:00,3.22,76.51,2.9,4.5,0.125,1.655,7.057,1.378,0.0,14.715
2025-12-22 22:00:00,3.03,81.77,2.6,4.5,0.234,0.097,7.755,1.175,0.0,13.761
2025-12-22 23:00:00,3.01,76.44,3.3,4.5,0.1,0.109,7.333,1.352,0.0,13.394
2025-12-23 00:00:00,2.26,90.76,0.2,4.018,0.141,0.109,0.0,0.18,0.0,4.447
2025-12-23 01:00:00,4.56,90.08,1.0,4.151,0.22,0.109,0.0,0.268,0.0,4.749
2025-12-23 02:00:00,1.62,83.13,1.2,4.5,0.1,0.114,0.0,0.254,0.0,4.968
2025-12-23 03:00:00,3.43,92.19,1.0,4.368,0.163,0.114,0.0,0.156,0.0,4.801
2025-12-23 04:00:00,1.51,92.44,1.4,4.5,0.228,0.107,0.0,0.141,0.0,4.975
2025-12-23 05:00:00,2.49,83.68,0.5,4.446,0.1,0.118,0.0,0.1,0.0,4.764
2025-12-23 06:00:00,2.0,80.75,2.2,4.5,0.159,1.455,0.0,0.589,0.0,6.703
2025-12-23 07:00:00,4.09,92.85,2.4,4.5,0.214,2.11,0.0,0.64,0.41,7.464
2025-12-23 08:00:00,7.29,83.61,2.8,4.287,0.1,1.547,0.0,0.68,0.531,6.614
2025-12-23 09:00:00,7.8,79.73,2.6,3.969,0.148,0.088,0.0,0.215,0.786,4.42
2025-12-23 10:00:00,10.41,83.82,1.9,2.973,0.251,0.113,0.0,0.208,0.562,3.545
2025-12-23 11:00:00,10.3,77.27,0.7,2.49,0.1,0.096,0.0,0.242,0.425,2.928
2025-12-23 12:00:00,10.3,72.28,0.4,2.432,0.161,0.097,0.0,0.125,0.315,2.816
2025-12-23 13:00:00,14.55,74.61,1.7,1.836,0.26,0.09,0.0,0.1,0.0,2.287
2025-12-23 14:00:00,11.35,79.19,0.4,2.212,0.1,0.089,0.0,0.22,0.0,2.621
2025-12-23 15:00:00,13.07,64.24,1.3,2.004,0.214,0.084,0.0,0.13,0.0,2.433
2025-12-23 16:00:00,10.22,73.36,0.6,2.632,0.265,0.088,0.0,0.154,0.0,3.139
2025-12-23 17:00:00,11.1,82.67,2.2,2.927,0.1,0.103,0.0,1.17,0.0,4.3
2025-12-23 18:00:00,10.39,74.44,2.9,3.311,0.146,0.108,0.0,1.233,0.0,4.799
2025-12-23 19:00:00,8.1,86.18,3.4,4.253,0.225,1.643,0.0,1.392,0.0,7.513
2025-12-23 20:00:00,2.96,87.07,2.5,4.5,0.1,1.422,0.0,1.335,0.0,7.357
2025-12-23 21:00:00,5.23,81.23,3.2,4.5,0.154,1.753,0.0,1.277,0.0,7.684
2025-12-23 22:00:00,5.84,80.16,3.3,4.5,0.208,0.093,0.0,1.336,0.0,6.136
2025-12-23 23:00:00,3.75,82.81,2.5,4.5,0.1,0.084,0.0,1.199,0.0,5.883
2025-12-24 00:00:00,2.78,95.0,0.9,4.5,0.152,0.118,7.156,0.193,0.0,12.119
2025-12-24 01:00:00,-0.97,95.0,1.6,4.5,0.239,0.102,7.098,0.169,0.0,12.108
2025-12-24 02:00:00,0.36,86.63,1.3,4.5,0.1,0.119,7.866,0.155,0.0,12.74
2025-12-24 03:00:00,2.23,82.75,0.9,4.5,0.12,0.096,0.0,0.146,0.0,4.861
2025-12-24 04:00:00,2.72,85.78,1.2,4.5,0.197,0.11,0.0,0.162,0.0,4.97
2025-12-24 05:00:00,4.72,85.46,0.7,4.043,0.1,0.084,0.0,0.149,0.0,4.377
2025-12-24 06:00:00,3.72,76.78,2.9,4.5,0.143,2.055,0.0,0.51,0.0,7.208
2025-12-24 07:00:00,5.75,81.95,2.9,4.5,0.25,1.563,0.0,0.64,0.368,6.953
2025-12-24 08:00:00,6.46,86.61,2.5,4.42,0.1,1.489,0.0,0.589,0.367,6.598
2025-12-24 09:00:00,6.25,69.45,2.6,4.5,0.171,0.084,0.0,0.192,0.525,4.947
2025-12-24 10:00:00,5.55,81.13,0.6,3.717,0.249,0.102,0.0,0.173,0.804,4.241
2025-12-24 11:00:00,10.62,82.63,0.5,2.44,0.1,0.092,0.0,0.164,0.496,2.795
2025-12-24 12:00:00,11.03,72.0,0.8,2.46,0.17,0.118,0.0,0.156,0.301,2.903
2025-12-24 13:00:00,10.34,82.68,1.0,2.795,0.209,0.114,0.0,0.179,0.0,3.298
2025-12-24 14:00:00,9.01,70.55,1.4,3.116,0.1,0.112,0.0,0.164,0.0,3.491
2025-12-24 15:00:00,12.21,76.41,1.4,2.313,0.198,0.112,0.0,0.133,0.0,2.756
2025-12-24 16:00:00,10.37,73.27,1.1,2.824,0.198,0.116,0.0,0.28,0.0,3.418
2025-12-24 17:00:00,10.81,74.22,3.5,3.33,0.1,0.115,0.0,1.331,0.0,4.876
2025-12-24 18:00:00,11.73,73.91,2.6,2.764,0.16,0.117,0.0,1.233,0.0,4.274
2025-12-24 19:00:00,4.52,81.94,3.4,4.5,0.199,1.761,7.371,1.479,0.0,15.309
2025-12-24 20:00:00,5.39,84.24,2.7,4.5,0.1,1.379,7.1,1.209,0.0,14.287
2025-12-24 21:00:00,4.83,81.23,3.5,4.5,0.19,1.332,6.67,1.382,0.0,14.074
2025-12-24 22:00:00,6.12,76.2,3.0,4.5,0.24,0.106,7.401,1.395,0.0,13.642
2025-12-24 23:00:00,0.45,86.26,2.2,4.5,0.1,0.085,7.485,1.07,0.0,13.239
2025-12-25 00:00:00,4.96,87.31,1.3,4.091,0.154,0.088,0.0,0.255,0.0,4.589
2025-12-25 01:00:00,1.76,84.71,1.3,4.5,0.225,0.111,0.0,0.201,0.0,5.037
2025-12-25 02:00:00,1.24,95.0,0.8,4.5,0.1,0.106,0.0,0.149,0.0,4.855
2025-12-25 03:00:00,1.26,77.98,0.9,4.5,0.13,0.106,0.0,0.178,0.0,4.914
2025-12-25 04:00:00,1.4,74.11,0.9,4.5,0.226,0.118,0.0,0.16,0.0,5.004
2025-12-25 05:00:00,4.42,80.59,0.2,3.954,0.1,0.107,0.0,0.236,0.0,4.396
2025-12-25 06:00:00,2.28,86.55,1.6,4.5,0.144,1.75,0.0,0.524,0.0,6.918
2025-12-25 07:00:00,5.61,76.27,3.0,4.5,0.233,1.642,0.0,0.677,0.264,7.051
2025-12-25 08:00:00,5.81,75.1,2.2,4.348,0.1,1.684,0.0,0.547,0.663,6.679
2025-12-25 09:00:00,6.54,83.2,3.2,4.5,0.13,0.091,0.0,0.262,0.558,4.983
2025-12-25 10:00:00,12.76,79.31,1.5,2.354,0.246,0.081,0.0,0.177,0.828,2.859
2025-12-25 11:00:00,10.55,77.64,1.6,2.718,0.1,0.09,0.0,0.128,0.522,3.036
2025-12-25 12:00:00,11.63,78.71,0.7,2.219,0.112,0.113,0.0,0.238,0.202,2.682
2025-12-25 13:00:00,12.92,72.08,0.4,1.922,0.222,0.109,0.0,0.178,0.0,2.431
2025-12-25 14:00:00,9.25,72.11,0.6,2.702,0.1,0.105,0.0,0.206,0.0,3.112
2025-12-25 15:00:00,13.84,78.25,0.8,1.821,0.184,0.116,0.0,0.138,0.0,2.259
2025-12-25 16:00:00,6.95,68.08,0.1,3.131,0.248,0.091,0.0,0.211,0.0,3.68
2025-12-25 17:00:00,8.77,65.04,2.8,3.674,0.1,0.103,0.0,1.273,0.0,5.15
2025-12-25 18:00:00,8.2,74.83,2.9,4.147,0.1,0.081,0.0,1.275,0.0,5.603
2025-12-25 19:00:00,8.55,83.1,2.5,3.632,0.198,1.735,0.0,1.249,0.0,6.814
2025-12-25 20:00:00,6.71,81.28,2.6,4.439,0.1,1.469,0.0,1.197,0.0,7.204
2025-12-25 21:00:00,4.84,85.84,2.9,4.5,0.166,1.307,0.0,1.331,0.0,7.303
2025-12-25 22:00:00,3.87,72.92,3.1,4.5,0.222,0.09,0.0,1.27,0.0,6.081
2025-12-25 23:00:00,1.38,85.82,2.6,4.5,0.1,0.114,0.0,1.225,0.0,5.939
2025-12-26 00:00:00,-0.24,88.47,1.1,4.5,0.149,0.084,7.868,0.137,0.0,12.739
2025-12-26 01:00:00,2.59,79.04,1.1,4.5,0.24,0.117,7.809,0.124,0.0,12.79
2025-12-26 02:00:00,2.38,90.31,1.0,4.5,0.1,0.095,7.04,0.157,0.0,11.892
2025-12-26 03:00:00,3.88,85.24,0.7,4.308,0.166,0.09,0.0,0.164,0.0,4.729
2025-12-26 04:00:00,0.82,95.0,0.5,4.5,0.259,0.093,0.0,0.192,0.0,5.044
2025-12-26 05:00:00,3.84,73.36,1.7,4.5,0.1,0.096,0.0,0.168,0.0,4.865
2025-12-26 06:00:00,3.41,89.85,2.8,4.5,0.126,1.835,0.0,0.65,0.0,7.11
2025-12-26 07:00:00,6.83,79.58,2.9,4.446,0.221,1.863,0.0,0.616,0.229,7.145
2025-12-26 08:00:00,7.87,71.91,2.5,3.921,0.1,1.762,0.0,0.573,0.565,6.356
2025-12-26 09:00:00,7.95,75.81,2.4,3.946,0.157,0.098,0.0,0.255,0.741,4.455
2025-12-26 10:00:00,8.33,78.39,1.2,3.332,0.252,0.091,0.0,0.159,0.665,3.835
2025-12-26 11:00:00,11.31,80.94,0.3,2.34,0.1,0.095,0.0,0.249,0.69,2.784
2025-12-26 12:00:00,11.64,83.41,0.6,2.234,0.157,0.099,0.0,0.188,0.215,2.678
2025-12-26 13:00:00,10.14,81.31,0.7,2.493,0.241,0.104,0.0,0.102,0.0,2.941
2025-12-26 14:00:00,9.34,69.17,0.8,2.839,0.1,0.085,0.0,0.169,0.0,3.192
2025-12-26 15:00:00,10.73,79.86,0.6,2.634,0.15,0.111,0.0,0.137,0.0,3.032
2025-12-26 16:00:00,12.94,76.76,1.1,1.919,0.248,0.107,0.0,0.102,0.0,2.377
2025-12-26 17:00:00,11.59,72.48,3.0,3.086,0.1,0.092,0.0,1.338,0.0,4.616
2025-12-26 18:00:00,7.17,75.94,3.6,4.5,0.147,0.098,0.0,1.423,0.0,6.168
2025-12-26 19:00:00,5.88,74.9,4.0,4.5,0.233,1.768,7.769,1.402,0.0,15.673
2025-12-26 20:00:00,8.25,80.19,2.5,3.895,0.1,1.212,7.82,1.235,0.0,14.263
2025-12-26 21:00:00,3.34,77.9,3.1,4.5,0.148,1.687,6.653,1.333,0.0,14.321
2025-12-26 22:00:00,4.6,77.86,3.1,4.5,0.23,0.1,6.73,1.289,0.0,12.849
2025-12-26 23:00:00,1.87,86.64,3.0,4.5,0.1,0.105,7.755,1.327,0.0,13.786
2025-12-27 00:00:00,4.38,88.34,1.4,4.275,0.158,0.107,0.0,0.206,0.0,4.747
2025-12-27 01:00:00,0.3,84.86,1.4,4.5,0.226,0.098,0.0,0.25,0.0,5.075
2025-12-27 02:00:00,3.0,92.84,1.9,4.5,0.1,0.088,0.0,0.148,0.0,4.836
2025-12-27 03:00:00,1.74,84.49,1.4,4.5,0.154,0.116,0.0,0.2,0.0,4.97
2025-12-27 04:00:00,2.34,83.68,1.9,4.5,0.228,0.11,0.0,0.216,0.0,5.054
2025-12-27 05:00:00,-0.2,87.55,1.7,4.5,0.1,0.102,0.0,0.143,0.0,4.846
2025-12-27 06:00:00,0.48,82.34,3.4,4.5,0.129,1.763,0.0,0.615,0.0,7.008
2025-12-27 07:00:00,4.66,81.98,2.9,4.5,0.219,1.8,0.0,0.554,0.361,7.073
2025-12-27 08:00:00,6.66,67.4,3.4,4.5,0.1,2.033,0.0,0.671,0.649,7.304
2025-12-27 09:00:00,5.89,78.53,2.9,4.5,0.159,0.081,0.0,0.216,0.602,4.956
2025-12-27 10:00:00,7.15,67.86,1.9,4.029,0.279,0.115,0.0,0.141,0.695,4.564
2025-12-27 11:00:00,10.67,69.65,2.3,2.991,0.1,0.082,0.0,0.281,0.636,3.454
2025-12-27 12:00:00,11.46,68.13,1.9,2.447,0.142,0.105,0.0,0.227,0.308,2.921
2025-12-27 13:00:00,10.91,68.99,1.9,2.97,0.225,0.093,0.0,0.172,0.0,3.459
2025-12-27 14:00:00,12.46,71.26,2.1,2.354,0.1,0.107,0.0,0.224,0.0,2.785
2025-12-27 15:00:00,9.36,71.77,1.2,3.073,0.159,0.083,0.0,0.175,0.0,3.491
2025-12-27 16:00:00,10.08,78.13,2.5,3.34,0.236,0.102,0.0,0.147,0.0,3.825
2025-12-27 17:00:00,12.3,76.87,3.4,2.56,0.1,0.114,0.0,1.354,0.0,4.128
2025-12-27 18:00:00,8.89,67.49,4.0,4.101,0.131,0.1,0.0,1.522,0.0,5.854
2025-12-27 19:00:00,7.77,78.86,4.0,4.5,0.24,1.251,0.0,1.511,0.0,7.501
2025-12-27 20:00:00,9.75,81.59,3.4,3.494,0.1,1.222,0.0,1.355,0.0,6.172
2025-12-27 21:00:00,2.89,79.91,4.0,4.5,0.15,1.573,0.0,1.418,0.0,7.641
2025-12-27 22:00:00,4.98,82.7,4.0,4.5,0.25,0.083,0.0,1.468,0.0,6.301
2025-12-27 23:00:00,5.25,85.19,4.0,4.5,0.1,0.083,0.0,1.453,0.0,6.136
2025-12-28 00:00:00,1.43,89.02,1.9,4.5,0.156,0.097,6.95,0.199,0.0,11.903
2025-12-28 01:00:00,2.7,77.92,1.8,4.5,0.242,0.088,6.727,0.296,0.0,11.853
2025-12-28 02:00:00,-0.23,84.78,1.6,4.5,0.1,0.088,7.853,0.178,0.0,12.719
2025-12-28 03:00:00,0.38,93.34,1.1,4.5,0.138,0.099,0.0,0.231,0.0,4.968
2025-12-28 04:00:00,2.49,92.28,1.7,4.5,0.25,0.091,0.0,0.207,0.0,5.049
2025-12-28 05:00:00,3.91,88.5,1.7,4.5,0.1,0.089,0.0,0.208,0.0,4.897
2025-12-28 06:00:00,5.43,85.68,3.4,4.5,0.199,1.81,0.0,0.59,0.0,7.099
2025-12-28 07:00:00,7.3,89.83,2.7,4.273,0.248,1.649,0.0,0.674,0.22,6.844
2025-12-28 08:00:00,6.14,89.59,3.2,4.5,0.1,1.498,0.0,0.698,0.625,6.796
2025-12-28 09:00:00,9.33,77.8,3.5,3.951,0.145,0.107,0.0,0.265,0.42,4.469
2025-12-28 10:00:00,8.23,72.15,2.1,3.657,0.252,0.103,0.0,0.264,0.941,4.276
2025-12-28 11:00:00,11.13,74.41,1.1,2.45,0.1,0.088,0.0,0.202,0.614,2.841
2025-12-28 12:00:00,10.89,90.29,2.1,3.119,0.143,0.103,0.0,0.148,0.236,3.512
2025-12-28 13:00:00,11.74,66.36,1.7,2.566,0.266,0.118,0.0,0.153,0.0,3.102
2025-12-28 14:00:00,11.88,71.65,1.7,2.565,0.1,0.118,0.0,0.199,0.0,2.982
2025-12-28 15:00:00,8.67,67.14,0.9,3.093,0.153,0.101,0.0,0.1,0.0,3.447
2025-12-28 16:00:00,8.89,75.43,2.4,3.541,0.221,0.084,0.0,0.278,0.0,4.125
2025-12-28 17:00:00,9.93,69.74,3.9,3.853,0.1,0.098,0.0,1.409,0.0,5.46
2025-12-28 18:00:00,6.21,76.46,3.2,4.5,0.162,0.081,0.0,1.317,0.0,6.06
2025-12-28 19:00:00,8.79,68.7,4.0,4.245,0.27,1.449,7.122,1.383,0.0,14.469
2025-12-28 20:00:00,7.55,83.09,3.9,4.5,0.1,1.746,7.054,1.462,0.0,14.862
2025-12-28 21:00:00,5.44,87.66,4.0,4.5,0.121,1.48,7.266,1.433,0.0,14.8
2025-12-28 22:00:00,2.06,81.08,3.7,4.5,0.231,0.102,7.827,1.372,0.0,14.032
2025-12-28 23:00:00,4.78,83.57,3.8,4.5,0.1,0.086,6.601,1.479,0.0,12.766
2025-12-29 00:00:00,4.93,84.38,0.7,3.876,0.15,0.081,7.151,0.238,0.0,11.495
2025-12-29 01:00:00,1.6,86.7,1.2,4.5,0.247,0.12,6.639,0.225,0.0,11.73
2025-12-29 02:00:00,1.97,85.81,0.7,4.425,0.109,0.094,7.752,0.181,0.0,12.56
2025-12-29 03:00:00,1.68,89.64,0.6,4.5,0.141,0.091,0.0,0.143,0.0,4.876
2025-12-29 04:00:00,2.67,91.36,1.0,4.5,0.192,0.103,0.0,0.165,0.0,4.96
2025-12-29 05:00:00,2.49,80.17,0.5,4.454,0.1,0.11,0.0,0.149,0.0,4.813
2025-12-29 06:00:00,3.65,81.45,3.1,4.5,0.157,1.621,0.0,0.671,0.0,6.949
2025-12-29 07:00:00,6.27,86.06,3.3,4.5,0.217,1.817,0.0,0.66,0.403,7.195
2025-12-29 08:00:00,9.72,72.89,2.3,3.367,0.1,1.679,0.0,0.585,0.557,5.731
2025-12-29 09:00:00,5.4,68.59,1.9,4.373,0.153,0.099,0.0,0.285,0.564,4.91
2025-12-29 10:00:00,8.55,78.13,1.1,3.109,0.242,0.086,0.0,0.241,0.474,3.679
2025-12-29 11:00:00,7.97,78.24,0.8,3.264,0.1,0.1,0.0,0.135,0.549,3.599
2025-12-29 12:00:00,12.92,71.19,1.5,2.335,0.148,0.082,0.0,0.209,0.36,2.774
2025-12-29 13:00:00,10.15,71.31,0.7,2.781,0.248,0.114,0.0,0.132,0.0,3.274
2025-12-29 14:00:00,9.04,70.2,1.2,3.174,0.1,0.105,0.0,0.217,0.0,3.596
2025-12-29 15:00:00,11.99,69.87,1.0,2.29,0.131,0.118,0.0,0.278,0.0,2.816
2025-12-29 16:00:00,13.15,78.27,0.7,1.894,0.23,0.104,0.0,0.154,0.0,2.382
2025-12-29 17:00:00,10.74,69.85,3.1,3.216,0.1,0.087,0.0,1.335,0.0,4.739
2025-12-29 18:00:00,9.01,75.67,3.4,3.936,0.15,0.099,0.0,1.417,0.0,5.603
2025-12-29 19:00:00,8.11,73.92,3.0,4.217,0.23,1.599,6.925,1.279,0.0,14.249
2025-12-29 20:00:00,8.33,72.72,3.0,4.241,0.1,1.425,6.524,1.311,0.0,13.601
2025-12-29 21:00:00,3.6,85.9,2.7,4.5,0.168,1.532,7.613,1.31,0.0,15.123
2025-12-29 22:00:00,3.54,80.4,3.5,4.5,0.238,0.087,7.819,1.306,0.0,13.95
2025-12-29 23:00:00,1.99,85.18,3.4,4.5,0.1,0.111,6.792,1.295,0.0,12.798
2025-12-30 00:00:00,0.09,77.66,0.8,4.5,0.138,0.116,0.0,0.113,0.0,4.867
2025-12-30 01:00:00,0.85,82.09,1.0,4.5,0.252,0.093,0.0,0.216,0.0,5.061
2025-12-30 02:00:00,2.83,89.78,1.6,4.5,0.1,0.112,0.0,0.146,0.0,4.858
2025-12-30 03:00:00,2.19,95.0,0.5,4.5,0.174,0.084,0.0,0.194,0.0,4.952
2025-12-30 04:00:00,2.8,75.32,1.2,4.5,0.254,0.09,0.0,0.255,0.0,5.099
2025-12-30 05:00:00,2.85,83.24,0.8,4.375,0.1,0.098,0.0,0.14,0.0,4.714
2025-12-30 06:00:00,4.45,85.06,3.2,4.5,0.179,1.718,0.0,0.619,0.0,7.016
2025-12-30 07:00:00,3.67,78.47,2.5,4.5,0.267,1.886,0.0,0.636,0.264,7.289
2025-12-30 08:00:00,5.7,84.25,3.0,4.5,0.1,1.845,0.0,0.643,0.505,7.088
2025-12-30 09:00:00,7.75,74.11,2.2,4.037,0.151,0.083,0.0,0.1,0.98,4.371
2025-12-30 10:00:00,9.08,77.77,0.5,2.853,0.226,0.085,0.0,0.242,0.679,3.405
2025-12-30 11:00:00,10.18,73.15,0.9,2.677,0.1,0.082,0.0,0.205,0.585,3.064
2025-12-30 12:00:00,10.29,80.9,1.1,2.64,0.134,0.118,0.0,0.164,0.35,3.056
2025-12-30 13:00:00,10.43,70.82,0.8,2.591,0.218,0.106,0.0,0.153,0.0,3.068
2025-12-30 14:00:00,15.91,72.24,1.3,1.36,0.1,0.114,0.0,0.224,0.0,1.799
2025-12-30 15:00:00,12.36,78.93,0.9,2.016,0.127,0.102,0.0,0.175,0.0,2.42
2025-12-30 16:00:00,11.12,69.66,0.2,2.321,0.238,0.088,0.0,0.158,0.0,2.805
2025-12-30 17:00:00,9.35,76.1,3.2,3.758,0.1,0.105,0.0,1.323,0.0,5.286
2025-12-30 18:00:00,7.99,67.89,2.6,4.084,0.175,0.1,0.0,1.183,0.0,5.542
2025-12-30 19:00:00,7.27,73.01,2.9,4.314,0.237,1.445,0.0,1.239,0.0,7.235
2025-12-30 20:00:00,6.61,81.91,3.6,4.5,0.1,1.423,0.0,1.37,0.0,7.393
2025-12-30 21:00:00,2.05,76.6,3.7,4.5,0.154,1.59,0.0,1.355,0.0,7.599
2025-12-30 22:00:00,1.31,80.28,2.8,4.5,0.232,0.105,0.0,1.257,0.0,6.093
2025-12-30 23:00:00,1.68,86.71,3.2,4.5,0.1,0.086,0.0,1.341,0.0,6.027
2025-12-31 00:00:00,2.12,82.3,0.8,4.5,0.18,0.113,6.72,0.258,0.0,11.771
2025-12-31 01:00:00,0.95,89.91,0.9,4.5,0.219,0.105,6.899,0.139,0.0,11.862
2025-12-31 02:00:00,3.35,87.08,0.8,4.335,0.1,0.101,6.658,0.217,0.0,11.411
2025-12-31 03:00:00,-0.92,87.97,0.3,4.5,0.134,0.11,0.0,0.231,0.0,4.975
2025-12-31 04:00:00,0.68,91.4,1.0,4.5,0.212,0.086,0.0,0.229,0.0,5.027
2025-12-31 05:00:00,4.88,85.84,1.1,4.255,0.1,0.117,0.0,0.159,0.0,4.63
2025-12-31 06:00:00,3.83,90.69,2.2,4.5,0.146,1.635,0.0,0.563,0.0,6.844
2025-12-31 07:00:00,6.17,86.11,2.9,4.5,0.253,1.629,0.0,0.711,0.434,7.093
2025-12-31 08:00:00,9.21,77.38,2.3,3.475,0.1,2.027,0.0,0.577,0.714,6.178
2025-12-31 09:00:00,6.39,84.91,2.2,4.244,0.15,0.093,0.0,0.216,0.783,4.704
2025-12-31 10:00:00,8.49,78.32,1.2,3.303,0.24,0.113,0.0,0.162,0.834,3.818
2025-12-31 11:00:00,9.26,73.78,0.4,2.835,0.1,0.093,0.0,0.2,0.305,3.228
2025-12-31 12:00:00,7.53,76.2,1.4,3.692,0.154,0.102,0.0,0.1,0.33,4.048
2025-12-31 13:00:00,10.5,79.77,0.8,2.56,0.259,0.089,0.0,0.135,0.0,3.042
2025-12-31 14:00:00,12.46,76.28,1.4,2.222,0.1,0.109,0.0,0.143,0.0,2.574
2025-12-31 15:00:00,11.78,83.32,1.5,2.448,0.147,0.087,0.0,0.275,0.0,2.957
2025-12-31 16:00:00,11.39,80.24,1.3,2.318,0.235,0.116,0.0,0.199,0.0,2.869
2025-12-31 17:00:00,9.11,78.37,2.7,3.546,0.1,0.095,0.0,1.218,0.0,4.959
2025-12-31 18:00:00,7.65,71.87,2.5,4.034,0.176,0.099,0.0,1.19,0.0,5.499
2025-12-31 19:00:00,9.33,77.55,2.4,3.539,0.218,1.214,6.632,1.119,0.0,12.722
2025-12-31 20:00:00,5.39,80.36,3.4,4.5,0.1,1.785,6.59,1.418,0.0,14.394
2025-12-31 21:00:00,5.28,85.04,2.9,4.5,0.144,1.688,7.338,1.254,0.0,14.924
2025-12-31 22:00:00,3.88,86.19,2.8,4.5,0.214,0.098,7.845,1.271,0.0,13.928
2025-12-31 23:00:00,4.79,85.09,2.9,4.5,0.1,0.117,7.639,1.239,0.0,13.594
